Temp,DO,PH,CONDUCTIVITY,BOD,NITRATE_N_NITRITE_N,FECAL_COLIFORM,TOTAL_COLIFORM,year,WQI,quality
30.6,6.7,7.5,203,1.8965,0.1,11,27,2014,63.7783209,2
29.8,5.7,7.2,189,2,0.2,4953,8391,2014,175.3635058,0
29.5,6.3,6.9,179,1.7,0.1,3243,5330,2014,126.1358307,0
29.7,5.8,6.9,64,3.8,0.5,5382,8443,2014,195.1056588,0
29.5,5.8,7.3,83,1.9,0.4,3428,5500,2014,141.3932455,0
30,5.5,7.4,81,1.5,0.1,2853,4049,2014,127.9717464,0
29.2,6.1,6.7,308,1.4,0.3,3355,5672,2014,123.5710913,0
29.6,6.4,6.7,414,1,0.2,6073,9423,2014,179.4924371,0
30,6.4,7.6,305,2.2,0.1,3478,4990,2014,147.3791638,0
30.1,6.3,7.6,77,2.3,0.1,2606,4301,2014,129.2725107,0
27.8,7.1,7.1,176,1.2,0.1,4573,7817,2014,151.2726151,0
27.9,6.7,6.4,93,1.4,0.1,2147,3433,2014,88.2180229,1
29.3,7.4,6.8,121,1.7,0.4,11633,18125,2014,307.3618142,0
29.2,6.9,7,620,1.1,0.1,3500,6300,2014,125.664229,0
30,6,7.5,72,1.6,0.2,4995,9517,2014,176.7376249,0
29,7.3,7,247,1.5,0.2,1095,2453,2014,73.21271449,2
29.1,7.3,7,188,1,0.1,1286,3048,2014,73.11480116,2
28.7,7,6.9,224,1.2,0.3,3896,6742,2014,133.1159287,0
28.7,7.3,6.7,144,1.5,0.1,1940,3052,2014,86.77740116,1
29.5,5.3,6.8,319,1.8,0.3,6458,10250,2014,202.282467,0
29,6.3,6.4,79,1.6,1.4,7592,12842,2014,214.4563041,0
29.4,5.4,7.6,39,1.4,0.1,3176,6367,2014,138.6786533,0
28.3,2.2,6.5,322,4.7,1.2,11210,14920,2014,343.8046226,0
30.1,5.2,7.1,192,2.6,0.3,5073,8925,2014,184.1252139,0
30.3,5.6,7.5,282,1.8,0.1,3205,5082,2014,139.9329394,0
30.5,5.5,7.4,275,1.5,0.1,4698,8625,2014,169.7956464,0
29.1,7.3,6.7,55,1.4,0.1,2638,4003,2014,101.5076412,0
30.1,6.5,7.5,415,2,0.1,864,1538,2014,84.88703681,1
29.2,7.2,6.3,100,1.5,0.1,7942,13575,2014,215.2640681,0
25.1,6.6,7.8,95,4.9,0.2,16,36,2014,96.15404319,1
29.6,6.9,7.9,99,5,0.4,15,34,2014,97.33218899,1
27.4,6.8,7.7,85,5.2,0.3,11,23,2014,96.00684261,1
27.8,6.7,7.8,80,4.9,0.3,12,29,2014,95.59064957,1
30.6,5.1,7.3,3937,10.3,1.8,31,83,2014,143.8531609,0
25,5.6,7.9,468,3.6,1.9,66,164,2014,92.59439942,1
25,6.4,7.6,541,5.7,0.6,23,45,2014,101.0243504,0
25,5.5,7.4,6166,7.7,1.1,44,67,2014,121.3472397,0
25.1,6.7,7.6,83,4.8,0.2,28,76,2014,91.58711623,1
26.1,3.6,7.4,4424,31.3,2.2,276,474,2014,344.3488586,0
21.4,7.2,7.7,226,3.1,0.8,233,130,2014,80.50872145,1
27.4,5.9,7.4,268,6.4,0.4,37,68,2014,106.3867186,0
27.1,5.4,7.5,2413,7.4,1.5,59,116,2014,120.46908,0
27.2,5.8,7.3,384,5.4,0.6,37,78,2014,96.32939217,1
27.3,5.9,7.4,269,5.1,1.2,34,60,2014,94.89874522,1
27,6,7.3,269,8.5,0.4,32,58,2014,122.6463516,0
27.2,6.1,7.3,196,6.1,0.5,30,63,2014,100.872238,0
27,5.9,7.4,269,6.4,0.4,19,47,2014,105.9845186,0
22.6,6.3,7.8,223,4.6,0.9,15,32,2014,95.02341739,1
28.4,6.7,7.3,9293,3.5,1.8,233,0,2014,81.58642957,1
28,6.8,7.2,170,3.1,1.4,233,0,2014,73.77774928,2
27.6,6.8,7.3,4175,3.3,1.6,233,0,2014,78.18711594,1
27.9,6.9,7.3,4282,3.3,1.6,233,0,2014,77.72956899,1
28.1,6.9,7.3,5551,3.4,1.7,233,0,2014,78.90488232,1
27.1,6.8,7.9,5390,4.9,0.8,15,28,2014,98.13450928,1
27.6,6.6,8.1,161,4.6,0.3,16,32,2014,98.73101652,1
27.3,6.7,8,138,5,0.3,14,33,2014,100.0056896,0
27.8,6.7,7.8,81,4.9,0.3,14,35,2014,95.63638957,1
28,5.9,7.7,194,5.5,0.6,22,51,2014,103.2982652,0
28.1,6.3,7.6,186,4.6,0.6,13,31,2014,91.46605739,1
28.6,6.6,7.6,207,4.7,0.7,12,31,2014,90.90144986,1
26.9,6.8,7.7,85,5,0.4,15,34,2014,94.33819594,1
23,7.1,7.4,176,2.7,0.9,233,30,2014,72.21894174,2
23,7,7.4,178,2.7,0.9,233,40,2014,72.7026687,2
23,7.2,7.2,180,2.7,1,233,70,2014,68.28646812,2
25.1,6.7,7.5,85,1.4,1,183,420,2014,63.3434029,2
24.6,5.8,7.4,77,1.4,0.8,285,691,2014,68.22737884,2
25.7,6.6,7.5,75,1.4,0.7,183,448,2014,63.79564986,2
24.8,6.7,7.5,82,1.4,1,161,443,2014,62.8616029,2
27.3,6.7,6.9,56,0.9,0.2,82,172,2014,46.12089623,3
27.5,6.5,6.7,2240,1.2,0.2,136,304,2014,47.96959014,3
25.2,6.3,6.9,73,1.6,0,787,2008,2014,70.20793739,2
29.9,7,7.4,130,0.7,0.1,301,590,2014,56.52444203,2
29.8,6.6,7.7,191,1.6,0.2,362,661,2014,73.01166319,2
27.8,6.9,6.9,134,1.1,0.4,249,531,2014,50.73782899,0
26.7,7,7.5,80,0.8,0.4,2573,3583,2014,110.037102,0
25.8,6.7,7.4,14526,0.8,0.6,1411,1969,2014,86.90906957,1
26.4,7.2,7.4,82,0.7,0.5,840,1311,2014,67.66596145,2
29.8,7.5,7.2,67,1.1,0.1,76,590,2014,49.20144725,3
28.6,3,6.6,965,1.7,1.2,247,530,2014,69.82928696,2
26.9,5.9,7.4,17990,0.7,0.5,1888,2803,2014,101.3488919,0
26,6.7,7.5,90,1.6,0.9,199,473,2014,65.46922957,2
23.6,6.1,7.4,4429,2,1.6,243,550,2014,72.18100464,2
30.3,6.7,6.9,87,1.7,0.2,155,350,2014,54.86177623,2
30.7,6.9,6.8,85,1.6,0.2,82,206,2014,49.63298232,3
28.7,2.1,6.8,101,1.6,0.8,431,694,2014,80.61453623,1
28.2,2.5,6.9,83,1.9,0.3,353,656,2014,81.29100174,1
24.8,7.2,7.6,75,1.4,1,188,426,2014,62.78358812,2
29.2,6.1,7.6,281,1.2,0.7,384,718,2014,70.71350464,2
26.6,6.7,7.6,106,0.5,2.5,44,71,2014,54.1325429,2
30.4,7.6,7.1,58,1.2,0.1,163,961,2014,49.87190029,3
25.5,1.9,7.7,2941,26.9,2.8,10875,37375,2014,560.8819968,0
25.1,7.4,7,35,0.1,0,165,409,2014,39.26764087,3
28.9,6.4,7.2,63,1.3,0.4,121,535,2014,57.27812377,2
28.8,5.4,6.7,65,1.1,0.3,60,144,2014,50.19398,0
29.3,5.6,7.3,90,1.6,0.4,268,705,2014,68.81045942,2
29.5,7.1,8,728,1.2,0.4,374,697,2014,72.68655507,2
28.4,5.9,6.8,13953,1.5,0.4,70,166,2014,56.35747855,2
26.9,7.4,6.9,57,1.1,0.3,70,159,2014,44.26678087,3
25.8,7.2,7.2,41,0.7,0.2,441,658,2014,55.19058145,2
26.6,6.5,7.4,71,0.6,0.3,4192,7018,2014,145.4588235,0
25.3,6.8,7.1,81,0.8,0,389,1268,2014,55.23606261,2
28.2,6.8,6.9,68,1.7,0.1,449,660,2014,60.93117594,2
28.5,6.6,7,70,1.4,0.1,550,822,2014,63.24192986,2
27.6,6.4,7.7,100,0.6,0.9,56,88,2014,58.28969043,2
29,7.3,6.9,96,1.9,0.2,89,825,2014,52.39353449,2
27.5,6.8,6.6,49,0.5,0.4,1719,2950,2014,73.70019594,2
27.8,6.9,6.8,59,0.6,0.5,1916,3375,2014,82.03664232,1
30.2,7.1,6.8,14410,1.8,0.1,65,468,2014,53.26371507,2
25.3,6.7,7.1,66,0.6,0,222,626,2014,50.11150957,0
25.3,7.2,7,59,0.6,0,165,433,2014,44.66637478,3
25.8,6,7.6,120,1.3,1.1,212,523,2014,68.24400493,2
27.2,5.2,6.8,55,0.6,0.7,171,313,2014,50.99796725,0
28.1,4.8,6.8,86,0.7,0.8,208,332,2014,54.64714841,2
28.3,3.9,6.9,62,0.5,0.7,155,284,2014,57.74445768,2
28.1,5,6.9,3185,1.8,0.4,290,667,2014,67.68212116,2
27.7,7,7,36,1.1,0.2,276,541,2014,52.54821536,2
28,6.3,6.9,64,1.2,0.3,381,815,2014,57.46289739,2
28.2,6.2,6.9,86,1.3,0.2,372,1007,2014,58.66643101,2
28,5.7,6.8,2640,1.9,0.5,385,759,2014,65.4744858,2
28.1,5.7,6.9,53,3.1,0.4,574,1205,2014,81.52783246,1
28.1,6.6,7.1,2007,1.3,0.2,356,785,2014,60.23426319,2
28.1,6.6,7,46,1.3,0.3,228,472,2014,55.18011652,2
27.3,6.5,6.5,43,0.9,0.4,87,188,2014,40.27209681,3
28.3,6.7,6.3,54,0.9,0.1,136,610,2014,36.9832829,3
29.1,4.3,7.2,113,1.8,0.4,188,796,2014,73.35606986,2
28.7,4.6,6.7,12561,1.5,0.6,72,171,2014,60.63653565,2
28.5,7.7,6.9,61,1.6,0,88,554,2014,47.7023,3
26.6,5.8,6.5,61,1,0.4,70,151,2014,44.14502551,3
31,4.5,6.9,1614,2.1,0.6,131,230,2014,68.80936261,2
28.8,6.6,7,14487,0.9,0.3,55,103,2014,50.91185652,0
25.3,6.9,7.5,54,0.6,0,319,1633,2014,58.45593565,2
25.9,5.5,7.6,569,1.3,0.9,18,141,2014,66.35491304,2
26.5,5.4,7.8,310,0.8,2.4,7,107,2014,65.73844,2
18.9,7.1,7.8,516,0.7,0.5,2,1238,2014,56.65066841,2
20.5,6.9,8,505,0.9,0.7,2,1563,2014,62.94618899,2
27.1,7.3,7.3,109,2.4,3.4,18,65,2014,62.37996116,2
26.3,7.5,7.5,83,2.1,2,22,74,2014,62.16578058,2
29.1,6.4,7.2,102,1,0,137,1223,2014,55.09233043,2
28.4,6.5,7.1,92,1,0,155,1342,2014,53.29702348,2
24.7,7.7,7.9,232,1.3,0.8,30790,40500,2014,749.8341067,0
24.4,7.5,7.8,519,2.1,0.7,38700,53556,2014,933.8774072,0
22.7,7.3,7.2,103,0.7,1.7,4871,13810,2014,155.6835745,0
24.8,7.4,7.9,196,0.7,0.6,5323,15213,2014,177.5525409,0
24,7.4,7.8,244,1.9,1,20880,12473,2014,529.7001342,0
22.8,7.5,8,243,1.7,0.9,8780,30319,2014,267.4256139,0
26.8,7.2,8,296,1.5,0.7,1468,4314,2014,99.77196812,1
25.3,7.5,7.9,194,1,1,2906,8559,2014,124.8907672,0
27.1,7.4,7.9,170,0.8,0.9,4948,16709,2014,170.5064409,0
29,6.7,7.3,386,1.8965,0.2,233,465,2014,65.36007423,2
32,6,7.1,13000,1.8965,0.4,233,465,2014,68.05262959,2
29.3,6.5,7.4,1063,2,0.6,177,374,2014,67.90948348,2
22.8,6.8,6.6,63,2.9,0.1,11,36,2014,56.52739594,2
24.5,6.6,6.4,101,2.5,0.2,13,41,2014,50.54136319,0
25.5,6.6,6.5,136,2.5,0.2,13,45,2014,52.28594319,2
29,6.7,6.9,226,2.2,0.2,12,38,2014,56.08941623,2
23.8,6.7,6.3,72,2.7,0.2,9,32,2014,49.99791623,3
22.8,6.7,6.4,61,4.6,0.1,10,34,2014,68.5619029,2
29,6.6,7.2,1300,2.7,0.2,21,60,2014,66.64452319,2
29,6.7,7,461,2.5,0.1,17,51,2014,60.6351429,2
23,6.6,6.2,69,2.5,0.1,11,38,2014,47.00652986,3
29,6.8,6.9,241,2.5,0.1,14,48,2014,58.30269594,2
25.7,6.5,6.6,159,2.4,0.2,11,41,2014,53.57781014,2
25.7,6.6,6.7,170,2.5,0.2,10,34,2014,55.69670319,2
27,6.7,7.3,198,1.8965,0.52,233,465,2014,65.3537009,2
22.7,5.8,7.2,640,6,4.3,1450,4073,2014,132.4716455,0
19,4.8,7.6,1090,22,3.6,30500,52500,2014,938.5399217,0
23,5.5,7.3,705,10,5,2020,5433,2014,184.0459397,0
24,5.1,7.4,1375,23.7,5.9,27333,50333,2014,878.5197875,0
24.7,5.5,7.4,745,10,6.1,12167,29333,2014,415.4177064,0
25,5,7.6,975,16.3,6.1,11167,21667,2014,453.3268212,0
22,4.9,7.7,1385,27.5,7.7,42500,72000,2014,1258.484001,0
24.3,5,7.3,1067,19.3,6.2,21467,39533,2014,706.2665145,0
23.3,5.3,7.2,970,13.3,5.9,3167,7133,2014,238.3631136,0
19.5,4.9,7.7,1418,21,4.2,28000,49500,2014,875.1705948,0
21.5,4.1,7.5,1015,23,6.1,35000,57500,2014,1049.830364,0
20,4.8,7.4,854,17,4.7,20500,38000,2014,666.6862684,0
27,6.7,8.2,198,19.8,0,233,465,2014,239.4026296,0
27,6.7,7.9,198,18.2,0,233,465,2014,220.0314296,0
32.6,4,6.8,370,3,0.8,4,9,2014,74.33846406,2
23.6,7.8,7.8,376,1.3,0.4,9,17,2014,58.43860638,2
23.9,7.7,7.7,354,1.3,0.3,12,22,2014,57.23532,2
24.5,7.6,7.9,344,1.6,0.4,12,22,2014,63.85274029,2
27,6.7,7.2,198,88,0,233,465,2014,825.7490296,0
18.1,4.4,7.1,694,41,1.2,92,224,2014,416.1052296,0
25.1,5.9,8,401,0.9,0.7,4,15,2014,67.43781855,2
22.3,6,7.2,106,0.8,0.4,4,15,2014,52.08583159,2
23.7,5.6,7.9,326,1.1,0.8,4,4,2014,68.90749275,2
23.9,6.2,8.1,592,1,0.7,4,6,2014,68.65579768,2
25.5,7.2,7.5,119,2.3,3.8,33,74,2014,65.82726145,2
25.1,7.2,7.5,120,2.3,4.1,31,67,2014,65.81454145,2
25.2,7.5,7.3,82,1.8,2.8,30,70,2014,56.30134725,2
23.2,7.5,7.5,111,2.4,3,293,506,2014,71.02101391,2
20.1,5.3,3.3,831,7.7,3.2,18,36,2014,49.60789362,3
18.3,7.2,7.2,56,1.7,2.6,21,42,2014,54.89076145,2
19.3,7.5,7.2,66,1.6,2.5,22,44,2014,52.57610725,2
24,7.8,7,74,2.3,4.3,28,108,2014,54.20248638,2
21.2,7.3,6.6,274,2.5,2.4,176,386,2014,54.60254783,2
26.3,7.4,7.3,67,1.8,2.5,25,55,2014,56.6325342,2
25.5,7.2,7.4,82,2,2.8,26,61,2014,61.16062812,2
20,7.3,7.1,55,1.9,2.5,24,53,2014,54.50164116,2
20.3,7.3,7.1,57,2,2.4,24,50,2014,55.37568783,2
19.4,6.6,7.1,114,2.6,2.8,2142,3108,2014,111.5913299,0
21,7.3,5.6,56,1.8,2.1,16,34,2014,27.35194783,3
19.2,5.1,7,105,3.6,4.7,351,780,2014,86.03612754,1
18.3,7.3,7.1,51,1.6,2.4,19,40,2014,51.72086783,2
19.6,7.7,7.2,50,1.6,2,19,36,2014,51.48768667,2
23.7,7.6,7.3,115,2.1,3.7,301,528,2014,64.67138029,2
18.2,6.2,7,81,2.4,5.1,36,79,2014,63.04450435,2
18.8,7.2,7.1,66,1.9,3.4,28,63,2014,55.17414812,2
18.9,7.4,7.1,57,1.5,2.9,13,40,2014,50.27796754,0
25.1,7.5,7.4,144,1.7,3.5,26,59,2014,57.15150058,2
18.8,7.1,7.1,63,1.9,5.6,22,48,2014,55.75920841,2
20.2,7.3,7.2,65,1.9,3.3,24,48,2014,56.32620783,2
20,7.3,7.3,65,2,3,25,54,2014,58.93802783,2
18.8,3.9,7.1,233,17,10.5,13174,22223,2014,500.9300243,0
18.2,7.2,7,66,1.9,3.7,28,60,2014,53.47028812,2
22.1,7.7,7.2,62,1.6,3,27,59,2014,51.78152,2
17.6,7.3,6.9,61,2.2,2,25,52,2014,53.65377449,2
18.7,3.2,7.1,258,23.5,10.3,31833,54083,2014,981.1923664,0
23.1,7.2,7.2,124,6.9,4.5,348,552,2014,108.4827548,0
22.6,7.2,7.1,65,2.1,2.4,56,120,2014,57.46633478,2
20,7.5,7.3,64,1.9,3.3,21,42,2014,57.03219391,2
19.9,7.6,7.3,65,1.9,3.8,21,43,2014,56.60621362,2
24.5,7.1,7.3,269,1.4,0.1,233,115,2014,58.92703507,2
24.4,7.2,7.3,275,1.5,0.1,4,68,2014,54.26122812,2
23.6,6.9,7.1,186,1.6,0.1,233,29,2014,58.15042899,2
23.5,6.8,7.1,201,1.4,0.2,233,86,2014,56.88788928,2
27.3,6.2,7.8,165,2.1,0,282,340,2014,79.23180435,1
29.1,6.4,7.8,158,4.1,0.5,458,500,2014,99.9515571,1
26.6,6.6,7.9,210,4.2,1.9,510,572,2014,102.9401299,0
27.1,7.3,7.9,693,0.5,1,161,173,2013,59.02730116,2
27.3,5,7.6,1676,1.8,8,329,174,2013,81.08651449,1
24.5,6,7.7,1863,8.6,1,47,1183,2013,131.4708316,0
27.5,5.3,7.8,817,2.8,1,9,23,2013,83.90772029,1
28.4,4.5,8.3,1287,1.5,11,116,5,2013,88.48628928,1
27,6.7,7.3,198,1.8965,0,233,2,2013,65.19498757,2
27.6,6.8,8.2,1862,2.5,0.87,7,64,2013,81.16032261,1
27,5,8,198,0.7,0,233,465,2013,75.03590783,0
27,3,7.7,198,0.4,0,233,465,2013,76.79404696,1
27,6.7,8.1,2520,7.2,1,6,41,2013,121.6416229,0
29,8.2,8.4,606,2.9,0,233,465,2013,86.14928522,1
30,5.6,7.5,41,2,0.08,7022,13410,2013,227.8359928,0
30.4,5.5,6.7,209,0.8,0.17,1893,2915,2013,88.19367971,1
30.8,5.5,7.1,123,1.5,0.09,3293,6264,2013,132.983193,0
30.3,5.3,7.3,182,1.5,0.08,1976,3080,2013,107.6230736,0
30.1,6,7.6,100,1.2,0.17,5129,6086,2013,177.1422849,0
29.9,5.7,6.9,111,1,0.14,939,3061,2013,71.3977858,2
29.1,6.4,7.1,140,1.1,0.1,4464,7908,2013,151.3582238,0
29.9,6.2,7.8,44,2,0.06,9429,9320,2013,282.4508443,0
29.8,6.1,7.6,43,1.8,0.06,6668,9554,2013,216.7226913,0
27.9,7,6.9,64,1.1,0.09,1641,2841,2013,81.4788487,1
28.2,6.6,6.5,62,1,0.14,4073,7190,2013,130.2830032,0
29.6,7,6.8,304,2,0.49,12140,23867,2013,324.459802,0
28.8,7,7,55,1.2,0.66,1298,2813,2013,76.5739287,1
29.5,6.3,7.6,213,1.5,0.06,3803,7069,2013,149.2791174,0
29.8,6.7,6.8,83,1.2,0.17,2140,3559,2013,93.27009623,1
29.7,7.1,6.6,76,1,0.12,2367,3527,2013,91.10600174,1
28.7,6.7,6.6,107,1.3,0.22,2461,3757,2013,97.8317029,1
27.9,7.2,6.7,89,0.9,0.06,832,1996,2013,57.21169478,2
29.3,4.2,6.7,192,2,0.16,4448,9286,2013,162.9324968,0
28.6,6.3,6.6,79,1.6,0.19,2830,6054,2013,111.0624507,0
29.8,5.6,7.7,142,1.7,0.14,1831,3644,2013,111.8115528,0
28.6,2.8,6.4,424,3.2,0.35,12658,21036,2013,359.1799275,0
30.6,5.2,7.1,306,2.6,0.34,1411,1525,2013,101.5964672,0
30.3,5.6,7.7,40,1.5,0.07,4153,7130,2013,162.0941794,0
30.4,5.5,7.7,40,1.5,0.08,7086,12282,2013,228.5290997,0
29.6,6.9,6.7,63,0.9,0.21,691,1132,2013,55.35945565,2
29.6,6.3,7.6,227,1.7,0.08,3622,3612,2013,146.2941441,0
29.5,7.1,6.6,68,1.1,0.13,4124,8167,2013,131.8410351,0
26.7,6.9,7.7,121,3.3,1,77,163,2013,80.28080899,1
29.3,7.2,8.2,112,3.3,1,39,94,2013,86.66058812,1
28,6.9,7.7,103,3.7,0.57,48,103,2013,83.11653565,1
28.2,6.9,7.6,104,3.5,0.75,37,79,2013,79.38165565,1
26.5,6.4,7.4,1003,4.3,2.89,524,753,2013,96.73942377,1
20.7,6.3,8.3,408,2.7,1.58,64,157,2013,88.11006406,1
27.2,6.7,7.8,105,3.6,1,43,89,2013,84.8633829,1
27.5,6.3,7.6,209,4.4,1.86,48,98,2013,90.62671739,1
26,5.9,7.6,13768,5,1.79,166,300,2013,103.4898319,0
26.5,7.3,7.7,86,3.2,1,50,93,2013,76.85146116,1
27,3.6,7.4,6487,30.5,1.5,534,745,2013,343.4060052,0
27.3,6.3,8.3,999,3.3,1.78,4,112,2013,92.23725072,1
28.7,7.2,7.7,125,3.3,1,39,89,2013,77.98234812,1
28.4,7.1,7.5,127,3.4,4.4,17,63,2013,75.75688841,0
28.7,7.1,7.4,5300,38,1,388,667,2013,389.3983951,0
28.7,7.2,7.6,127,3.2,1,22,51,2013,74.97752812,2
28.7,7,7.6,126,3.3,1,20,63,2013,76.78312203,1
28.7,7.2,7.6,126,3.4,1.89,29,64,2013,77.00257478,1
28.7,7.1,7.8,112,3.2,0.63,43,88,2013,79.35910174,1
29.3,6.8,7.7,9590,3.6,4.57,3,124,2013,84.24701594,1
28.3,6.8,7.4,174,3.7,2.26,4,124,2013,77.62223594,1
28.7,6.8,7.6,2572,3.3,4.22,4,118,2013,78.29396928,1
29.2,6.7,7.8,6030,4.4,4.78,4,138,2013,92.8106429,1
28.7,6.8,7.7,7207,3.9,4.25,3,120,2013,86.34248928,1
27.2,6.8,8.1,167,3.8,1,32,85,2013,91.13035594,1
27.2,6.8,8,173,3.5,1,53,98,2013,87.20703594,1
27.2,7,8,168,3.6,1,44,83,2013,86.92676203,1
28,6.9,7.9,131,3.5,0.75,41,96,2013,84.68773565,1
26.2,7,7.6,125,3.5,0.6,33,63,2013,78.7968687,1
26.2,7.2,7.5,132,3.3,0.9,38,88,2013,74.47863478,2
28.2,7.2,7.7,119,3.3,1,35,68,2013,77.88800812,1
24.5,6.9,7.5,159,2.8,1,3,82,2013,70.73794899,2
24.5,6.7,7.7,141,3.3,3,4,90,2013,79.83668957,1
24.5,7.3,7.7,132,2.9,2,3,88,2013,73.27551449,2
24,6.4,7.3,76,1.7,0.62,199,788,2013,64.3612971,2
24.9,6,7.1,85,1.7,0.53,262,538,2013,64.14308493,2
24.3,6.3,7.1,69,1.3,0.57,248,593,2013,58.86257739,2
24.8,6.5,7.3,76,1.6,0.55,226,545,2013,63.53059681,2
26.4,6.7,6.6,60,1.2,0.34,228,435,2013,46.8691429,3
27,7,6.6,3544,1.5,0.37,208,435,2013,48.40924203,3
26.6,6.7,7.3,51,0.8,0.35,547,1567,2013,62.77839623,2
28.6,6.9,7.7,107,0.7,0.46,255,443,2013,61.19888899,2
28.8,6.7,7.9,173,0.9,0.56,191,426,2013,66.01077623,2
28,5.6,6.9,126,1.2,0.67,266,990,2013,58.38159942,2
27.4,7.3,7.4,70,0.8,0.31,2984,4208,2013,116.0664012,0
27.5,6.9,7.4,12754,0.8,0.29,1807,2557,2013,94.40412232,1
26.8,7.1,7.4,80,0.6,0.5,1921,2831,2013,91.48590841,1
30,7.2,6.9,62,1.3,0.11,33,150,2013,46.16000145,3
28.8,3.4,6.7,2965,2.3,1.11,271,1236,2013,76.06801913,1
27.4,6.1,7.2,15871,0.9,0.25,1667,2975,2013,93.34534464,1
24.8,6.4,7.2,120,1.9,0.77,258,618,2013,65.6882771,2
23.6,6.2,7.2,7448,2,1.01,184,483,2013,67.50895101,2
29.8,6.6,6.9,77,1.6,0.29,264,756,2013,56.96352319,2
30.2,6.8,7,72,1.7,0.2,249,785,2013,58.28648928,2
28.2,2.9,6.7,305,2.2,1.28,403,1623,2013,80.02398058,1
27.7,3,6.6,86,2,0.39,357,1319,2013,74.80752696,2
23.9,6.7,7.1,79,1.6,0.34,313,738,2013,61.0392829,2
27.8,6.1,7.8,2905,1.3,0.54,422,997,2013,76.5316713,1
26.4,6.9,7.4,112,0.5,0.35,50,67,2013,49.59634232,3
29.6,7,6.9,51,1.1,0.18,44,317,2013,45.6368487,3
27,3.1,7.2,1416,13.2,4.41,2992,19917,2013,246.94202,0
26.3,7,7.1,30,0.5,0.32,211,496,2013,47.53841536,3
30,6.1,7,59,1.8,0.58,89,282,2013,58.93132464,2
28,6,6.4,61,2.1,0.28,87,300,2013,51.57941159,2
30.1,6.3,7,105,2.8,0.37,142,543,2013,68.03703072,2
27.9,6.9,8.1,502,0.9,0.72,382,615,2013,72.87315565,2
27,5.9,6.7,14662,1.5,0.52,144,377,2013,56.47239855,2
26,7.8,6.8,49,1.4,0.3,122,319,2013,44.44467304,3
27.7,7.1,7.4,380,1,0.14,1527,66382,2013,100.3271684,0
27.1,7.3,7.2,67,0.9,0.38,6490,3471,2013,190.8070545,0
26.5,6.2,7.2,51,0.8,0.23,331,942,2013,58.52361101,2
28.5,7.2,6.8,69,1.2,0.45,706,941,2013,58.62483478,2
28.7,6.9,6.7,75,2.5,0.4,526,701,2013,65.80474899,2
25.7,6.3,7.4,113,0.6,0.88,98,128,2013,54.50045072,2
29.3,7.6,6.8,79,1.6,0.31,48,109,2013,45.50334029,3
27,7,7.2,57,0.6,0.46,2117,3558,2013,92.97710203,1
27.1,6.8,7.2,105,0.6,0.39,1200,2392,2013,73.41996261,2
30.3,6.3,6.7,2315,1.3,0.17,55,278,2013,48.03436406,3
30.4,6.4,6.9,18569,1,0.27,40,277,2013,51.62477043,2
26.2,6.6,7.3,45,0.6,0.39,228,940,2013,54.30429652,2
26.2,6.9,7.2,42,0.5,0.18,151,774,2013,48.47799565,3
25.1,6,7.3,92,1.7,0.56,256,597,2013,67.50028493,2
27.4,6.1,7.2,59,0.7,1.04,181,311,2013,54.75599797,2
28.1,4.5,6.9,1190,0.7,1.17,218,388,2013,58.34306261,2
28.3,4.2,7,69,0.6,1.04,240,420,2013,60.86953014,2
28.2,6,7,5569,2.2,0.68,473,1894,2013,73.01738493,2
27.2,7.3,7,34,1,0.27,234,927,2013,49.38368783,3
27.4,6.3,7,44,1.6,0.32,487,1876,2013,65.31350406,2
28.2,6.4,7.2,49,1.4,0.23,362,1357,2013,63.6485971,2
27.9,5.9,7,3272,2.2,0.62,330,1284,2013,69.69207188,2
27.3,4.6,7,65,1.7,0.28,631,1937,2013,77.57324899,1
28.2,6.5,6.9,4650,2,1,340,1573,2013,63.92843681,2
28.2,6.5,7,42,1.4,1,249,1221,2013,57.25093681,2
26.7,6.4,6.4,45,1.2,1,142,376,2013,42.99568377,3
28,6,6.1,56,1.2,0,136,438,2013,39.48615826,3
29.7,5.3,6.8,99,2.8,0.79,106,523,2013,68.62050029,2
28.9,6.9,6.7,66,1.8,0,93,205,2013,49.88421565,3
26.4,6,6.6,67,1.5,3.69,168,398,2013,51.92601826,2
30,4.9,6.8,9107,1.6,1,208,614,2013,64.20138812,2
27.8,6.6,6.8,15525,1.1,0.06,149,347,2013,51.54345652,2
26.7,7.1,7.5,46,0.8,1,239,1097,2013,57.48581507,2
27,6,7.3,432,1.2,3,3,78,2013,57.71037826,2
26.8,6.1,7.7,328,1.2,1,3,211,2013,63.96100464,2
19,5.8,7.8,707,0.6,0.85,2,1100,2013,62.06952551,2
21.4,6.1,8,674,0.9,1,2,1260,2013,66.79820464,2
27.1,7.3,7.3,164,2.3,1,115,336,2013,63.44778116,2
26.3,7.6,7.4,122,2.4,1,223,834,2013,67.11284029,2
28.3,6.5,7.1,95,1,0,156,212,2013,53.07118348,2
27.9,6.5,7.1,56,1,0,30,79,2013,50.24874348,0
23.4,7.5,7.8,237,1.4,0.89,8281,18918,2013,247.7594806,0
23.5,7.6,7.6,3688,2.3,2.66,19264,32918,2013,498.5302336,0
22.4,7.3,7.5,82,1.2,1.58,15816,17512,2013,407.9987745,0
26.8,7.5,8,202,1.4,1.89,11771,23191,2013,329.4021739,0
26.5,7.3,7.9,232,2.9,2.23,9026,30836,2013,282.9675212,0
22,7.4,7.9,246,2.3,1.9,1850,3900,2013,112.6267142,0
27.6,6.9,8.1,3960,2,2.26,19058,22523,2013,501.098849,0
25.6,7.2,7.8,201,1.3,1.59,29937,31034,2013,729.6492748,0
26.5,7.3,8,221,1.2,2.26,16103,5289,2013,420.4373412,0
24,6.7,7.8,198,1,1,233,465,2013,66.1503629,2
28,8,7.7,401,1.8965,1,233,465,2013,66.14071046,2
28,8,8.2,1886,4,1,233,465,2013,93.76759246,1
28,7,8.2,742,5,1,233,465,2013,107.178782,0
27,7,6.4,149,4,1,233,465,2013,66.94832203,2
27.8,6.7,7.5,1088,1.7,0,194,474,2013,66.36530957,2
23.4,7.2,6.5,73,3.1,0,19,59,2013,54.81057478,2
25.4,6.7,6.3,98,3.3,1.5,21,74,2013,55.73140957,2
26.3,6.3,6.5,143,4,4,38,124,2013,67.99409072,2
29,6.6,6.9,260,5.4,1,17,53,2013,85.10564986,1
24.6,7.1,6.3,71,3.5,1,24,82,2013,55.58491507,2
23.5,6.9,6.3,65,3.5,0,17,52,2013,56.27513565,2
29,7.3,7.1,607,3.6,0.88,33,104,2013,69.70448116,2
27,6.1,7,446,5.2,0.56,26,77,2013,87.67367797,1
24,6.9,6.4,94,3.2,1.59,20,65,2013,55.60491565,2
28.7,6.8,6.8,451,9.4,0.55,22,58,2013,117.9198959,0
26.3,6,6.6,169,3.9,2,22,84,2013,69.71280493,2
25.7,6.5,6.7,187,3.3,3,32,113,2013,64.07284348,2
23.3,5.5,7.2,636,9.7,4,1328,4975,2013,164.1358664,0
22.8,4.7,7.3,1088,23.8,4,28250,56000,2013,900.834902,0
23.3,5.3,7.2,689,11.3,4,1350,6025,2013,179.9901003,0
21.8,4.9,7.3,1267,23.5,3,24750,54250,2013,819.4121748,0
24.3,5.3,7.4,852,13,4,13775,26750,2013,477.6983603,0
23.5,4.9,7.5,977,16.5,5,12375,30500,2013,482.3625414,0
24,4.4,7.4,1256,24.8,6,25250,55250,2013,846.6567896,0
23.5,4.8,7.2,1021,20.3,4,22875,43700,2013,746.1275751,0
23.3,5.1,7.3,971,14.8,5,2125,8425,2013,231.4971475,0
22.5,4.6,7.4,1284,24.3,4,21500,50000,2013,757.026109,0
26,4,7.4,1096,26,3,31750,57500,2013,1002.985337,0
25.8,4.4,7.3,1002,21.5,4,21000,43750,2013,718.9796429,0
27,6.7,6.9,910,13,0,233,465,2013,156.7976696,0
27,6.7,6.5,930,15,0,233,465,2013,167.5620696,0
27,5,7.3,198,33.9,0,233,465,2013,356.7703078,0
27,6.7,6.7,960,18,0,233,465,2013,197.5966696,0
30.7,4.8,7.6,295,0.8,0,4,9,2013,64.79940174,2
20.3,7.1,7.5,293,1.3,0,9,19,2013,56.53666174,2
20.7,7.1,7.5,316,1.4,0,13,22,2013,57.51598174,2
20.8,6.6,7.5,274,1.6,0,14,24,2013,61.70511652,2
20.6,4.9,7.4,407,16.3,0,51,120,2013,199.1400748,0
28,4.9,8.3,603,1,0,4,5,2013,78.30759478,1
23.4,5.5,7.4,138,0.8,0,4,6,2013,57.92459304,2
25.3,5.5,8.1,625,1.1,0,4,6,2013,72.83933304,2
31.1,5,7.3,305,1.7,0,4,12,2013,66.59888783,2
26.3,5.6,8.1,552,1.1,0,4,6,2013,72.34218609,2
22,7.3,7.3,402,2.1,0,4,32,2013,59.10042783,2
24.4,7.2,7.3,99,2.2,1,26,57,2013,61.00108812,2
23.7,7.2,7.4,102,2.2,1,25,56,2013,62.71542812,2
24.6,7.6,7.2,72,1.8,2.56,24,57,2013,53.92036029,2
23.1,7.1,7.5,131,2.2,3.2,239,413,2013,69.98736841,2
21.7,5.2,2.9,682,7.8,1.5,16,30,2013,43.76601391,3
18.2,7.3,7.1,47,1.3,2,15,48,2013,48.93401449,3
18.8,7.6,7.2,52,1.2,2,16,36,2013,48.36211362,3
23.8,8,6.9,64,1.8,3.38,23,49,2013,46.8520458,3
17.8,7.9,7.3,46,1.4,1,12,29,2013,50.22465942,0
18.7,7.4,7.2,53,1.9,3,14,32,2013,55.58516087,2
18.8,7.7,7.2,55,1.6,3,15,63,2013,51.51566,2
22.6,7.1,6.5,237,3.8,4.56,674,1072,2013,76.72106174,1
25.2,7.8,7.2,50,1.6,1.77,20,41,2013,51.00465304,2
24.8,7.3,7.3,71,2,2.66,21,47,2013,58.81223449,2
19.9,7.3,7,91,1.8,3.3,20,45,2013,51.88566783,2
20.7,7.4,7.1,49,1.7,2.44,19,42,2013,52.1293542,2
20.6,6.5,7.1,99,2.7,3.56,1967,2722,2013,109.0849901,0
21.5,7.5,5.7,50,1.5,2.21,10,23,2013,25.34586058,0
17.7,5.8,6.9,68,3.1,4.9,197,463,2013,73.04710551,2
17.9,6.9,7.2,44,1.4,2.66,14,33,2013,53.52566232,2
23.9,7.8,7.3,93,1.9,2.99,264,444,2013,61.02015971,2
18,6.6,7,66,2.3,4,29,63,2013,59.95316986,2
18.4,7.6,7.1,53,1.7,3,23,53,2013,51.32010696,2
18.8,7.8,7,47,1.4,2,8,35,2013,45.52021971,3
24.8,7.7,7.4,128,1.6,3.32,25,56,2013,55.25816667,2
19.3,7.1,7,54,1.8,2.58,20,43,2013,52.76054174,2
20.6,7.4,7,69,1.6,3.3,17,87,2013,49.57228087,3
20.7,7.5,7.2,58,1.6,2.25,21,46,2013,52.52535391,2
17.6,7.2,6.9,55,1.7,3.04,26,56,2013,49.84422812,3
22.7,7.9,7.1,55,1.2,3.55,23,50,2013,45.51075942,3
17.9,6.9,6.9,52,2.2,3.48,1576,45,2013,90.01351565,1
19.4,4.5,7.1,196,15.5,11,48611,43333,2013,1272.613929,0
23.7,7.2,7.1,107,6.7,5.56,303,476,2013,104.0772881,0
22.7,7.5,7,82,2.1,3.02,45,122,2013,54.11594058,2
23.6,7.1,7.5,189,1.9,1,233,465,2013,66.98283507,2
23.8,7,7.6,197,1.8,1,233,465,2013,68.31648203,2
23.5,7.2,7.9,158,1.9,0.95,233,465,2013,73.43346145,2
23.5,6.5,7.8,161,1.8,0.99,233,465,2013,74.18490348,2
27.4,6.6,7.7,165,1.7,0,280,325,2013,71.98315652,2
21.9,6.7,7.8,167,4.8,1,440,520,2013,104.3679429,0
27.5,6.6,7.7,183,3.7,1.55,415,575,2013,92.89908319,1
31,7.1,7.8,151,8,0.08,233,465,2012,126.0790884,0
28,7.2,7.4,319,0.7,0.18,5,10,2012,48.94339478,3
27,6.2,8.4,894,9,0.38,140,350,2012,147.792531,0
30,2.2,8,1835,17.9,0.86,10478,25478,2012,473.1322693,0
31,2,7.7,3165,32.3,3.44,11498,15173,2012,617.2048232,0
29,2.4,7.6,1500,6.2,1.31,3,13,2012,124.5333954,0
31,5.9,7.2,52,2.1,0.08,233,90,2012,69.10505188,2
30,6.1,6.8,408,1.3,0.17,1300,3808,2012,78.60409797,1
30,5.5,6.9,143,1.3,0.09,4100,11113,2012,146.646673,0
29,5.4,7.2,60,1.5,0.08,428,2309,2012,70.99872667,2
29,5.8,7.2,34,5.3,0.17,855,3322,2012,112.3756588,0
29,5.9,6.7,125,1.5,0.14,1638,5793,2012,87.44163188,1
28,6.4,6.7,175,1.3,0.1,772,3636,2012,63.65928377,2
30,6.2,7.7,39,1.3,0.06,1296,4517,2012,93.72138435,1
30,6.1,7.8,39,1.5,0.06,1032,5840,2012,92.1655313,1
27,7.3,6.9,61,0.7,0.09,1430,4388,2012,72.17136783,2
28,6.8,6.6,71,1.5,0.14,2495,3949,2012,99.89798928,1
29,7.4,6.5,129,2.3,0.49,5868,16691,2012,179.7546342,0
28,7,6.8,503,1.6,0.66,965,2404,2012,69.2920087,2
29,6.3,7.5,31,1.6,0.06,1466,4267,2012,96.12413739,1
29,7.1,6.8,70,0.8,0.17,716,3567,2012,56.33344841,2
30,7.3,6.8,69,1.2,0.12,457,2446,2012,52.93586783,2
28,6.7,6.6,118,1,0.22,1104,3496,2012,65.1314029,2
28,7.4,6.8,80,1.3,0.06,274,1404,2012,49.06230087,3
29,4.5,6.6,250,2.4,0.16,1572,5889,2012,98.99985594,1
28,6.1,6.9,74,1.8,0.19,1074,3937,2012,79.72858464,1
30,5.9,7.3,44,1.6,0.14,962,2794,2012,83.12563188,1
30,2.4,6.5,195,4.8,0.35,7980,14217,2012,272.0691154,0
31,4,6.8,207,1.8,0.34,818,2280,2012,82.11893072,1
29,5.4,7.6,40,1.6,0.07,290,1330,2012,75.55725333,0
30,5.3,7.6,41,1.4,0.08,952,2517,2012,89.16059362,1
29,7,6.9,54,0.8,0.21,667,3059,2012,57.3567287,2
29,5.9,7.7,44,2.1,0.08,1200,831,2012,99.31701188,1
29,7.1,6.5,60,1.7,0.13,2926,8163,2012,108.9377951,0
29,6.9,7.7,99,3.3,0.56,53,123,2012,79.68866232,1
30,6.6,7.9,123,3.2,0.52,44,104,2012,83.51654986,1
27,6.6,7.7,220,3.6,0.65,25,77,2012,83.19506319,1
27,6.8,7.7,219,3.4,0.63,23,75,2012,80.41544261,1
27,4.8,7.2,5429,8.4,2.08,177,408,2012,130.3985751,0
23,6.4,8,493,4.2,3.91,17,68,2012,94.91414377,1
29,6.8,7.6,100,3,0.54,124,295,2012,77.38312261,1
29,6.7,7.5,316,4.6,0.6,47,132,2012,88.60792957,1
29,6.9,7.7,84,3.1,0.42,69,168,2012,78.26315565,1
28,6.9,7.9,312,2.7,1.58,4,107,2012,76.92142232,1
29,6.8,7.5,146,3,0.6,124,241,2012,75.65192261,0
29,6.7,7.3,127,2.9,0.59,100,209,2012,71.23309623,2
29,5.6,6.9,432,4.5,1.72,58,173,2012,82.99877942,1
29,6.5,7.3,126,3,0.59,132,284,2012,73.80395014,2
30,7.1,7.5,128,3,0.6,136,297,2012,74.48222174,2
30,6.4,7.3,129,3.1,0.6,68,191,2012,73.73713043,2
29,6.9,7.7,129,2.9,0.55,135,268,2012,77.99746899,1
25,7,7.9,153,2.9,0.55,30,86,2012,78.63312203,1
30,6.4,7.6,10165,3.7,2.14,5,139,2012,85.22888377,1
30,6.9,7.7,307,2.8,3.6,4,123,2012,74.55789565,2
31,6.3,7.7,322,3.5,1.1,4,116,2012,83.36924406,1
30,6.5,7.5,5835,3.4,1.72,4,126,2012,79.33271681,1
30,6.3,7.4,9245,4.7,2,4,134,2012,90.84906406,1
28,6.5,8.1,1907,4,0.55,46,115,2012,94.99361681,1
28,7,8,1896,3.5,0.64,190,245,2012,89.64460203,1
28,7,8,206,2.9,0.56,31,74,2012,80.40133536,1
27,6.8,7.8,239,3.3,0.56,33,77,2012,81.48442928,1
27,6.4,7.6,152,3.2,0.96,62,142,2012,79.73137043,1
26,6.7,7.7,146,3,0.89,30,73,2012,77.52235623,1
27,6.7,7.6,137,2.9,0.76,24,64,2012,74.7503829,2
28,6.6,7.8,228,3.5,0.57,30,79,2012,84.14981652,1
23,7,7.7,409,2.4,0.93,4,112,2012,70.2641087,2
22,6.8,7.6,263,2.9,0.81,4,123,2012,73.87346261,2
23,6.9,7.5,338,2.3,3.93,4,108,2012,66.69949565,2
26,7,7.2,79,0.8,0.62,279,637,2012,53.50741536,2
26,6.6,7,67,1.1,0.53,275,670,2012,54.52174319,2
26,6.6,7.3,59,0.7,0.57,281,541,2012,56.29577652,2
26,6.2,7.3,66,0.8,0.55,303,609,2012,59.60583768,2
26,7.1,7,67,1,0.34,170,538,2012,48.86079507,3
26,7,6.7,5341,1.1,0.37,158,528,2012,45.91524203,3
29,6.7,7.3,89,1.1,0.35,1163,2025,2012,79.15671623,1
28,6.2,7.3,136,1,0.46,296,676,2012,61.24183768,2
28,7.1,8.1,212,0.9,0.56,524,992,2012,75.05082841,0
29,6.3,6.3,134,1.2,0.67,224,780,2012,43.62535072,3
26,7.3,7.2,76,0.6,0.31,468,893,2012,54.49242116,2
26,7,7.3,11041,0.9,0.29,256,503,2012,57.96639536,2
28,6.8,7.1,75,0.8,0.5,693,1169,2012,61.98602928,2
29,7.4,7.2,61,0.7,0.11,54,255,2012,45.58160754,3
28,1.7,6.6,769,3.4,1.11,556,1717,2012,98.16889739,1
26,6.1,7.5,14083,1.4,0.25,920,2686,2012,86.01370464,1
26,6.6,7.2,92,0.8,0.77,332,660,2012,56.62738319,2
25,6.6,7.2,1348,0.8,1.01,392,810,2012,58.28894319,2
29,6,6.7,95,1.2,0.29,253,680,2012,52.58138493,2
29,6.6,6.8,78,1,0.2,275,626,2012,50.12120319,0
28,0.6,6.7,268,4.1,1.28,400,1308,2012,107.7640406,0
27,1.8,6.6,82,2,0.39,399,1410,2012,81.52791043,1
25,7.1,7.2,61,1,0.34,251,608,2012,54.13697507,2
27,6.6,8,310,1.1,0.54,517,783,2012,77.30935652,1
27,7,7.1,97,0.8,0.35,45,77,2012,46.45125536,3
29,7.3,7,51,0.7,0.18,65,258,2012,42.83990783,3
29,0.5,7.1,1717,21.2,4.41,3317,15833,2012,334.8805209,0
29,7,7.4,55,0.9,0.32,800,1400,2012,69.50849536,2
29,6.1,6.8,67,1.1,0.58,80,394,2012,49.09042464,3
27,7,6.7,61,1.3,0.28,168,248,2012,46.67360203,3
30,5.2,6.9,81,1.5,0.37,71,465,2012,58.49384725,2
27,6.1,8,510,1.1,0.72,784,1572,2012,85.8527513,1
27,6.5,6.9,12150,1.8,0.52,711,1481,2012,71.93441681,2
25,7.9,7.2,50,1.1,0.3,319,845,2012,52.72162609,2
25,7.5,6.9,34,0.9,0.14,110,256,2012,42.89808058,3
26,7,7.4,72,1,0.38,496,897,2012,63.57493536,2
29,7.3,7.3,99,0.9,0.23,1088,1788,2012,72.77923449,2
27,7.5,6.9,125,1.6,0.45,970,1400,2012,68.40607391,2
27,6.8,6.9,116,1.7,0.4,825,1260,2012,69.41613594,2
27,5.8,7.3,107,0.9,0.88,232,343,2012,60.83286551,2
28,7.1,7.2,85,0.8,0.31,67,184,2012,48.20889507,3
26,6.8,7.1,58,0.7,0.46,2010,3460,2012,90.70243594,1
29,5.7,7.3,13197,1.5,0.35,46,144,2012,65.2926258,2
27,6.7,7.1,58,1.2,0.39,964,1739,2012,72.10664957,2
28,7,6.9,3453,0.9,0.17,56,278,2012,44.87041536,3
29,6.5,7,14369,1.3,0.27,63,175,2012,55.09714348,2
28,6.6,7.3,70,1.4,0.39,838,1875,2012,75.07809652,0
29,7,7.3,60,0.8,0.18,631,1813,2012,63.2290487,2
26,6.3,7.2,97,0.8,0.56,357,880,2012,58.64968406,2
28,6,7,63,1.1,1.04,243,493,2012,56.71700493,2
28,4.4,7.1,113,1.5,1.17,358,722,2012,72.30828957,2
28,4.5,7.2,79,1,1.04,279,537,2012,67.32890928,2
28,5.1,6.9,1789,2.1,0.68,408,1946,2012,72.46930754,2
27,7.5,7.2,36,1.1,0.27,282,1134,2012,53.88549391,2
28,6.8,7,59,1.3,0.32,648,2267,2012,63.89988928,2
28,6.8,6.9,114,1.4,0.23,388,1785,2012,57.19930928,2
28,5.9,6.8,1108,2.2,0.62,386,1520,2012,67.03351188,2
28,4.9,6.7,88,2.2,0.28,480,2200,2012,72.07380812,2
28,6.8,6.9,1686,1.4,0.25,236,1223,2012,54.06449594,2
28,7.1,6.9,45,1.2,0.29,451,1636,2012,55.33654841,2
26,6.9,6.6,56,1.1,0.3,177,542,2012,43.91295565,3
28,6.5,6.3,49,1,0.22,87,323,2012,37.69663681,3
29,4.9,6.6,169,2.1,0.76,250,1241,2012,64.22892812,2
28,6.9,7.1,63,0.9,0.16,152,336,2012,50.21096899,0
26,6.6,6.7,69,0.8,0.38,185,464,2012,44.60786319,3
29,4.5,6.6,6381,2.1,0.34,196,435,2012,66.10327594,2
29,6.2,7.2,9326,1.3,0.22,61,141,2012,58.84579768,2
27,6.6,7.1,15158,1.1,0.26,126,810,2012,56.28614319,2
29,6.3,7.3,74,1.2,0.29,725,1813,2012,72.22996406,2
27,6,7.6,429,1.1,1.1,3,362,2012,61.88726493,2
27,6,7.8,308,1.1,1.47,3,343,2012,65.36891826,2
20,5.8,7.4,505,0.6,0.73,4,1517,2012,55.20390551,2
24,6.1,7.5,465,0.5,0.34,4,1458,2012,54.54702464,2
28,6.4,7.1,183,2.3,0.62,209,398,2012,66.3592371,2
27,7.1,7.4,135,1.9,0.72,419,995,2012,69.43154174,2
32,6.7,7.2,103,1,0.52,11,70,2012,50.6678829,0
30,6.8,7.1,106,1,0.52,13,137,2012,48.51039594,3
22,7.8,7.9,213,1.5,0.35,7742,15083,2012,236.1174997,0
22,7.7,8.1,312,2,0.75,12675,32017,2012,357.30688,0
24,6.9,7.6,99,1.6,1.39,3066,5395,2012,130.742149,0
27,7.3,8,230,1.6,0.69,2346,4348,2012,119.5717478,0
26,6.8,8.1,264,2.6,1.16,2428,5142,2012,134.6109293,0
25,7.2,8.1,272,3.1,1.46,2196,4586,2012,131.8976214,0
28,8,8.3,312,1.4,0.73,1618,4319,2012,103.5689725,0
26,7,8,199,1.8,1.11,1503,3573,2012,104.0237087,0
28,7.2,8.1,201,1.6,0.36,1239,2324,2012,96.83639478,1
31,6.8,7.8,505,2.1,0.02,233,465,2012,75.36686928,0
25,6.5,7.9,11170,3,0.3,233,465,2012,88.88984348,1
25,6.9,7.4,4990,3,0.37,233,465,2012,76.93354899,1
25,6.8,8.1,1516,1.8965,0.28,233,465,2012,79.02433394,1
27,6.8,7.5,890,2.1,0.51,274,589,2012,71.23052261,2
23,7.3,7.6,160,1.9,0.06,32,89,2012,63.12268783,2
25,7,7.7,111,2.2,0.08,53,131,2012,69.42229536,2
26,6.7,7.7,139,3.1,0.22,123,300,2012,80.4380029,1
29,7.2,7.2,288,2.1,0.14,33,91,2012,58.48962145,2
24,7,7.1,95,1.9,0.08,47,118,2012,56.21171536,2
24,7,7.5,84,1.7,0.06,32,87,2012,61.0423887,2
29,7.4,7,3101,15.6,0.15,76,174,2012,175.1459609,0
29,7.2,7.3,510,2.9,0.08,46,123,2012,67.64384145,2
24,7.1,7.4,88,1.8,0.07,34,90,2012,59.75733507,2
29,7.2,6.9,338,3.8,0.07,44,104,2012,68.57932812,2
26,6.7,7.6,162,3.3,0.16,90,249,2012,79.7303829,1
27,6.7,7.6,182,4.1,0.15,92,251,2012,86.85992957,1
27,6.8,8,414,3.1,0.88,233,465,2012,87.76487594,1
21,5.5,7.4,635,8.8,5.08,1400,5500,2012,161.4656264,0
24,5.5,7.4,1051,25,6.8,32000,63000,2012,994.0575997,0
21,5.3,7.3,636,9.9,5,2150,10000,2012,187.9854736,0
24,5.1,7.4,993,21.9,6.63,36250,57750,2012,1061.279401,0
21,5.3,7.5,632,13.5,5.08,20000,34750,2012,623.2625403,0
18,4.9,7.4,973,17.5,4.77,22000,40667,2012,704.4017548,0
22,4.3,7.5,1156,24.5,7.65,33750,65000,2012,1036.371677,0
22,4.8,7.4,904,26,8.6,31750,55000,2012,999.1566684,0
24,5.3,7.4,1290,26.9,8.1,36250,66250,2012,1106.673287,0
22,4.9,7.4,990,27.8,6.78,19000,40500,2012,729.4641148,0
22,5.2,7.4,914,20.5,6.18,14750,29500,2012,566.9739339,0
27,6.4,7.9,1808,21,5.9,233,465,2012,247.2595571,0
27,6.6,7.8,1302,18,0.52,233,465,2012,217.3058499,0
27,6.4,8,1286,19.5,0.52,233,465,2012,235.0145038,0
33,4.8,7.5,280,2.4,0.72,3,4,2012,77.27882174,1
20,7.7,7.4,344,1.2,0.37,9,19,2012,51.08061333,2
20,7.3,7,310,1.4,0.38,13,22,2012,47.91403449,3
20,7.1,7.7,303,1.5,0.34,13,23,2012,61.90771507,2
18,6.2,7.5,788,41.5,4.08,105,235,2012,419.4409443,0
24,6,8.3,468,1.4,0.43,5,16,2012,76.59827159,1
19,5.9,7.3,234,1.5,0.36,4,12,2012,60.52244522,2
23,6.4,8,527,1.2,0.35,5,21,2012,67.7008571,2
24,5.9,7.9,796,1.5,0.48,4,14,2012,71.07564522,2
23,7.3,7.4,388,2.1,0.58,233,46,2012,65.96074116,2
28,8.5,7.5,166,2.7,0.52,233,31,2012,67.17619768,2
29,8.9,7,125,1.9,0.52,233,45,2012,49.48430986,3
30,8,7.8,144,2.1,0.52,233,51,2012,69.47799246,2
30,7.5,7.7,87,1.2,0.52,233,54,2012,62.16874725,2
28,8.5,7.6,84,2,0.52,233,16,2012,62.69445768,2
29,8.4,7.5,103,1.9,0.52,233,75,2012,60.57150464,2
30,8.7,7.2,117,3.2,0.52,233,52,2012,65.42586377,2
29,6.5,7.7,287,8.2,0.52,233,114,2012,129.0008168,0
28,8.6,7.5,130,4.6,0.52,233,39,2012,83.50775072,1
28,8.9,7.5,109,1.2,0.52,233,33,2012,51.96174986,2
30,9.8,8.4,246,1.2,0.52,233,10,2012,63.28104725,2
28,7.6,7.5,147,1.3,0.52,233,30,2012,59.10878029,2
29,8.7,7.6,202,1.2,0.52,233,60,2012,54.68632377,2
28,8.4,7.4,177,2.4,0.52,233,48,2012,63.27184464,2
29,8.7,7.6,203,2.5,0.52,233,59,2012,66.19392377,2
32,8.2,7.4,120,1.9,0.52,233,46,2012,59.79503855,2
32,8,7.2,110,1.4,0.52,233,80,2012,52.86449246,2
30,8.4,7.6,213,1.5,0.52,233,20,2012,58.77880464,2
29,9.4,7.8,174,1,0.52,233,16,2012,53.00447507,2
31,8.1,8,244,2.4,0.52,233,73,2012,75.15134551,0
29,8.1,8,162,1.8,0.52,233,26,2012,69.81176551,2
30,8.7,7.6,163,2.6,0.52,233,24,2012,67.06262377,2
29,8.7,7.6,143,1.9,0.52,233,58,2012,60.86930377,2
30,9.2,7.6,208,1.9,0.52,233,30,2012,58.47200899,2
29,8.3,7.7,158,2,0.52,233,48,2012,65.41595159,2
29,5.9,7.1,338,6.6,0.52,233,522,2012,107.4091186,0
30,4.3,7.4,269,12.3,0.52,233,412,2012,170.7315299,0
29,8.2,7.1,109,3.3,0.52,233,12,2012,66.96993855,2
29,7.4,7.1,116,2.7,0.52,233,55,2012,65.5184342,2
28,8.2,7.6,112,2.1,0.52,233,31,2012,65.03237855,2
29,8.5,7.5,169,3.6,0.52,233,41,2012,75.14585768,0
29,8.9,7.6,221,1.7,0.52,233,30,2012,58.14772986,2
30,9.3,7.6,193,2.3,0.52,233,41,2012,61.53084203,2
28,9.1,7.3,217,3.9,0.52,233,67,2012,71.45921594,2
28,7.9,7.3,131,0.8,0.52,233,38,2012,49.76575942,3
29,8.7,7.4,176,2.2,0.52,233,36,2012,60.05532377,2
30,8.1,7.3,199,2.2,0.52,233,56,2012,61.21530551,2
30,8.2,7.4,170,2.2,0.52,233,39,2012,62.46009855,2
25,7.7,7.2,95,1.8,2.67,22,50,2012,53.41062,2
25,7.6,7.2,92,2.5,2.41,20,45,2012,60.01372029,2
25,9.9,7.2,65,1.5,2.31,21,55,2012,40.10414696,3
24,7.6,7.4,93,2.1,2.89,276,408,2012,65.73508029,2
22,5.5,2.9,568,6.8,1.12,18,33,2012,33.44898638,3
16,7.6,7,42,1.3,3.01,11,27,2012,45.77106029,3
17,7.7,7.1,45,1.4,2.89,9,22,2012,47.85341333,3
23,8.3,7,59,1.7,2.86,16,33,2012,46.04341159,3
25,7.7,6.3,250,2.1,3.88,180,326,2012,44.16113333,3
25,8.8,7.3,37,1.5,1.62,15,35,2012,46.91350348,3
25,7.3,7.3,72,2,1.65,17,36,2012,58.61120783,2
20,7.5,7,38,1.7,2.2,18,40,2012,49.86106725,3
22,7.8,7.1,44,1.6,2.62,15,33,2012,49.24800638,3
20,7,7,100,2.4,3.03,1967,2600,2012,102.2033887,0
21,7.5,6.3,52,1.7,0.82,7,21,2012,37.31398725,3
16,6.4,6.9,61,2.6,3.88,227,538,2012,66.30102377,2
17,7.5,7.1,39,1.4,2.88,12,22,2012,48.87947391,3
17,8,7.1,41,1.4,3.35,10,25,2012,46.4823258,3
24,7.9,7.3,93,1.7,5.02,295,418,2012,59.66999942,2
18,7.5,6.9,69,1.9,4.92,20,49,2012,50.24585391,0
18,7.9,7.2,46,1.7,2.72,20,45,2012,51.51263275,2
18,8,7.2,42,1.4,2.47,5,31,2012,48.01315246,3
25,7.7,7.1,101,1.5,3.42,16,43,2012,48.9682,3
19,7.2,7.1,49,1.6,2.86,17,40,2012,52.20760812,2
21,8.2,7.1,49,1.2,2.81,15,32,2012,43.80451188,3
21,7.8,7.1,58,1.5,2.97,19,43,2012,48.49475304,3
18,4.9,7.1,182,14.2,11.61,10417,15500,2012,409.0349348,0
19,2.5,7.1,382,37.2,11.81,53083,87167,2012,1582.928228,0
18,8,7,48,1.4,3.8,17,41,2012,44.9552858,3
24,8.4,7.1,48,1.2,3.08,18,45,2012,42.94079797,3
17,6.8,6.6,49,1.9,3.07,18,38,2012,48.15217594,3
18,2.1,7,286,45.6,10.61,51250,84500,2012,1616.225016,0
19,4,7.1,194,22.4,10.47,29500,45250,2012,914.1084174,0
24,7.7,7.2,107,6.6,3.02,285,425,2012,101.8359267,0
22,7.6,7.1,51,2,2.6,37,81,2012,54.24709362,2
20,7.7,7.1,46,1.6,3.93,8,22,2012,49.71564,3
20,7.7,7.1,49,1.9,3.89,11,26,2012,52.43470667,2
24,6.5,7.4,297,1,0.13,26,438,2012,55.51455681,2
24,6.3,7.5,287,0.9,0.14,5,204,2012,56.81084406,2
24,6.5,7.2,375,1.1,0.17,33,625,2012,53.14513014,2
24,6.9,6.9,349,1.1,0.18,38,503,2012,46.09181565,3
28,6.6,7.8,165,1.6,0.52,268,316,2012,72.62362986,2
28,6.4,8,155,3.9,0.5,512,516,2012,102.8494171,0
27,6.5,8,168,4.2,0.99,488,616,2012,104.5719635,0
29.1,6.7,7.7,218,5,1.31,233,465,2011,99.86065623,1
27,4.2,7.9,4909,18,7,233,465,2011,232.0899568,0
27.7,6.7,8.5,235,1.8965,3.1,233,465,2011,86.4759209,1
27.1,6.7,8.3,262,1.8965,0.52,233,465,2011,82.7277809,1
27.1,6.8,7.8,227,1.8965,0.52,233,465,2011,73.55899394,2
27.3,6.8,8.5,249,1.8965,0.11,233,465,2011,85.67100728,1
27,4.2,8.2,2754,42,0.52,233,465,2011,448.5633768,0
27.6,7.1,7.3,212,1.4,0.84,3,6,2011,53.88842174,2
28.2,5,8.3,12771,4.1,1.48,7,30,2011,108.1782812,0
28,6.7,8,304,1.5,0.18,1500,3550,2011,102.6614296,0
28.5,5.8,7.7,1315,2.5,0.22,1900,6800,2011,120.4170055,0
27,7.6,7.7,1291,10,0.34,23,77,2011,135.1945203,0
27,4.3,8.4,605,6.5,1.68,5,15,2011,131.8245365,0
26.7,3.7,8.2,600,4.3,1.66,6,20,2011,111.7845716,0
27,4.6,7.2,729,4,0.33,900,2300,2011,107.5811557,0
26.8,6.2,8.4,2670,1.3,0.24,233,465,2011,82.08814435,1
28.7,6.8,6.5,43,1.1,0.42,8,178,2011,38.85332261,3
29.3,6.6,7,59,1.1,0.27,8,113,2011,48.46831652,3
28.8,6,6.2,106,1.5,0.28,9,166,2011,41.05283159,3
28.3,5.9,6.6,516,1.1,0.18,8,169,2011,44.99494522,3
25.8,7.3,6.1,87,0.9,0.33,6,169,2011,27.68714783,3
28.3,7.3,5.9,74,1.5,0.22,8,163,2011,29.55434116,3
27.8,6.7,6.3,127,2,0.44,10,149,2011,43.88769623,3
26,6.8,6.2,226,1.6,0.18,9,151,2011,38.10150261,3
27.8,7.1,5.9,93,1.8,0.28,9,131,2011,33.19791507,3
26.3,7.4,6.2,76,1.3,0.41,11,133,2011,32.59176754,3
25.7,7.3,6.2,113,1.2,0.33,9,137,2011,32.14372783,3
29,7.3,5.9,100,1.3,0.27,6,173,2011,27.75312783,3
26.9,6,5.9,273,1.8,0.31,10,171,2011,38.56365159,3
27,6.1,6.5,201,2,0.43,9,149,2011,50.23930464,0
27.5,6.2,6.3,245,1.8,0.31,7,135,2011,44.46509768,3
28.3,7,6.5,75,0.9,0.22,7,166,2011,36.08118203,3
29,7.3,6,74,1.6,0.11,8,181,2011,32.16747449,3
28.2,7.1,7.9,108,3.3,0.42,65,137,2011,82.45344174,1
27,7.1,7.7,111,4.4,0.32,233,465,2011,92.49332841,1
27.4,7,8,129,3.5,0.49,40,105,2011,85.89366203,1
27.3,7,8,130,3.3,0.46,33,93,2011,83.96286203,1
28.5,5.7,7.4,2323,6.3,1.47,400,541,2011,115.1591391,0
28.4,5.9,7.6,462,4.9,2.47,23,63,2011,96.53921855,1
28.4,7,7.7,107,3.8,0.4,131,285,2011,85.37728203,1
28.9,6.2,7.4,299,5.1,0.95,209,401,2011,97.37727101,1
28.9,7.2,7.9,77,3.2,0.42,164,282,2011,83.30013478,1
27.9,6.8,7.8,350,2.6,1.99,2,72,2011,74.78259594,2
26.8,6.9,7.5,133,3.2,0.55,252,409,2011,79.79866899,1
27.2,6.9,7.5,143,3.4,0.54,149,307,2011,79.27143565,1
26.8,6.1,6.9,609,4.2,3.1,65,135,2011,78.27390464,1
26.9,6.8,7.4,129,3.2,0.86,51,133,2011,74.07394928,2
26.8,6.7,7.4,130,3.2,0.75,45,124,2011,74.40864957,2
26.9,6.6,7.4,130,5,0.74,67,158,2011,91.31592319,1
26.9,6.7,7.5,120,3.6,0.73,85,226,2011,80.5875029,1
26.2,7.1,7.9,139,3.2,0.45,74,147,2011,81.77944174,1
27.4,6,7.4,13925,59.1,3.08,4,116,2011,574.9848449,0
26.4,6.7,7.7,274,2.3,2.04,5,88,2011,70.93064957,2
26.7,6.3,7.9,326,2.5,2.32,2,71,2011,78.06941072,1
27.3,6.3,7.9,7392,2.4,6.41,4,71,2011,79.23010406,1
27.4,6.3,7.7,12051,4.4,5.37,4,102,2011,94.38019739,1
27.6,7,8.3,162,3.8,0.48,44,90,2011,93.8485287,1
27.5,7,8.3,212,3.6,0.44,47,90,2011,92.15105536,1
27.5,7.1,8.3,227,3.2,0.48,67,124,2011,88.58632174,1
26.9,6.8,8.2,314,4.3,0.45,28,69,2011,97.17264261,1
25.9,6.8,7.8,151,3.4,0.5,601,740,2011,95.04236928,1
25.9,7,7.8,123,3.4,0.44,42,100,2011,81.57277536,1
26,6.9,7.8,139,3.3,0.76,85,169,2011,82.17264899,1
26.9,6.8,8.2,313,4,0.49,49,99,2011,94.99189594,1
24.8,6.7,7.8,215,2.5,0.83,2,51,2011,74.21733623,2
26.2,6.7,7.8,204,2.5,0.77,2,68,2011,74.21209623,2
25.3,6.9,7.7,205,2.2,0.93,2,55,2011,68.87317565,2
26.6,7.1,6.9,72,0.5,0.25,278,641,2011,45.09951507,3
26.8,6.6,6.9,70,0.9,0.49,223,495,2011,49.82392986,3
26.6,6.9,7.1,52,0.8,0.18,46,520,2011,47.02341565,3
26.8,7.2,7,830,0.8,0.16,94,654,2011,45.10340812,3
29.3,6.3,6.9,95,1.3,0.99,750,1325,2011,66.69745739,2
25.4,7.2,7.4,164,0.9,0.46,1325,2225,2011,80.36960812,1
25.5,6.9,7.5,231,0.8,0.55,1000,1725,2011,75.39574899,0
26.6,6.5,6.9,101,1.3,0.47,468,1127,2011,59.40399014,2
24.7,7.1,7.1,64,0.6,0.4,283,646,2011,49.58295507,3
24.8,7.1,7.1,4600,0.6,0.35,229,538,2011,49.35824841,3
28,7.5,7.2,52,0.6,0.15,285,900,2011,49.46471391,3
27.4,2,6.8,265,2.4,2.3,1525,5425,2011,113.5955232,0
26,5.6,7,12769,1.2,0.41,725,1650,2011,73.15973275,2
27.4,7.1,7,90,0.6,0.64,338,625,2011,49.08979507,3
26.5,6.1,7,248,0.8,0.66,500,1150,2011,59.4037113,2
28.4,6,7,94,1.1,0.13,183,370,2011,55.27127159,2
28.8,6.5,7.5,76,0.8,0.08,275,585,2011,60.96131014,2
26.7,1.5,6.6,192,3.6,0.92,881,2978,2011,108.213678,0
26.4,2,6.8,79,2.4,0.2,456,1275,2011,88.78710319,1
26.5,7.2,7.1,52,0.6,0.15,298,687,2011,49.41241478,3
28,7.2,7.3,54,0.9,0.25,330,610,2011,56.24164812,2
28,0.8,7.1,1239,11.9,1.87,4250,11000,2011,270.2868333,0
27.9,6.4,6.5,58,1.3,0.34,255,960,2011,48.17336377,3
28.1,6.3,6.8,77,1.2,0.16,73,208,2011,48.77411072,3
28.6,5.4,6.6,80,1.6,0.27,335,775,2011,59.10032,2
25.3,5.8,7.8,666,1,0.24,993,1650,2011,87.55671217,1
28.3,6.6,7.2,12768,1.1,0.13,88,1412,2011,56.77476986,2
26.1,7.7,7.2,44,1,0.28,29,148,2011,46.23275333,3
24.3,7.1,7,27,0.4,0.11,73,218,2011,41.30154841,3
26,7.3,7.2,59,0.6,0.19,160,465,2011,47.57460116,3
28.5,7.8,7.1,119,0.7,0.87,875,1725,2011,60.48461304,2
26.6,7.3,7.1,54,1.3,0.41,415,913,2011,57.79201449,2
26.8,7,6.6,104,1.5,0.49,500,1000,2011,54.24306203,2
28,6,7.2,92,0.7,0.38,765,1390,2011,68.31596493,2
26.2,6.8,6.6,48,0.5,0.44,1225,2025,2011,62.58344928,2
26.5,7,7,56,1.1,0.43,768,1725,2011,63.71144203,2
29.3,6.7,6.9,2531,0.5,0.22,308,465,2011,48.1858429,3
29.3,6.2,7.2,15362,0.8,0.39,830,1303,2011,73.01684435,2
27,7.3,7.2,62,0.8,0.95,525,985,2011,57.60965449,2
27.3,7.6,7.2,59,0.6,0.65,463,1163,2011,53.03149362,2
27.9,6.4,6.8,83,0.5,0.42,175,575,2011,44.46131043,3
27.8,7,6.6,50,0.6,0.75,295,578,2011,41.6694687,3
27.8,6.7,6.8,76,1.2,1.21,310,625,2011,52.2937829,2
28.3,6.7,6.6,64,0.9,1.35,428,838,2011,48.83350957,3
27.5,5.6,6.9,943,1.5,0.4,655,1925,2011,69.99001942,2
26.3,7.4,7,38,0.9,0.26,386,1196,2011,51.43556754,2
27,6.7,6.9,43,1,0.3,1043,2750,2011,68.81942957,2
27.4,7.1,7.3,48,1.5,0.36,595,1775,2011,68.15744174,2
27,6.2,6.8,309,1.6,0.39,1129,2725,2011,76.76352435,1
27.4,5.2,6.8,61,1.8,0.33,1123,2650,2011,83.13457391,1
27.3,6.8,6.9,995,1.1,0.24,349,1258,2011,53.76078261,2
27,6.8,6.9,52,0.9,0.45,39,198,2011,44.72168261,3
27.8,6.2,6.6,44,0.7,0.21,715,1630,2011,55.85644435,2
28.4,4.5,6.5,77,1.1,0.34,400,2675,2011,59.12959594,2
28.8,7,7.4,69,1,0.12,230,660,2011,57.6151087,2
25.9,6.5,6.8,58,0.5,0.24,303,1026,2011,46.88306348,3
28,4.6,6.9,98,0.6,0.11,168,348,2011,55.50684232,2
28.5,6.6,7.3,12327,0.6,0.71,1326,2210,2011,81.58652319,1
28.8,7.1,7,51,1,0.78,750,1700,2011,61.97902174,2
27.6,6.2,7.5,371,1.1,1.62,3,528,2011,59.26970435,2
27.6,6.2,7.7,316,1.3,2.41,3,312,2011,64.53885768,2
28.3,7.3,7.1,241,2.9,1.17,100,185,2011,64.95778783,2
27.5,7.7,7.4,121,1.4,0.64,378,1255,2011,61.25829333,2
30.5,6.5,7.3,64,1,2.6,236,420,2011,58.63439014,2
29.5,6.9,7.4,57,1,1.28,46,409,2011,54.09876232,2
22.3,7.5,8,211,1.9,0.39,3005,6858,2011,136.3442939,0
22.3,7.2,8,263,3.7,0.63,6625,14725,2011,235.4915748,0
25,7,7.6,111,1.6,0.67,1081,2743,2011,85.73304203,1
25.9,7.5,7.9,205,1.5,1,1615,3542,2011,99.68434725,1
25.9,7.1,7.7,283,2.3,1.73,2882,6692,2011,134.0089684,0
24.8,7.4,8,263,1.7,0.65,3113,6617,2011,137.4286275,0
27.5,8.1,8,300,2.3,0.45,2272,4569,2011,120.3218322,0
28,7.8,8,13103,2.1,0.59,277,739,2011,77.89455971,1
25,7.4,8,207,1.5,0.53,1356,2872,2011,95.97918754,1
25.8,7.2,8,198,1.4,0.57,677,1850,2011,80.82781478,1
26.8,6.5,8.1,729,1,0.65,233,465,2011,72.39909014,2
31,3,8.1,1086,1.8965,0.1,233,465,2011,97.19135829,1
32,6.9,8.2,10910,1.8965,0.02,233,465,2011,82.31750032,1
31,6,8,17990,1.8965,0.07,233,465,2011,84.73834959,1
28.4,6.3,7.6,830,1.8,0.24,738,2020,2011,83.24285739,1
24,7.4,7.6,104,1.2,0.09,233,465,2011,60.96098087,2
27,6.9,7.8,440,3.4,1.21,233,465,2011,86.50918899,1
24.8,5.8,7.2,732,8.5,3.83,1089,4838,2011,146.7606988,0
25,5.4,7.3,809,10,4.2,4278,8975,2011,235.14348,0
25.8,3.5,7.4,1064,20,13.2,8000,14500,2011,419.0519322,0
26,4.8,7.4,1063,16,5.03,3138,8025,2011,267.6216284,0
23.4,5.6,7.5,1269,34.5,12.15,22000,60000,2011,858.3794061,0
24.3,5.4,7.4,1194,22,8.3,10000,35000,2011,475.8181467,0
17.7,6.1,6.8,780,14.7,0.52,233,465,2011,173.0248446,0
17,6.1,6.8,773,14.7,0.52,233,465,2011,173.0233046,0
17.3,6,7,820,15.3,0.52,233,465,2011,182.2979316,0
28,4.8,7.9,650,3.2,0.68,6,62,2011,91.46050841,1
32,5,7.3,390,2.8,0.14,4,20,2011,76.37185449,1
21.4,8.3,7.6,334,1,0.49,9,16,2011,49.90595159,3
22.3,8.2,7.7,316,1.2,0.48,11,20,2011,53.93346522,2
22.8,8.3,7.6,304,1.2,0.51,12,20,2011,51.73911826,2
21.8,5.5,7.6,743,7.6,1.02,81,166,2011,123.571713,0
26.9,5.1,7.8,657,1.7,0.26,6,23,2011,74.95028754,2
27.3,5.3,7.8,623,1.7,0.52,233,465,2011,79.12300029,1
19,8.7,7.1,252,4.9,0.52,233,10,2011,78.75872377,1
26,5.1,7.2,17,1,0.52,233,10,2011,63.2393542,2
19,10,7.4,157,0.6,0.52,233,5,2011,39.62699333,3
21.8,5.9,7,164,1.6,0.52,233,74,2011,61.27627855,2
22.3,6.1,7.3,141,1.4,0.52,233,63,2011,63.74422464,2
22.3,5.6,7.1,427,1.4,0.52,233,175,2011,62.76521942,2
22.3,4.7,7,527,1.9,0.52,233,42,2011,69.77774203,2
23,5.5,8.6,116,4.5,0.52,233,113,2011,116.6454464,0
23,6.8,6.8,160,1.5,0.52,233,23,2011,52.57719594,2
23,7,7.4,47,1,0.52,233,5,2011,57.57620203,2
23,7.3,7.8,116,1.2,0.52,233,10,2011,64.86362116,2
22,5.5,7.3,179,1.2,0.52,233,75,2011,64.87134638,2
22.3,4.7,7.4,220,1.6,0.52,233,140,2011,74.02016203,2
27,4.9,7,180,1.2,0.52,233,10,2011,62.53578812,2
30,5.8,7.8,367,6.2,0.52,233,95,2011,116.4138455,0
23,5.8,7.4,249,1,0.52,233,37,2011,63.40072551,2
23,6.2,6.9,182,2.1,0.52,233,8,2011,62.51245768,2
22.7,5.5,7.7,356,1.2,0.52,233,202,2011,71.88222638,2
23,5.1,6.9,190,2.3,0.52,233,33,2011,69.5820742,2
23.5,5.2,7.1,164,2.8,0.52,233,20,2011,76.99040725,1
23,4.6,7,188,2.8,0.52,233,18,2011,78.14576899,1
23.5,5.6,6.6,165,1.9,0.52,233,23,2011,58.42013942,2
23,1.9,6.8,484,15.3,0.52,233,1075,2011,198.6107768,0
23,2.5,7.1,424,16.7,0.52,233,682,2011,213.2253951,0
22.5,5.5,6.9,118,2.8,0.52,233,10,2011,72.06282638,2
23,6,7,100,4.2,0.52,233,10,2011,83.78223159,1
22.5,4.9,6.9,93,3.6,0.52,233,25,2011,82.02874812,1
20,4.8,7,167.1,2.8,0.52,233,465,2011,77.27733707,1
22.7,5.4,7.2,211,1.1,0.52,233,78,2011,62.73893333,2
26,6,7.5,231,1.1,0.52,233,10,2011,65.04985159,2
19,5.6,7.1,319,4.4,0.52,233,15,2011,89.26225942,1
22.5,5.7,6.9,261,2.3,0.52,233,53,2011,66.71557246,2
18.9,9.9,7.1,163,1,0.52,233,35,2011,38.44880029,3
21,6.1,7.6,163,4.5,0.52,233,25,2011,96.38990464,1
22.5,5.1,6.9,170,2.5,0.52,233,10,2011,71.3430142,2
23,3.8,7,192,3,0.52,233,23,2011,83.76684464,1
24.4,7.8,7.2,139,1.9,0.56,263,359,2011,58.98779971,2
21.8,6.5,3.1,489,6.1,0.52,32,47,2011,26.14321681,3
20.8,7.3,7,162,2.2,0.69,2085,2633,2011,101.3625878,0
25.2,7.8,7.1,136,1.9,0.52,303,409,2011,58.14176638,2
24,7.7,7.1,205,7,0.84,303,461,2011,103.82966,0
23.4,8.1,7.1,267,1,0.11,2,12,2011,41.97625884,3
23.4,8,7,278,1.1,0.11,3,18,2011,41.6323858,3
23.2,6.9,7.2,268,1.1,0.11,6,37,2011,50.46462232,0
23.3,6.8,7.1,286,1.3,0.11,8,29,2011,51.02650928,2
28.4,6.6,7.8,149,1.8,0.52,209,340,2011,73.09188986,2
28.6,6.3,8,164,3.4,0.3,380,528,2011,95.97005739,1
28.5,6.6,7.9,196,4.4,0.8,425,648,2011,102.7254032,0
30.2,5.8,7.8,378,1.8965,2.61,233,465,2010,78.63159017,1
29.7,6.6,7.7,489,1.8965,2.66,350,350,2010,75.63718119,0
30.1,6.6,7.4,492,1.8965,3.6,233,465,2010,67.97221452,2
30.3,6.2,7.8,359,1.8965,3.67,4,465,2010,71.75805568,2
29.8,5.8,7.7,8757,1.8965,10.45,4,4,2010,74.43382351,2
26,5.1,8.1,533,3.7,0.45,3900,7500,2010,185.5581209,0
27,7.1,8,555,2,0.35,7500,15000,2010,240.3558884,0
29.3,8.1,7.6,938,8.6,0.4,22,108,2010,118.5739055,0
28.4,6.2,7.8,7778,2.7,0.26,2880,6581,2010,145.035111,0
32,6.7,7.2,1440,46,0.2,80,330,2010,450.8491362,0
28.3,3.2,7.7,885,6.3,0.51,3900,9575,2010,211.310473,0
29.3,6.6,6.5,58,1.8,0.87,0,53,2010,45.86009652,3
28.8,6.6,6.6,145,1.5,0.65,4,98,2010,45.03388319,3
29,6.3,6.6,55,1.8,0.36,8,140,2010,49.17887739,3
28.8,6.4,6.4,188,2,0.44,15,153,2010,47.1917571,3
27.3,6.9,6.2,61,1.7,1.07,7,117,2010,38.51494232,3
28.3,7.2,6.1,62,2.6,0.92,8,123,2010,43.30972145,3
29,6.9,6.6,154,1.9,0.83,17,173,2010,47.45688232,3
27.6,7,6.3,742,1.6,0.42,8,139,2010,38.9903487,3
28.8,7.6,6.2,62,1.1,0.38,12,160,2010,29.88087362,3
28.3,7.1,6.2,69,1.4,0.56,7,141,2010,34.84844841,3
27.8,6.8,6,93,1.9,0.75,9,136,2010,37.31486261,3
28.5,7.1,6.2,89,1.4,0.68,6,119,2010,34.83902841,3
28.1,6.3,6.2,110,1.5,0.59,8,157,2010,39.62026406,3
29,6.2,7,77,1.8,0.46,11,173,2010,56.69329768,2
29.5,6.2,6.8,67,1.7,0.61,8,145,2010,52.27783768,2
30.2,6.9,6.5,62,1.4,0.6,10,107,2010,41.08027565,3
28.3,6.7,6.2,62,0.9,0.57,8,187,2010,32.37856957,3
28.7,6.8,7.9,119,3.5,0.58,286,517,2010,90.65471594,1
26,7,7.7,88,3.2,0.13,8,17,2010,77.25512203,1
27,6.9,7.3,70,3.4,0.19,233,465,2010,77.63626899,1
27,7.4,7.2,77,3,0.23,233,465,2010,69.95994754,2
24,7,7.4,3113,4,2.16,95,350,2010,82.0121287,1
32.1,5.5,8.1,363,8.4,2.15,16,69,2010,137.9154197,0
30.3,6.9,7.5,86,3.6,0.4,316,582,2010,84.76518899,1
30.1,6.4,7.4,621,37.8,1.79,413,728,2010,390.6185171,0
28.7,6.9,7.4,73,3.5,0.27,482,659,2010,85.81245565,1
29,3.4,7.4,17842,31.5,3.32,1767,1767,2010,383.3914058,0
28.5,7.4,8.1,254,2.2,0.15,3,75,2010,73.36374087,2
27.7,6.7,7.4,125,3.7,0.4,514,820,2010,89.3133029,1
28.6,6.6,7.5,129,3.9,0.4,129,381,2010,84.69658986,1
27.1,6.1,7.3,515,5.1,2.02,82,212,2010,93.43858464,1
27.1,6.6,7.4,122,3.6,0.46,172,361,2010,81.25590986,1
27,6.5,7.3,131,3.8,0.79,108,261,2010,80.37305681,1
26.8,6.7,7.3,130,3.4,0.57,133,318,2010,76.41084957,1
26.8,6.6,7.4,95,3.7,0.53,147,217,2010,81.55864319,1
26.4,6.8,7.7,143,3.6,0.43,38,109,2010,82.48623594,1
22.1,6.3,7.5,10825,2.9,1.93,5,101,2010,77.00625072,1
22.3,7.1,7.4,185,2.2,0.63,4,80,2010,62.71550174,2
22,6.7,7.5,1439,2.5,1.47,4,113,2010,69.40642957,2
22,6.6,7.5,185,2.4,0.3,6,113,2010,68.64271652,2
22,6.7,7.8,3521,2.4,1.02,3,90,2010,74.11090957,2
28.2,7.1,7.7,193,3.1,0.53,41,92,2010,76.70146841,1
28.2,7.1,7.9,175,3.1,0.47,31,86,2010,79.94062841,1
28.3,7.1,7.8,174,3.3,0.44,33,83,2010,80.01506841,1
27,7.2,7.5,308,4,0.15,233,465,2010,85.02419478,1
26.3,6.4,7.7,153,3.6,0.77,504,592,2010,94.8548171,1
26.1,7,7.7,111,3.4,0.42,179,359,2010,82.9166287,1
26,6.6,7.6,209,3.4,0.68,97,243,2010,81.31724319,1
27,7.5,8.2,296,3.5,0.14,233,465,2010,91.30320058,1
27.6,6.9,7.5,119,2.2,0.42,2,71,2010,65.33001565,2
27.6,6.8,7.7,116,2.3,1.33,3,74,2010,70.28989594,2
27.3,7,7.7,118,2.1,0.5,3,64,2010,67.46481536,2
27.4,5.2,6.6,453,1.5,0.38,644,4613,2010,66.94464058,2
27.3,7.2,6.8,35,1.1,0.24,513,3483,2010,54.00313478,2
26,7,7.1,62,0.5,0.44,385,617,2010,51.43059536,2
26.2,7,7.1,5228,0.6,0.34,240,455,2010,50.20124203,0
27.5,7.2,7,51,0.6,0.26,285,522,2010,47.36462145,3
28.1,6.7,6.9,62,1.2,0.46,385,2193,2010,55.9471629,2
28.2,6.5,6.5,118,1.1,0.52,610,3080,2010,54.26665681,2
27.6,0.6,7,1787,14.1,1.49,8542,17500,2010,385.3496206,0
28,6.6,6.8,49,0.9,0.56,448,913,2010,53.15542319,2
24.3,6.8,7.3,67,0.6,0.4,598,935,2010,61.52395594,2
25.8,7.3,7.4,104,0.6,0.44,245,430,2010,52.95463449,2
27.8,6.5,6.7,39,1.2,0.26,562,4823,2010,57.90071014,2
26.3,7.2,6.5,45,0.9,0.46,1225,1825,2010,62.42142812,2
28.5,7.4,6.9,65,0.9,0.56,575,1455,2010,53.97218754,2
29.3,6.5,6.5,60,1,1.62,420,900,2010,48.81036348,3
27.6,6.6,6.9,57,0.9,0.37,319,650,2010,51.96364986,2
28.1,7.1,7,84,1,0.66,985,1485,2010,67.11936174,2
27.8,7.5,6.8,56,1.3,0.6,178,540,2010,46.32329391,3
28.1,5.4,6.7,100,0.9,0.42,463,810,2010,57.49722,2
26.6,7,6.9,66,0.7,0.45,465,900,2010,51.5612287,2
27.8,7.1,6.9,75,0.6,0.73,300,583,2010,46.51129507,3
29.3,6.5,6.7,70,0.9,1.25,370,800,2010,50.23191014,0
28,6.7,6.6,102,0.8,0.12,295,900,2010,44.89652957,3
23.8,7.1,6.8,27,0.6,0.22,86,198,2010,39.89487507,3
26.3,6.9,7.1,46,0.5,0.33,225,373,2010,48.30645565,3
27.9,6.7,6.8,8291,1,0.53,108,250,2010,47.70963623,3
28.4,6.2,7,12342,1.4,0.27,670,1600,2010,70.70786435,2
27.1,7.5,7.3,53,0.8,0.31,1253,2225,2010,74.67312725,2
28.5,7.6,7.3,62,1,0.63,1175,2180,2010,74.26570696,2
28.1,2.2,6.4,625,2.3,1.29,1125,6505,2010,96.17052261,1
26.4,7.4,6.7,55,0.7,0.51,281,1088,2010,42.14398087,3
27.1,7,6.8,103,0.7,0.43,225,640,2010,44.46998203,3
26.9,5.3,6.9,109,1.3,0.66,305,685,2010,61.50002696,2
28.6,6.3,7,1392,0.7,0.85,230,535,2010,51.72649072,2
27.9,6.7,7,71,0.5,0.29,208,433,2010,47.17125623,3
28.4,6,6.4,57,1.4,0.61,193,303,2010,47.76147159,3
29,4.2,6.6,93,1.7,0.56,253,385,2010,63.89513014,2
28.8,5.1,6.7,88,1.9,0.63,405,713,2010,66.50966087,2
27.8,5.3,6.4,4912,1.1,0.11,345,788,2010,52.95281362,2
28.5,6.9,7,84,0.9,0.08,300,803,2010,51.84438232,2
26,2.8,7.4,18256,1.6,0.47,1050,2300,2010,105.6541675,0
26.5,5.3,7.2,9753,0.9,0.26,1600,2650,2010,94.29697362,1
28.4,6.5,5.8,67,0.4,0.54,123,520,2010,24.58332348,4
28.1,6.9,6.1,86,0.6,0.49,73,183,2010,28.45694899,3
26.8,7,6.6,59,0.8,0.42,123,418,2010,39.5693687,3
28.6,5.6,6.4,7904,1,0.4,165,278,2010,47.22409942,3
28.1,6.8,6,55,0.5,0.25,590,910,2010,37.86941594,3
29,6,5.9,105,1,0.63,73,195,2010,32.87765826,3
28.8,6.3,7,2759,1.4,0.22,963,1400,2010,74.54435072,2
28,6.5,7.6,312,1.1,2.41,3,354,2010,59.59755681,2
27.4,6.4,7.7,203,1.1,3.34,3,357,2010,61.89300377,2
28.8,7.3,7.3,308,4.2,2.43,116,185,2010,80.44348783,1
28,7.5,8.1,228,2.1,0.4,3390,5850,2010,148.1422672,0
27.3,7.7,8.1,243,1.6,0.71,1930,4450,2010,110.2172867,0
29,7.6,7.9,191,1.4,0.13,1188,1985,2010,88.44062029,1
24.5,7.5,7.9,237,1.8,0.45,1225,2425,2010,93.42211391,1
24.8,7.4,7.7,865,1.9,0.3,1300,2675,2010,93.15066087,1
25.3,6.7,6.9,132,1.2,0.32,953,1823,2010,68.41865623,2
26.8,7.1,7.9,211,1.4,0.48,1065,2098,2010,88.19528174,1
29,6.7,7.9,182,1.1,0.24,735,1510,2010,80.00904957,1
29,7.4,8.8,434,2,0.05,233,465,2010,88.94280754,1
28,6.4,8.3,565,2,0.05,233,465,2010,85.1024971,1
28,6.9,8.8,238,4,0.05,233,465,2010,109.0091223,0
28,6.3,6.6,425,1.8965,0.52,233,465,2010,55.17598872,2
24.8,7.4,7,75,1.6,0.05,78,118,2010,50.57318754,0
27.2,7.2,6.8,70,1.8,0.09,78,148,2010,49.84363478,3
27.3,6.6,7,119,2.5,0.33,233,374,2010,65.91079652,2
28.4,6.9,7,236,1.9,0.25,83,157,2010,55.81058899,2
26.8,7,6.9,73,1.7,0.4,87,144,2010,51.88918203,2
25.2,7.2,6.9,75,1.5,0.2,83,128,2010,49.04326145,3
28.4,6.9,7.2,385,2.3,0.13,108,196,2010,63.40412899,2
28.2,6.4,7.6,860,3.3,0.4,253,379,2010,84.98434377,1
24,7.6,6.6,166,2,1.8,90,140,2010,46.68920696,3
29,6.9,7.2,308,1.9,0.49,60,170,2010,58.81922899,2
25,6.8,6.7,247,2.1,1.84,280,500,2010,57.45949594,2
25,6.6,6.9,359,2.3,0.59,110,280,2010,59.74664319,2
15,6.5,7.6,450,18,12,233,465,2010,215.3826435,0
27,6.5,8.4,240,2.7,0.62,233,465,2010,92.54463014,1
20.3,5.6,6.7,807,10.8,2,1825,7500,2010,176.0701328,0
20,4.9,6.8,1097,26.5,4.8,14000,46250,2010,598.1125748,0
20,4.9,6.6,834,13.1,2.6,2875,9500,2010,221.7778814,0
19.8,5.2,6.7,1027,28,5.9,17500,57500,2010,688.1411806,0
32.7,3.3,7.9,897,1.3,0.97,5,12,2010,81.91095942,1
34.5,4.9,8,510,1.2,0.35,4,8,2010,74.88846145,2
19.8,5,6.9,1172,25.5,3.8,15500,48750,2010,624.1226545,0
20.5,4.7,6.7,906,25.3,7.7,23500,47500,2010,797.2163954,0
20.5,5.4,6.8,883,15.4,5.1,9500,21750,2010,392.59566,0
20.5,5.1,7.6,1069,26.5,6.6,20250,49250,2010,750.0140409,0
21,4.2,7.6,1168,31.8,7.6,20000,46500,2010,795.2605368,0
20.3,4.8,6.6,905,15,3.3,6000,10500,2010,308.4524217,0
20,4.5,6.6,1269,30.3,4.1,21000,42750,2010,784.0938293,0
20,4.7,6.7,1216,26.8,3.7,13250,31500,2010,580.080262,0
21.3,5.2,7.3,465,0.9,0.59,4,9,2010,58.65416058,2
22.1,7.8,8.2,410,1.2,0.1,16,32,2010,64.63008638,2
22.33,6.7,8.12,396,1.53,0.15,10,29,2010,71.32352957,2
21.5,8,8.1,403,0.8,0.1,12,25,2010,58.29963246,2
24,4.88,7.94,149,2.65,0.52,233,165,2010,91.81308551,1
22,5.67,7.02,153,1.67,0.52,233,22,2010,63.33575855,2
24,6,6.9,300,2.23,0.52,233,91,2010,64.66961159,2
23,6.15,7.45,234,2,0.52,233,222,2010,71.47432116,2
23,2.7,7.35,357,8.45,0.52,233,636,2010,143.5493612,0
24,2.98,7.52,422,5.53,0.52,233,531,2010,119.2968777,0
24,5.48,7.42,180,2.08,0.52,233,136,2010,74.85416377,2
23,5.13,7.46,162,2.23,0.52,233,211,2010,78.57270812,1
25,7.85,7.13,254,6.68,3.35,345,488,2010,102.0155362,0
24,6.58,6.5,655,5.93,4,40,60,2010,83.87416725,1
20,7.58,7.03,191,2.08,2.65,2350,2900,2010,105.6100177,0
24,8.23,7.05,137,1.4,3.2,243,323,2010,49.7274058,3
25,8.23,7.38,143,1.55,3.55,255,360,2010,57.09693246,2
22,6.6,7.3,210,1.3,0.52,8.5,242,2010,55.54669986,2
22,6.8,7.2,220,1.5,0.52,233,97,2010,59.55067594,2
23,6.8,7,317,1.5,0.52,8,45,2010,51.11607594,2
23,6.4,6.7,323,1.4,0.52,19,205,2010,47.22684377,3
28,6.5,7.7,146,1.6,0.52,302,390,2010,72.13221681,2
28,6.2,7.7,176,3.5,0.2,532,592,2010,95.49333101,1
29,6.3,8,198,4.2,0.3,524,686,2010,106.2762974,0
28,7.3,7.4,332,0.7,0.3,6,12,2009,48.50082783,3
30,6.6,7.8,371,1.8965,4.1,180,1800,2009,74.06666119,2
30,6.2,7.4,368,8,3.2,265,1075,2009,124.695131,0
30,6.7,7.7,354,4,2.6,137,947,2009,89.16405623,1
33,6.8,8,374,21,1.5,180,1800,2009,245.3970626,0
28,7.3,7.4,332,0.7,0.3,6,12,2009,48.50082783,3
30,5.7,8,601,7.4,0.5,14600,28666,2009,454.8349458,0
30,4.7,8.3,753,3.7,0.5,9166,21333,2009,310.4301954,0
28,5.8,7.8,16177,3,0.5,10100,25000,2009,315.1032588,0
30,2.5,7.5,1108,6,0.6,16,85,2009,120.6851817,0
30,6.1,8.1,14921,3.2,0.3,4300,23625,2009,191.8577113,0
30,0.6,7.1,3115,36.5,1.7,4450,15425,2009,494.7958406,0
27,3.2,7.8,5073,5.8,0.2,833,1366,2009,139.9212597,0
30,4.2,8.2,901,6.7,0.4,9750,21500,2009,350.6203968,0
28,2.9,8.3,11405,5.6,0.1,49,148,2009,132.0618672,0
31,7.2,6.3,14100,1.6,0.41,13,17,2009,41.04950145,3
29,5.5,7.8,401,1.3,0.21,2,5,2009,69.33099304,2
30,6.2,6.9,11000,1.3,0.48,13,17,2009,52.94642435,2
24,8.1,7.7,7400,2.6,0.1,79,130,2009,69.85128551,2
27,7.8,6.4,609,2.3,0.08,49,70,2009,43.89853971,3
27,7.8,6.4,90,2,0.52,13,17,2009,40.36960638,3
28,7.2,6.5,8240,1.6,0.25,17,46,2009,43.30958812,3
27,4.2,7.6,5543,0.7,0.18,2,8,2009,67.93054348,2
26,6.5,6.4,505,1.6,0.13,8,13,2009,43.02021681,3
28,7.4,6.9,3844,2,0.15,5,10,2009,51.58104087,2
28,5.4,7,7692,1.7,0.92,29,48,2009,61.75268667,2
27,6.6,7.2,692,1.9,0.34,105,175,2009,61.32616986,2
29,5.1,7.5,198,2.3,0.38,1201,1754,2009,101.7559475,0
28,7.2,6.9,5350,2.2,0.28,134,206,2009,57.55316812,2
28,7,6.8,4800,3,0.32,69,126,2009,62.29021536,2
28,5.5,7.7,8092,7.6,0.72,410,800,2009,134.302073,0
29,6.9,7.6,136,3.8,0.26,143,309,2009,84.38392232,1
29,6.9,7.7,120,3.9,0.37,207,280,2009,88.42164899,1
28,6.7,8,111,3.6,0.31,45,143,2009,88.3173429,1
26,6.9,7.3,229,3.8,0.68,108,257,2009,78.45736232,1
29,6.8,7.5,171,3.8,0.34,88,199,2009,81.90575594,1
29,6.9,7.3,183,2.2,1.25,2,56,2009,61.95954232,2
32,5.4,7.2,925,11.7,0.78,279,512,2009,157.86772,0
22,6.2,7.2,13848,2.5,4.11,6,127,2009,69.66976435,2
26,7,7.4,225,3.8,0.26,152,375,2009,80.66383536,1
35,6.6,8.1,102,3.9,0.26,165,345,2009,95.87902319,1
28,8.1,6.3,1414,1.1,0.31,100,690,2009,31.56262551,3
27,6.9,6.8,41,0.8,0.22,261,1487,2009,46.78160899,3
27,6.9,6.9,78,0.5,0.23,393,703,2009,48.61596232,3
26,6.7,6.9,5507,0.6,0.28,433,715,2009,52.5498229,2
27,7.3,7,49,0.7,0.66,228,445,2009,46.53538783,3
28,6.7,6.7,67,1.3,0.4,309,1025,2009,51.4183429,2
29,6.5,6.6,109,1.2,0.37,142,679,2009,45.99845681,3
26,0.7,6.6,4235,12.5,1.48,40833,59417,2009,1087.15164,0
27,6.9,6.5,108,1,0.42,540,1083,2009,49.45763565,3
28,6.4,6.6,48,1,0.25,154,603,2009,44.93108377,3
26,7.2,6.7,109,0.8,0.44,1000,1400,2009,59.95412145,2
29,6.8,7.1,61,1.5,0.5,130,485,2009,55.58656928,2
28,6.1,6.7,244,0.9,0.33,655,1113,2009,58.4613113,2
27,6.8,7,62,0.6,0.93,240,434,2009,48.35078261,3
28,7.1,7,59,0.8,0.71,540,890,2009,55.38352841,2
27,7.4,6.6,64,0.7,0.29,288,1425,2009,40.61474754,3
26,6.4,7,79,0.8,0.73,271,493,2009,52.72548377,2
26,7.2,6.7,73,0.9,0.28,335,2150,2009,46.28240812,3
27,6.2,7,83,0.6,0.93,282,505,2009,52.18574435,2
29,6.1,6.7,55,1.4,0.55,825,1450,2009,66.70092464,2
28,6.6,6.5,79,0.8,0.13,195,650,2009,41.37264986,3
26,6.9,6.7,198,0.3,0.2,40,180,2009,35.48032232,3
27,7.3,6.5,44,0.5,0.21,233,400,2009,36.13528783,3
28,6.2,6.6,15738,1,0.93,233,360,2009,51.11184435,2
29,5.2,7.1,18459,1,0.13,518,918,2009,71.53512725,2
28,7.4,7,45,1.1,0.11,1043,1933,2009,67.87294754,2
28,7.6,6.7,52,1.1,0.11,613,963,2009,51.98791362,2
28,2.9,6.3,841,2,1.07,430,913,2009,71.84504058,2
26,6.6,6.7,72,0.7,0.32,463,1655,2009,50.12258319,0
26,6.4,6.7,122,0.7,0.34,343,1630,2009,48.44044377,3
26,5.4,6.6,102,0.9,0.26,240,1913,2009,51.05852667,2
27,6.2,7,5656,0.9,1.05,162,289,2009,53.38100435,2
27,6.9,7.1,71,0.5,0.26,125,246,2009,46.06636232,3
28,6.7,6.5,55,0.9,0.6,265,500,2009,43.33686957,3
28,5.7,6.7,127,1.9,0.35,221,473,2009,59.4819058,2
28,6,6.9,77,1.8,0.61,290,500,2009,62.17371159,2
28,5.2,6.1,4968,1.1,0.14,235,820,2009,45.81754058,3
28,7.4,6.4,78,1.2,0.12,280,720,2009,41.22134087,3
27,6,7.1,13257,1.1,0.14,750,1465,2009,72.67582493,2
28,6.4,6.1,62,0.7,0.28,213,425,2009,34.86658377,3
27,6.6,6.3,59,1,0.16,248,385,2009,40.78292986,3
27,7.1,6.4,59,0.9,0.13,178,275,2009,37.65381507,3
28,6.4,7.1,7035,0.8,0.19,110,195,2009,52.30910377,2
28,7.3,6.2,51,0.9,0.21,195,340,2009,33.61662783,3
29,6.8,6.5,80,0.8,0.26,53,100,2009,37.16570928,3
28,6.4,6.7,3131,2.2,0.12,820,1055,2009,72.77157043,2
27,5.8,6.5,59,1.5,0.13,1800,2788,2009,87.35420551,1
27,7.7,6.8,67,0.9,0.08,1740,2257,2009,76.66382667,1
25,6.7,6.3,177,1.2,0.2,1583,2807,2009,72.13891623,2
28,6.4,6.4,4165,1.2,0.13,168,303,2009,44.36550377,3
27,6.2,7.6,498,0.4,0.28,613,1400,2009,68.36357768,2
27,6.8,7.5,119,0.4,0.18,478,918,2009,60.55720261,2
27,7.1,7.6,161,0.5,0.19,710,1675,2009,67.03921507,2
28,5.9,6.7,70,1.7,0.5,74,428,2009,53.49459188,2
28,5.8,6.5,864,1.5,0.37,199,876,2009,51.75480551,2
29,4.7,6.6,69,1.8,0.26,234,1083,2009,62.07047536,2
28,6.5,6.6,1204,1.2,0.24,175,689,2009,46.95664348,3
28,1.4,6.2,129,2.2,0.48,351,882,2009,77.12187826,1
28,1.5,6.3,73,1.5,0.12,298,1225,2009,71.0328713,2
28,7,7.5,226,1.1,2.3,3,83,2009,55.36555536,2
30,7.7,8.1,330,1.9,0.9,1675,3025,2009,106.9638,0
28,7.2,8.2,315,1.7,1.7,2600,4275,2009,130.1365014,0
28,7.6,8.1,301,1.5,0.5,2360,4175,2009,119.2454736,0
28,7.3,8,225,1.3,0.5,1295,2175,2009,93.18911449,1
27,7.4,8,238,1.9,0.2,2950,5975,2009,135.4007875,0
27,7.2,7.7,835,2,0.7,1550,2750,2009,100.5766681,0
29,7.2,7.8,169,1.3,0.4,328,690,2009,68.47754812,2
28,7,8.1,240,1,0.4,785,1525,2009,82.29114203,1
29,7.4,8.1,153,1.7,0.5,505,1105,2009,80.27458754,1
33,7.7,7.8,220,4,11,233,465,2009,88.99366667,1
21,7.6,7.9,446,2.6,1.4,233,465,2009,77.81807362,1
24,7.4,6.8,337,1.3,0.1,115,208,2009,45.3461942,3
28,7.5,6.7,180,1.3,0.1,100,176,2009,42.75602725,3
28,6.9,6.8,127,2.4,0.1,222,357,2009,59.84010899,2
30,7,7,305,1.5,0.1,113,191,2009,52.45796203,2
27,7.2,6.7,323,1.6,0.1,94,167,2009,46.75176812,3
26,7.4,6.7,364,1.6,0.1,91,150,2009,45.7285742,3
29,7.5,7.2,473,2.1,0.1,220,338,2009,61.26972725,2
26,6.7,7.4,544,2,0.3,158,253,2009,66.35380957,2
27,7,7.2,286,9.5,0.9,85,189,2009,126.2100087,0
28,6.4,7,307,1,0.52,457,507,2009,58.63676377,2
29,6.6,7.1,250,1.5,0.52,74,544,2009,55.36788986,2
28,6.5,7.9,566,0.9,3.8,3,32,2009,63.17217014,2
22,6,7.3,755,6,2.1,1000,4950,2009,123.2781783,0
21,4.9,7.4,892,14,4.4,8000,75000,2009,371.5147414,0
22,6.4,7.1,1085,8.5,8.1,233,465,2009,122.8030304,0
20,5.6,8.1,905,11.5,7.1,233,465,2009,170.4187928,0
22,5,6.7,813,7.5,2.2,1300,9000,2009,138.4957412,0
21,5.6,7.3,964,14,4.2,8000,70000,2009,365.3051061,0
20,5.7,7.4,968,9.5,3.1,5000,25500,2009,250.5166325,0
21,5.3,7.4,779,10,3.1,7000,52500,2009,306.9654003,0
21,4.8,7.4,825,19,4.6,9500,75000,2009,449.4129551,0
23,2.9,7.3,1035,13,3.9,3050,27500,2009,250.6802739,0
21,4.5,7.2,885,10.5,3.3,1100,12000,2009,172.5132826,0
20,4.8,7.5,896,10,4.1,7000,70000,2009,315.0919084,0
24,3.1,7.6,1130,11.5,4.1,9000,75000,2009,383.6358667,0
25,3.1,7.6,1000,10,3.7,6000,62500,2009,301.2355333,0
28,7,7.8,350,2.5,0.52,233,465,2009,77.96606203,1
16,7.2,6.2,930,8,1.5,233,465,2009,98.14863478,1
22,5.475,7.82,721.5,6.9,1.26,87.25,249,2009,121.4926798,0
23,4.8,7.3,260,0.8,1.1,3,7,2009,59.68142841,2
23,7.6,7.5,307,1.5,0.52,233,153,2009,60.94144029,2
23,8.4,7.4,106,1.4,0.52,233,36,2009,54.40158464,2
23,9,7.8,221,1.3,0.52,233,77,2009,57.6081829,2
25,8.7,7.4,318,1.5,0.52,233,132,2009,53.91128377,2
25,1.9,7.3,537,9.9,0.52,233,525,2009,159.3806368,0
25,7.7,7.3,550,10.4,0.52,233,603,2009,135.9236133,0
25,7.9,7.6,185,1.3,0.52,233,115,2009,59.42857942,2
26,8,7.6,202,2.5,0.52,233,85,2009,69.56703246,2
25,7.4,7.6,214,1.8,0.52,233,148,2009,66.2736542,2
23,8.3,7.7,185,2,0.52,233,75,2009,65.42783159,2
18,9.6,7.1,225,4.4,3,310,460,2009,72.06884783,2
19,8.8,7.2,131,0.9,0.52,233,205,2009,44.62191681,3
24,7.4,7.8,272,0.9,0.52,8,295,2009,56.8514542,2
24,7.5,7.8,327,1.2,0.52,0,56,2009,58.80868725,2
26,8.1,7.8,365,1.3,0.52,13,33,2009,57.09796551,2
26,7.9,7.5,350,1.8,0.52,41,90,2009,57.90617942,2
28,6.6,7.7,143,1.3,0,201,322,2009,66.69095652,2
29,6.3,7.6,164,2.8,0.1,442,577,2009,85.07397072,1
28,5.7,7.8,170,3.4,0.2,469,608,2009,97.3594658,1
21,6.4,7.025,187.63,3.175,2.675,2225,2925,2009,118.1379757,0
25,8.35,7.125,110.75,1.525,3.075,252.5,355,2009,51.75614978,2
24,8.45,6.95,104.25,1.2,2.6,222.5,312.5,2009,44.63444949,3
27,6.7,7.6,281,1.8965,2.13,233,465,2008,70.75598757,2
25,7.2,7.8,262,0.28,0.15,19,50,2008,52.47193478,2
25,4.9,7.4,10362,9.7,0.64,14,29,2008,142.1392281,0
27,5.1,7.8,530,2.73,0.6,64125,137000,2008,1531.241921,0
28,6,8.2,612,2.28,0.4,28650,68650,2008,730.8344116,0
30,6.1,8.1,8782,1.9,0.43,16100,38667,2008,443.1029846,0
27,1.1,7.8,1076,7.67,0.63,28,77,2008,147.6709191,0
29,6.8,8,3431,2.8,0.3,32120,49061,2008,801.1034226,0
25,4.5,7.6,1161,7.43,0.53,99,259,2008,127.3343893,0
25,6,7.3,8838,5.58,0.7,14,31,2008,98.31275159,1
30,0,7.1,3080,46,4.8,3000,9000,2008,548.6490957,0
28,2.8,7.9,663,5.93,0.97,150250,358000,2008,3524.421534,0
29,5.6,8,1265,2.13,0.1,503,1693,2008,91.29057942,1
28,4.1,7.9,4491,16.5,0.1,58,116,2008,214.5024038,0
30,6.6,7.8,37,2.25,0.01,10,13,2008,72.52504986,2
28,6.8,7.1,11,1.65,0.07,22,33,2008,54.37011594,2
27,6.5,7.5,28,4.55,0.05,20,44,2008,88.38795014,1
28,7.1,8,49,1.25,0.02,3,7,2008,64.58732841,2
26,7.6,7.3,93,0.95,0.03,240,350,2008,52.69822696,2
26,7.4,7,67,2.45,0.13,467,809,2008,66.8532942,2
27,7,7.3,89,1.5,0.02,30,42,2008,55.74261536,2
29,5.4,7.3,75,1.8,0.06,350,2400,2008,73.68766,2
28,6.7,7.2,95,1.4,0.1,18,22,2008,54.3051429,2
28,6.8,6.9,58,1.9,0.03,25,53,2008,53.18778261,2
25,5.6,6.8,67,1.9,0.06,82,137,2008,58.50826609,2
28,5.2,7.2,29,1.65,0.04,37,144,2008,64.16010725,2
26,6.2,7.1,146,2.1,0.09,920,2400,2008,81.63846435,1
31,3.6,7,29,2,0.09,33,170,2008,71.40648522,2
30,6.8,7.2,1370,2.6,0.08,33,110,2008,65.07562928,2
28,8.1,7.1,335,3.2,0.21,1300,5400,2008,91.34771217,1
26,6.3,7.6,119,3.67,0.37,157,781,2008,86.54121072,1
27,6.4,7.6,109,3.4,0.42,95,316,2008,82.20085043,1
27,5.9,7.2,119,4.04,0.65,133,223,2008,84.17425188,1
25,5.3,7.7,109,3.25,0.38,165,296,2008,89.43923362,1
26,6,7.8,301,5.43,0.3,166,1050,2008,107.3264583,0
22,6.6,7.2,131,4.5,0.83,285,737,2008,88.37316319,1
22,6.8,7.2,110,3.9,0.49,480,1036,2008,86.43327594,1
27,6.7,7.6,109,4.13,0.28,260,624,2008,90.9185029,1
29,5.2,7,478,16.3,0.35,500,1008,2008,200.9249606,0
21,6.9,6.6,291,1.96,1.4,4,104,2008,47.77798232,3
32,0.7,7.3,12697,45.6,1.32,642,1259,2008,493.133127,0
23,6.8,6.6,6232,2.13,2.72,6,106,2008,51.25988928,2
29,6.2,6.5,1638,1.5,0.8,349,816,2008,53.34955101,2
28,7.3,6.6,36,0.6,0.41,304,1056,2008,40.49001449,3
28,6.4,6.7,41,1,0.75,443,1179,2008,53.23383043,2
28,5.1,6.8,52,1.6,0.22,555,1680,2008,69.0650542,2
28,6.8,6.7,183,1.3,0.28,358,1748,2008,52.19161594,2
27,6.3,6.3,115,0.9,0.5,455,2865,2008,46.51078406,3
28,7.2,6.7,455,1.1,0.28,245,753,2008,45.84050812,3
27,6.8,6.9,80,0.4,0.52,207,508,2008,44.09049594,3
27,6.8,7,4515,0.4,1.53,184,427,2008,46.38650261,3
29,7.7,7.2,47,1,2,253,452,2008,51.43874667,2
29,7.1,6.8,57,1.5,1.12,230,681,2008,51.25533507,2
29,6.6,6.3,148,1.2,0.93,190,935,2008,41.49629652,3
26,1.8,6.8,2012,5.5,1.8,20458,31167,2008,566.4111104,0
26,6.7,6.2,40,0.6,1,425,1100,2008,39.1817029,3
26,5.8,6.3,65,1.1,2.97,525,1200,2008,52.12637217,2
26,5.1,6.3,50,1,3.1,700,1600,2008,58.5751942,2
26,6.6,6.2,42,0.6,1.97,475,925,2008,40.83578319,3
27,6.6,6.4,43,0.7,3.13,400,975,2008,43.67352986,3
27,6.7,6.4,50,0.5,3.6,500,1175,2008,43.72896957,3
26,6.6,6.3,46,0.6,1.07,624,1010,2008,45.78586319,3
27,5.9,6.4,54,0.7,3.53,375,985,2008,46.53699188,3
27,7.6,6.7,55,0.7,4.17,295,1575,2008,41.99850696,3
27,6.5,6.7,72,0.8,2.83,30,775,2008,42.00039681,3
29,7.3,7.4,71,0.7,4.1,490,940,2008,59.75943449,2
27,6.3,6.7,79,0.7,2.03,190,702,2008,45.51138406,3
26,6.9,6.6,33,0.4,1.4,0,28,2008,33.80698232,3
27,6.8,6.7,46,0.4,1.47,30,150,2008,36.72442261,3
29,5.9,7.1,6666,0.7,4.13,118,393,2008,54.39929188,2
28,6.4,7.1,17771,1,5.2,760,1865,2008,71.72158377,2
28,7.3,6.7,62,0.9,2.8,293,920,2008,44.87562116,3
28,7.6,6.6,61,0.5,3.4,85,503,2008,33.53240029,3
30,2.4,6.7,221,2.1,3.97,220,660,2008,77.56368203,1
27,7.1,6.8,89,1.2,0.4,620,1600,2008,57.34923507,2
27,6.4,6.7,110,0.5,0.2,1400,3200,2008,70.3571971,2
27,3.5,6.9,105,0.7,0.15,265,800,2008,63.93305217,2
28,7.4,7.3,155,0.8,1.2,570,920,2008,59.89256087,2
28,6.8,6.9,77,0.9,1.8,215,470,2008,48.82422261,3
27,5.5,6.5,75,1.9,0.1,1300,2100,2008,81.13714638,1
31,5.4,6.5,102,4,0.1,320,680,2008,78.24297333,1
30,4.8,6.8,90,1.1,0.1,730,1090,2008,69.81525507,2
28,5.8,6.3,87,0.7,0.1,633,1500,2008,50.72942551,0
27,7.3,6.6,57,0.4,0.25,297,883,2008,38.51398116,3
28,5.8,7.5,18291,0.8,0.25,435,1000,2008,71.98210551,2
28,6.2,6.7,2497,0.5,0.15,510,1100,2008,51.70804435,2
27,7.3,6.1,45,0.7,0.2,150,1050,2008,29.26951449,3
27,7.6,6.3,39,0.5,0.2,1040,2588,2008,49.53389362,3
25,7.7,6.6,31,0.3,0.15,490,1300,2008,40.04482,3
28,5.4,5.9,595,0.8,0.1,570,1375,2008,45.28693333,3
28,7.4,6.1,30,0.9,0.3,690,1050,2008,42.50046087,3
28,6.6,5.9,37,0.7,0.1,540,1725,2008,37.91992986,3
28,6.5,6.5,1135,0.7,0.25,850,1850,2008,55.95347681,2
27,7.2,5.9,39,0.8,0.55,440,1500,2008,33.70874812,3
29,6.3,6.5,925,1.1,0.3,830,1550,2008,59.90771739,2
27,7.6,6.6,50,0.6,0.25,1660,3000,2008,69.42762029,2
27,7.3,6.5,64,1.4,0.5,1280,2850,2008,67.81589449,2
27,7.5,7,74,0.8,0.1,1400,2800,2008,72.82198725,2
26,4.4,7.3,428,0.4,0.15,285,1090,2008,64.46852957,2
27,6.8,7,169,0.4,0.25,255,560,2008,46.88879594,3
29,1.7,6.2,181,3,0.45,672,2208,2008,90.15419739,1
29,3,6.1,80,2,0.13,268,1240,2008,64.11350029,2
28,6.9,7.8,469,0.89,0.86,152,5874,2008,63.65866232,2
32,7.7,8.1,266,1.83,1.01,1950,3175,2008,112.4526067,0
32,6.8,7.8,16468,1.65,2,440,775,2008,79.75470928,1
28,7.5,8.2,233,2.5,0.89,2600,4300,2008,135.6737406,0
26,7.6,8.1,233,1.35,1.43,2025,3200,2008,110.3863936,0
26,7,7.6,593,0.25,1.95,233,465,2008,54.7868687,2
25,7.6,6.6,118,1.15,0.15,70,180,2008,38.54084696,3
27,6.8,6.6,179,1.88,0.2,118,253,2008,49.94724928,3
28,6.8,6.7,172,2.14,0.19,263,402,2008,57.21941594,2
28,6.9,7.1,260,1.78,0.13,110,200,2008,57.08266899,2
27,7.3,6.6,94,1.27,0.17,73,150,2008,41.10295449,3
26,7.4,6.7,88,1.03,0.15,89,173,2008,40.58854087,3
28,7.2,7.2,439,2.28,0.14,236,415,2008,64.67378145,2
27,6.8,7.6,749,2.25,0.36,424,699,2008,77.58610261,1
26,6.9,7.3,252,4.33,1,322,858,2008,88.05058899,1
29,7,7.3,46,1,0.52,49,707,2008,51.92802203,2
31,7,7.3,40,1,0.52,12,81,2008,50.97128203,0
30,7.7,8.1,195,1.1,0.7,0,10,2008,62.14983333,2
23,8,8.2,572,0.5,0.52,12,26,2008,57.46335246,2
23,4.9,7.8,704,3.5,0.52,57,375,2008,93.08936812,1
20,5.9,7.2,703,5.4,2.05,1950,21000,2008,141.2211586,0
21,5.3,7.4,1095,27,3.35,48000,217500,2008,1399.946254,0
21,5.7,7.3,732,10.7,2.4,5450,45500,2008,273.6195791,0
21,5,7.2,983,26.1,3.05,32250,135000,2008,1023.668274,0
20,5,7.3,748,7.4,2.65,12500,90000,2008,413.4014412,0
20,5.1,7.2,760,13.5,2.55,22000,122500,2008,682.2732609,0
21,4.5,7.2,856,23.8,3.45,34000,232500,2008,1065.854903,0
21,4.4,7.2,1184,18.1,3.75,17250,70000,2008,610.0595496,0
20,4.5,7.4,1186,22.7,3.07,13000,78333,2008,561.6040159,0
21,5.2,7.5,1036,28.5,3.55,28750,155000,2008,976.2752272,0
21,5.5,7.6,973,27.8,3.33,130500,392500,2008,3271.258653,0
21,5.6,7.6,951,25.8,3.23,22500,712500,2008,936.6577928,0
25,6.4,7.9,378,4.1,0.94,233,465,2008,96.80386377,1
21,5.4,7.8,438,1.7,0.41,3,6,2008,73.40520667,2
27,7.9,6.7,120,1.2,0.52,233,135,2008,42.90947942,3
26,6.2,7.3,135,1.8,0.52,233,113,2008,66.81361768,2
27,8.2,7.6,176,1.9,0.52,233,135,2008,63.29893855,2
28,6.6,7.4,112,1.2,0.52,233,91,2008,61.30416986,2
26,7.9,7.8,196,0.8,0.52,233,73,2008,58.46775942,2
29,9,8,269,1.8,0.52,233,155,2008,65.5339029,2
28,6.7,8,698,1.8965,0.52,233,465,2008,77.6157009,1
30,9.6,7.6,633,1.8965,0.52,233,30,2008,56.61017916,2
27,3.2,6.8,389,26,0.52,233,633,2008,286.9549064,0
28,5.5,7.5,375,24,0.52,233,383,2008,270.2798264,0
19,5,3.2,630,7,2.5,27,33,2008,43.19624116,3
26,7,7.8,122,0.65,0.52,233,3,2008,61.43806203,2
26,7.2,7.8,130,0.93,0.1,233,3,2008,62.91028812,2
25,6.6,8,151,0.98,0.52,233,6,2008,69.76260986,2
25,6.7,7.9,188,1.03,0.52,233,8,2008,67.9967029,2
28,6.1,7.7,120,1.36,0.52,264,350,2008,71.07776464,2
29,5.4,7.3,141,2.67,0.08,285,510,2008,79.55330667,1
28,5.8,7.8,161,2.93,0.1,518,588,2008,93.78352551,1
27,6.7,7.6,253,1.8965,2.8,233,465,2007,70.8230809,2
25,7,7.7,448,0.4,0.2,17,42,2007,52.76077536,2
27,4.9,7.7,904,3.6,0.52,13950,32750,2007,406.4403681,0
28,6.4,8,477,2.4,0.52,12325,22825,2007,355.6197238,0
29,6.7,7.9,14111,2.9,0.52,10725,21000,2007,324.1044429,0
28,5.7,7.6,868,4.2,0.4,5,57,2007,90.76887246,1
30,6.2,8,899,3.1,0.52,10275,16500,2007,316.1746377,0
26,4.8,7.6,14426,10.4,0.1,32,148,2007,153.5477351,0
27,4.2,7.8,589,4,0.52,23575,50250,2007,631.5779768,0
30,6.8,7.5,2870,2.5,0.1,582,1114,2007,82.08439594,1
29,6.5,6.9,1690,1.5,0.1,555,1331,2007,63.45109681,2
29,6.5,7.1,3110,1.6,0.1,1243,2056,2007,83.48499681,1
27,7.2,7.2,70,1.6,0.1,1554,2887,2007,88.24050812,1
28,7.2,6.8,60,2.1,0.1,5778,10403,2007,180.7242281,0
28,7.4,7.1,80,1.4,0.1,475,1010,2007,59.5152942,2
28,7.2,6.9,80,1.3,0.1,1009,1938,2007,68.12582812,2
29,7.4,7,66,2,0.1,700,1451,2007,68.1569342,2
28,6.3,6.6,66,1.6,0.1,1427,3293,2007,79.43603072,1
26,6.4,7.3,103,4,0.24,126,753,2007,83.06429043,1
27,6.7,7.4,103,3.9,0.22,64,644,2007,81.0754629,1
28,6.6,7.5,97,3.7,0.25,16,169,2007,80.35880986,1
28,5.7,7.2,531,5.3,0.75,116,456,2007,96.06707913,1
25,6.4,7.1,113,3.9,0.47,60,400,2007,77.1981771,1
25,6.6,7.2,88,3.9,0.45,228,1146,2007,81.84123652,1
22,6.2,7.3,117,4,0.5,169,638,2007,84.98297101,1
28,5.5,6.6,1314,1.7,0.4,290,668,2007,58.77208638,2
27,7.5,6.8,32,0.8,0.3,200,738,2007,42.38897391,3
28,6.7,6.8,42,1,0.4,230,804,2007,48.6987229,3
28,6.9,6.7,73,0.5,0.2,688,1242,2007,51.77766232,2
28,6.8,6.9,7920,0.5,0.2,391,813,2007,50.79900928,0
29,7.4,7.2,49,1.1,0.3,327,641,2007,55.25876087,2
28,7.2,6.8,58,1.5,0.3,173,556,2007,49.39761478,3
29,6.8,6.6,115,2,0.5,148,635,2007,51.77524928,2
28,0.8,6.8,2156,7.4,1,14825,20733,2007,461.2002133,0
26,7.1,6.1,34,0.6,0.5,1300,1975,2007,54.99536841,2
26,5.9,6.2,52,0.5,0.6,1100,1775,2007,57.17010522,2
26,5.1,6.2,55,1.1,0.4,1275,2000,2007,70.2257942,2
26,6.7,6.2,43,0.7,0.4,1325,2100,2007,60.1119629,2
26,5.8,6.2,34,0.6,0.3,975,1625,2007,55.70413217,2
26,6.4,6.2,39,0.7,0.4,1375,1900,2007,62.61534377,2
26,6.6,6.3,41,0.6,0.3,1033,1442,2007,54.83451652,2
26,5.4,6.2,47,0.7,0.5,1250,1825,2007,64.65990667,2
28,6.7,6.7,80,1.3,0.5,1655,3050,2007,81.62423623,1
27,6.4,7,112,1.4,0.7,3850,5725,2007,138.2876038,0
29,6.3,7.1,83,1,0.4,643,1080,2007,65.02811072,2
28,6.2,6.5,95,0.8,1.2,1075,2550,2007,63.28350435,2
28,6.9,6.4,41,0.5,0.2,83,285,2007,32.98158232,3
27,6.8,6.5,51,0.5,0.2,98,435,2007,35.56536928,3
28,6.6,6.9,11654,0.7,0.3,338,963,2007,53.22569652,2
28,7,7.2,11962,0.3,0.3,68,550,2007,46.9784487,3
28,7.5,6.9,52,0.5,0.2,138,685,2007,40.08098058,3
28,7.4,6.8,68,0.3,0.2,160,725,2007,37.55418754,3
29,2.8,6.6,1239,2.3,0.6,263,645,2007,76.47624087,1
28,6.2,7.6,380,0.5,0.5,1318,24583,2007,89.92763101,1
30,7.9,7.9,382,2.1,0.21,993,2700,2007,89.09232609,1
30,7.2,7.7,244,1.2,0.51,980,1793,2007,80.53673478,1
32,6.7,7.6,231,1.5,0.56,1460,3133,2007,94.76717623,1
29,7,8.1,637,3.5,1.2,233,465,2007,92.1635487,1
26,7.5,6.5,65,1,0.15,108,319,2007,36.81685391,3
28,6.8,6.5,88,0.9,0.11,111,233,2007,39.34732928,3
29,6.8,6.5,128,1.8,0.15,295,507,2007,51.45398261,2
32,7.8,7.2,250,1.9,0.15,128,249,2007,55.95969304,2
28,7.2,6.4,71,1.2,0.12,67,165,2007,37.35257478,3
27,7.4,6.5,71,1.5,0.12,98,189,2007,41.47238087,3
31,7.6,7.1,428,2.5,0.15,226,443,2007,62.74470696,2
28,6.8,7.2,856,2.1,0.32,213,348,2007,64.59314928,2
27,7.3,7.3,152,2,1.28,333,998,2007,65.78359449,2
28,6.9,7.2,58,1,0.52,14,55,2007,49.75880899,3
29,7,7.2,56,1,0.52,4,16.5,2007,49.04781203,3
22,7.9,7.9,385,2.5,0.25,11,24,2007,70.34723942,2
18,3.9,7.9,2422,74.8,0.78,233,465,2007,735.0996243,0
24,4.9,7.6,972,19.6,1.8,328,718,2007,238.3980348,0
20,7.4,7.5,413,2.1,1.23,1663,10775,2007,101.2556009,0
21,6.1,7.8,632,8.1,2.9,37250,162500,2007,985.912698,0
21,6.7,7.6,425,7.4,2.88,22250,78750,2007,623.3850496,0
21,6.3,7.7,619,7.3,3.28,28250,125000,2007,769.0216107,0
22,6.4,7.7,439,4.2,2.2,60275,440750,2007,1518.159144,0
22,6.5,7.7,686,9.8,2.6,19750,105000,2007,597.8798301,0
21,6.4,7.8,754,13.8,2.53,56500,227500,2007,1474.637224,0
22,6.3,7.7,615,8.2,3.7,34500,622500,2007,1024.608451,0
21,6.2,7.6,457,3.7,2.23,8633,49000,2007,285.4933577,0
21,6,7.8,690,9.6,3,16250,117500,2007,525.6954783,0
21,5.9,7.8,692,11.1,3.5,94000,222500,2007,2280.884672,0
21,5.9,7.7,699,10.4,3.33,60500,967500,2007,1696.485225,0
22,6.5,8.2,1315,2.2,0.05,233,465,2007,84.82081014,1
29,6.7,7.2,198,50,0.27,233,465,2007,489.4025496,0
30,6.7,7.4,198,50,0.4,233,465,2007,492.8887629,0
29,1,7.3,198,49.7,0.6,233,465,2007,515.9409861,0
19,5.6,7.4,168,2.2,0.38,5,16,2007,69.90875275,2
25,6.7,7.9,135,0.4,0.52,233,3,2007,62.4071829,2
25,6.5,7.9,195,0.6,0.52,233,3,2007,65.15295681,2
24,7.3,7.8,219,0.5,0.52,233,465,2007,58.78998116,2
24,7.7,7.9,227,0.4,0.52,233,15,2007,57.61919333,2
23,6.2,7,132,1.6,0.52,233,102,2007,59.83213768,2
23,6.4,7.4,137,2.1,0.52,233,58,2007,70.23138377,2
23,6.4,7.6,200,1,0.52,233,36,2007,63.97520377,2
23,7,7.6,210,2.4,0.52,100,137,2007,70.56660203,2
23,3.6,7.2,249,4.9,0.52,233,383,2007,105.1115586,0
23,3.7,7.5,224,4,0.52,233,394,2007,101.8685916,0
24,7.1,7.3,156,2,0.52,233,89,2007,64.25357507,2
23,7.1,7.2,127,2,0.52,233,60,2007,62.50481507,2
22,5.8,7.6,258,1.7,0.52,233,118,2007,73.08892551,2
24,8.4,7.9,383,0.8,0.52,233,180,2007,57.86300464,2
20,8.1,7.2,221,5.4,1.95,213,373,2007,87.59463217,1
18,6.1,3.1,738,5.5,2.73,32,45,2007,23.0523313,4
16,8,7,164,1.7,1.6,1600,2067,2007,82.82589246,1
19,5.4,7.2,153,1.7,1.78,213,278,2007,67.77713333,2
18,7,7,161,1.7,2.43,250,375,2007,57.5196087,2
27,5.2,7.4,120,1.4,0.05,203,280,2007,69.13874058,2
27,4.7,7.4,139,1.8965,0.11,308,440,2007,78.30563336,1
27,5.4,7.4,128,3,0.06,353,565,2007,85.72032,1
23,6.9,7.2,233,1.5,0.52,233,119,2007,59.07728899,2
27,6.7,7.61,168.2,1.8965,10.3,233,465,2006,71.7980249,2
25,7.102,7.945,307.5,1.525,0.11,26,50,2006,66.64167667,2
22,5.35,7.935,735,4.7,0.835,27650,15000,2006,716.9545368,0
25.5,7.05,7.995,535,4.7,1.195,13400,33500,2006,398.9580186,0
29.667,6.5,8.14,16410,5.3,1.397,9200,2400,2006,313.2849821,0
25.5,6.7,7.885,896.5,15,0.42,3,10,2006,186.4611196,0
29,5.6,8.173,3660,4.6,0.46,4500,6867,2006,206.1965394,0
26.5,6.085,7.695,933,3.2,0.153,450,1550,2006,91.86414235,1
26.5,6.055,7.605,6715,4.3,0.222,45,140,2006,92.20215243,1
27,7.93,8.32,2160,1.46,0.277,4,5,2006,68.52260533,2
25.667,4.9,7.943,504.7,3.1,0.603,1810,2367,2006,131.1758168,0
27.75,6.625,7.725,149.3,2.175,0.123,2,60,2006,70.30947878,2
27.75,5.175,6.95,464,1.5,0.7,75,255,2006,59.64465899,2
30,6.4,7.45,142.8,2.025,0.155,1787,4073,2006,105.6235531,0
28.25,6.2,7.9,218,1.575,0.615,233,85,2006,75.26040435,0
26.667,7.4,6.733,344.3,1.7,0.9,33,160,2006,45.99018687,3
28.75,7.6,6.775,213.3,1.3,0.173,133,3275,2006,45.00332762,3
28,7.35,7.1,214.8,1.425,0.15,41,285,2006,50.26136035,0
28.25,7.675,6.875,103.3,1.025,3.367,18,96,2006,41.02834307,3
27.25,7.125,7.55,418.3,1.725,0.45,18,106,2006,61.341296,2
28.5,7,6.725,497.3,1.575,0.135,1956,5425,2006,90.2757747,1
27.714,6.543,7.229,130.4,4.014,0.307,8,187,2006,78.54873742,1
28.714,6.7,7.307,121.5,3.857,0.264,9,162,2006,77.76768757,1
28.667,7.1,7.507,102.5,4.633,0.21,10,152,2006,86.19430774,1
26.667,6.333,7.277,542,5.4,7.187,15,207,2006,93.66303736,1
26.714,6.471,7.379,204.3,3.729,0.309,10,174,2006,79.0341167,1
28.286,6.371,7.061,214,4.5,0.346,18,292,2006,81.02855499,1
19.333,6.7,7.44,153.3,4.4,0.65,23,305,2006,85.27326223,1
29.083,6.2,6.457,881.1,1.757,0.326,253,541,2006,52.47759301,2
27.417,7.286,6.586,82.9,1.071,0.233,222,470,2006,42.53346467,3
27.286,6.525,6.5,124.1,1.313,0.227,334,844,2006,49.40964841,3
28.6,6.917,6.95,185.4,0.467,0.112,165,433,2006,44.0225882,3
28.667,6.8,7.043,8489.9,0.414,0.153,238,473,2006,49.18435661,3
27.786,7.075,7.25,107.3,0.988,0.369,238,384,2006,54.69579948,2
28.143,7.013,6.712,151.4,1.4,0.397,262,485,2006,49.86680072,3
27.5,6.787,6.65,119.3,1.637,0.4,294,574,2006,52.69570725,2
28.571,4.1,6.775,511.4,6.788,1.373,2150,3100,2006,155.1551291,0
27,6.9,6.8,224,0.733,0.438,2000,2500,2006,84.90737965,1
26.5,6.867,6.833,292.7,0.633,0.575,1900,2400,2006,82.55191101,1
26.25,6.467,6.6,240,1.033,0.66,2100,2733,2006,88.46313817,1
26.75,6.667,6.933,268,0.933,0.893,2333,3300,2006,97.70231893,1
26.75,6.967,6.933,268,0.833,0.4,1600,2233,2006,78.88591672,1
26.5,6.733,6.867,324,0.933,0.455,1973,2233,2006,88.01273354,1
27,6.714,6.957,143.4,0.671,0.449,1457,2171,2006,75.88968806,0
26.75,6.733,6.733,242.7,0.9,0.743,1867,2833,2006,83.19737954,1
28,7.233,6.867,75.7,1.1,0.853,1600,2300,2006,78.84591142,1
27,6.233,6.9,104.7,0.867,1.267,1300,2233,2006,75.57404899,0
28.5,6.867,7.067,336.7,0.533,0.285,60,455,2006,44.61502435,3
28.5,6.433,6.667,339.3,0.6,0.292,440,967,2006,48.86400307,3
29,7.033,6.533,141.3,0.533,0.135,193,740,2006,37.488792,3
28.75,6.633,7.067,237,0.633,0.45,337,800,2006,52.81967383,2
28,6.833,7,18389,0.7,0.345,173,583,2006,51.59728391,2
28,7.033,7.033,241,0.267,0.232,345,1260,2006,47.32029933,3
28.5,7,7.133,302,0.7,0.168,323,933,2006,52.4962567,2
29,3.5,6.567,1285.3,2.133,0.347,220,443,2006,70.04525284,2
28.857,6.243,7.253,405.6,0.857,1.269,3333,21469,2006,130.793137,0
21,6.9,8.2,211,2.8,2.12,1400,2200,2006,114.3635023,0
24,7.8,8.5,197,0.6,3.01,1700,3500,2006,102.7775464,0
33,7.3,8.6,528,0.9,4.8,233,465,2006,76.75470783,1
27.5,7.95,6.565,188.5,1.5,0.08,24,66,2006,38.31381928,3
29,5.8,6.6,107,1,0.265,25,58,2006,44.86142551,3
31.25,6.975,6.725,144.3,1.5,0.22,34,98,2006,46.01563977,3
27,5.35,7.19,216.3,1.325,0.263,11,31,2006,59.85410414,2
30,7.525,6.61,93.3,1.5,0.283,10,26,2006,40.82268951,3
29,7.15,6.56,141,1.1,0.25,22,73,2006,38.50039159,3
27,4.325,7.045,547,2.075,0.25,25,109,2006,69.30493812,2
27.5,6.925,7.633,552,2,0.217,325,570,2006,73.06936925,2
27.25,6.825,7.125,299.3,3.667,1.525,316,771,2006,79.4205942,1
26.667,6.7,7.267,92.7,1.333,0.52,6,41,2006,54.6595729,2
26.333,6.75,7.3,169.3,1.667,0.52,29,47,2006,58.47494942,2
21.25,5.87,7.84,895.5,4.35,0.52,233,465,2006,100.5929546,0
17.667,6.033,7.367,323.3,3.267,0.667,2390,6867,2006,130.9791149,0
16.5,5.1,7.85,785,12,1.65,3050,36500,2006,242.4713609,0
18,4.867,7.367,568,12,1.367,3500,27667,2006,243.1304721,0
17.333,4.833,7.533,760,13.333,1.933,2300,30000,2006,232.0729004,0
17.5,5.1,7.367,388,6.933,1.4,2723,43067,2006,183.3367635,0
15,6.8,7.3,433.5,5.4,1.35,635,9250,2006,106.8450526,0
17.5,4.2,7.367,758,14.667,1.7,34033,83667,2006,957.1251141,0
18,5.533,7.3,453.3,9.333,1.567,35760,88333,2006,941.4441817,0
17.5,5.2,7.3,391.3,6.267,1.4,23723,54067,2006,642.3178506,0
18,4.2,7.733,825.3,21,1.4,10500,76667,2006,497.9012961,0
18.333,4.033,7.667,855,21.333,1.767,17433,148667,2006,669.6126267,0
18.667,4.133,7.633,811.3,20.333,1.667,38700,110333,2006,1121.235972,0
18.5,6.65,7.875,914.5,43,0.824,9650,16900,2006,651.3466937,0
19.5,7.2,9.01,340.5,4.6,2.955,12,23,2006,111.8814848,0
20,6.1,7.1,198,3.1,0.3,4,14,2006,70.2374313,2
26,0.6,7.3,646,87,6.8,233,465,2006,848.8213606,0
16,7.2,7,183,5.2,2.6,140,180,2006,85.08896145,1
15,4.6,3,350,6.2,2.2,33,49,2006,34.60870899,3
10,8.8,7,172,1.6,5,1800,2800,2006,83.04675014,1
11,10,7.1,150,1,4,240,350,2006,38.56933333,3
12,9,7.3,158,1.8,7.2,220,280,2006,53.82802957,2
23.667,7.767,7.543,198,0.5,0.52,233,465,2006,52.07716507,2
23.7,7.167,8.143,198,0.6,0.52,233,465,2006,66.26488681,2
23.767,8.533,7.857,170,0.4,0.52,233,465,2006,52.95171899,2
23.667,8.867,7.793,216,0.5,0.52,233,465,2006,51.12916855,2
28,5.6,7.65,375.2,1.758,1.995,2636,18417,2005,132.7516461,0
27,6.7,7.76,233.3,10.825,5.657,233,465,2005,152.9437942,0
27,6.7,7.3,198,1,1.01,1200,37000,2005,86.87985623,1
26,7.2,7.84,342.8,1.764,0.528,78,230,2005,67.70530678,2
27,5,7.22,18370.3,19.663,0.452,9625,13525,2005,443.8393085,0
29,6.2,8.11,480,11.333,0.39,14050,18810,2005,474.7920603,0
27,7.2,8.07,580,4,0.37,150,280,2005,93.12828812,1
28,6.2,7.98,11125,5,0.39,7147,50350,2005,273.1999443,0
28,3.9,7.92,1039,14.847,1.412,6,36,2005,199.396627,0
29,7.2,7.42,246.9,4.632,0.791,10011,118311,2005,331.3064194,0
28,6.9,6.44,302.9,2.304,0.231,12,116,2005,48.09971765,3
29,7.8,6.69,255.9,2.754,0.348,13,140,2005,52.12316704,2
29,6.7,7.35,346.1,1.893,0.973,13,148,2005,61.3410889,2
28,8.3,6.68,348.9,2.503,1.686,13,155,2005,47.49232826,3
28,8.1,6.18,187.4,2.375,0.196,12,155,2005,38.42090951,3
29,7.7,6.55,121.8,2.242,1.136,13,164,2005,45.70356267,3
29,8.6,6.56,181.4,2.423,0.276,24,155,2005,43.30979739,3
28,7.7,6.45,302.5,2.144,0.163,10,142,2005,42.96229933,3
28,7.4,6.07,142.8,1.681,0.276,12,140,2005,33.73126487,3
27,7,8.16,4545,4.165,0.343,9593,27550,2005,312.67249,0
27,5.9,7.36,761,6.1,0.083,1200,4600,2005,129.8098599,0
27,5.7,7.62,665,2.12,0.86,1050,6000,2005,97.1115058,1
27,6.1,8,602.5,5.64,1.035,38143,38428,2005,959.8378413,0
19,6.3,8.05,634.3,13,10.89,233,75,2005,179.7302034,0
27,7.1,7.2,280.5,1.6,0.48,74,95,2005,55.48721174,2
28,7.4,7.27,253.3,1.333,0.17,233,37,2005,56.35692954,2
28,7.3,7.3,236.7,4,0.08,233,58,2005,80.95822849,1
27,5.9,6.6,1359.5,1.755,0.326,170,387,2005,54.62269788,2
27,7.4,6.68,39.3,1.164,0.204,125,298,2005,42.24579887,3
27,7.1,6.75,41.9,1.325,0.18,147,378,2005,46.83117974,3
27,6.8,6.92,70.8,0.458,0.117,151,353,2005,43.63332661,3
27,6.8,6.98,7179.1,0.475,0.206,211,466,2005,47.74982728,3
27,6.8,7.03,36.8,1.117,0.146,118,624,2005,50.70240528,0
27,7.2,6.76,59.8,1.692,0.449,127,357,2005,49.35910545,3
27,6.2,6.63,106.8,1.275,0.444,128,360,2005,48.25444435,3
27,6.6,6.77,250.7,1.383,1.54,2433,3383,2005,101.4735599,0
27,6.9,6.95,51.3,0.625,0.518,1525,3100,2005,76.16061632,1
27,6,6.75,641,0.975,0.792,1900,3600,2005,88.67379026,1
27,5.4,6.85,73.3,1.075,0.457,4955,8375,2005,162.5859913,0
27,6.7,6.93,65,0.675,0.77,2100,4200,2005,90.19825623,1
27,6.9,6.85,56.3,0.575,0.383,1933,3400,2005,83.05115632,1
27,6.5,6.98,59.3,0.575,0.345,1333,2600,2005,73.79280948,2
27,6.8,7.06,63.3,0.567,0.404,1769,2825,2005,83.35996328,1
27,5.8,6.73,73,0.7,0.315,1925,3500,2005,87.20785217,1
27,6.8,6.8,69.8,0.7,0.61,1100,1775,2005,65.03173194,2
27,7.1,6.83,80,0.7,0.835,850,1475,2005,58.54511507,2
27,6.3,7.15,65.5,1.05,0.223,98,595,2005,54.16430872,2
27,6.3,6.95,77.5,0.65,0.208,253,775,2005,50.61760872,0
27,6.9,6.65,34,0.5,0.095,130,215,2005,38.33186232,3
27,6.4,6.75,49.3,0.675,0.193,197,350,2005,45.54687777,3
27,6.8,7.35,18568.3,1.15,0.14,215,660,2005,62.77761528,2
27,7.1,6.98,58.3,0.55,0.152,123,510,2005,43.46286641,3
27,7,7.23,67.5,0.425,0.09,140,453,2005,47.5358587,3
27,2.4,6.43,1041.3,2.025,1.05,133,373,2005,70.0879547,2
27,6.7,7.56,128.4,4.942,0.447,11,250,2005,91.84927357,1
27,6.8,7.68,123.2,4.475,0.4,12,236,2005,89.33023994,1
27,6.5,7.33,135.8,4.4,0.33,13,208,2005,84.04465948,1
27,5.1,7.45,5168.8,9.875,1.81,7,210,2005,142.4646902,0
27,6.5,7.34,128.5,5.125,0.819,11,230,2005,90.64845748,1
27,6.6,7.47,143.8,4.958,0.667,16,358,2005,91.07129386,1
27,6.6,7.75,136.8,4.5,0.505,15,203,2005,91.80242586,1
27,7.9,7.85,76.5,3,0.52,233,55,2005,78.77990942,1
27,7.4,7,82.3,2.027,0.52,233,44,2005,57.8152042,2
27,7,7.9,77.5,3.525,0.52,233,45,2005,88.62301203,1
27,6.9,7.73,85.3,3.233,0.52,233,63,2005,83.57379099,1
27,7.3,7.77,128.3,4.043,0.52,233,66,2005,89.52408316,1
27,8,7.8,132,3.4,0.52,233,54,2005,80.98361246,1
27,5.5,6.58,121.3,11.57,0.52,233,315,2005,144.2074924,0
27,7,7.43,136.7,8.693,0.52,233,252,2005,126.269512,0
20,6.6,7.15,199,7.475,2.1,208,288,2005,112.1931965,0
18,6.4,3.05,605,5.067,4.8,18,45,2005,16.79581443,4
15,7.1,7.03,147.3,2.1,1,1675,2300,2005,92.85676107,1
19,8.1,7.03,148.3,1.967,0.52,230,307,2005,54.44335551,2
21,8.3,7.1,152,2.133,0.52,270,413,2005,57.07394759,2
25,7.4,6.6,198,1.8965,0.52,233,465,2005,49.8340922,3
25,6.8,6.3,198,1.8965,0.52,233,465,2005,47.51261394,3
25,6.1,7.15,198,1.8965,0.52,233,465,2005,65.63622264,2
26,7.5,7.2,198,1.8965,0.52,233,465,2005,59.76900525,2
28,7.5,7.8,286.5,1.775,0.51,7448,17625,2005,232.3545639,0
27,6,7.55,214.5,3.125,0.895,2600,10950,2005,138.5980216,0
32,6.3,7.43,201.3,2.175,0.76,2825,4500,2005,130.1979967,0
29,6.1,8.33,868.5,1.8965,1.975,233,465,2005,86.42761264,1
27,8.1,7.86,342.3,2.747,0.24,233,465,2005,75.86984217,0
25,7.3,7.3,157,2.067,0.55,153,348,2005,62.17696516,2
27,4.9,7.33,494.7,14.533,2.2,1233,18000,2005,212.5990181,0
28,6.3,7.58,379.8,6.7,1.575,1640,4963,2005,146.8990334,0
28,6.1,7.58,490,14.25,2.425,4875,27500,2005,291.2626246,0
25,6.8,7.43,337.5,4.25,1.225,1175,3043,2005,109.4557259,0
26,6.7,7.38,333.5,3.85,1.575,548,11050,2005,93.47023957,1
27,5.9,7.48,428,8.35,2.2,4050,22025,2005,218.7867586,0
25,6.5,7.4,361.8,4.3,1.9,1158,15875,2005,113.3472728,0
25,6.9,7.4,322,3.75,0.975,200,3500,2005,82.55013565,1
26,5.1,7.48,496.5,14.7,2.3,4325,23500,2005,285.2736575,0
28,5,7.4,515.3,14.76,2.08,8860,37320,2005,388.1410472,0
28,5.1,7.43,503.3,16.25,2.3,12938,44000,2005,492.9850535,0
27,4.4,8.23,390,1.39,0.08,14,150,2005,83.16489623,1
27,4.2,8.52,380,1.26,0.16,28,1100,2005,88.53565681,1
23,4,7.65,729,36,2.89,1190,2950,2005,408.3755707,0
22,8,8.31,617,4.4,0.655,14,30,2005,93.96549246,1
27,5,7.92,160,1.443,0.153,17,149,2005,75.38939183,0
25,7.5,7.53,87.3,1.407,0.567,32,133,2005,56.63039591,2
27,6.6,7.27,162.3,3.555,0.292,46,156,2005,75.76156786,0
28,6.8,7.12,172.3,1.723,0.198,62,283,2005,56.35199261,2
27,6.7,7.6,277.8,1.229,0.183,12,33,2005,59.65456157,2
28,7.1,6.94,95.8,0.943,0.151,10,26,2005,43.65166307,3
27,7.4,7,88.5,0.977,0.186,27,105,2005,43.94627087,3
27,6.6,7.81,603.2,2.675,0.263,40,191,2005,77.31513519,1
28,6.6,7.49,571.5,2.091,0.256,151,273,2005,69.05376786,2
28,5.4,7.16,75.8,2.092,0.52,404,513,2005,74.67077333,2
30,5.4,7.37,104.8,1.802,0.215,456,557,2005,76.88120667,1
