STATE,year,WQI
20,2014,241.26731400966185
10,2014,175.36350579710148
10,2014,126.1358307246377
10,2014,195.1056588405797
10,2014,141.3932455072464
10,2014,127.9717463768116
10,2014,123.57109130434782
10,2014,179.49243710144927
10,2014,147.37916376811597
10,2014,129.2725107246377
10,2014,151.2726150724638
10,2014,88.21802289855074
10,2014,307.3618142028986
10,2014,125.66422898550724
10,2014,176.73762492753625
10,2014,73.21271449275363
10,2014,73.11480115942028
10,2014,133.11592869565217
10,2014,86.7774011594203
10,2014,202.28246695652172
10,2014,214.45630405797107
10,2014,138.67865333333333
10,2014,343.80462260869564
10,2014,184.12521391304347
10,2014,139.93293942028987
10,2014,169.79564637681162
10,2014,101.5076411594203
10,2014,84.88703681159419
10,2014,215.264068115942
15,2014,96.1540431884058
15,2014,97.33218898550726
15,2014,96.00684260869564
15,2014,95.59064956521738
15,2014,143.85316086956522
15,2014,92.59439942028988
15,2014,101.02435043478262
15,2014,121.34723971014492
15,2014,91.58711623188404
15,2014,344.3488585507247
15,2014,77.73427264544762
15,2014,106.38671855072464
15,2014,120.46908
15,2014,96.32939217391306
15,2014,94.89874521739132
15,2014,122.6463515942029
15,2014,100.87223797101448
15,2014,105.98451855072464
15,2014,95.02341739130436
15,2014,78.81198076138963
15,2014,71.00330047153456
15,2014,75.41266713820123
15,2014,74.95512018167948
15,2014,76.13043351501283
15,2014,98.13450927536236
15,2014,98.73101652173912
15,2014,100.00568956521738
15,2014,95.6363895652174
15,2014,103.2982652173913
15,2014,91.46605739130436
15,2014,90.90144985507246
15,2014,94.338195942029
15,2014,69.44449293530269
15,2014,69.92821989182441
15,2014,65.51201931211428
13,2014,63.34340289855072
13,2014,68.22737884057972
13,2014,63.795649855072455
13,2014,62.86160289855073
13,2014,46.12089623188407
13,2014,47.96959014492754
13,2014,70.20793739130437
13,2014,56.524442028985504
13,2014,73.0116631884058
13,2014,50.73782898550725
13,2014,110.0371020289855
13,2014,86.90906956521741
13,2014,67.66596144927537
13,2014,49.20144724637682
13,2014,69.82928695652176
13,2014,101.34889188405798
13,2014,65.4692295652174
13,2014,72.18100463768116
13,2014,54.86177623188407
13,2014,49.632982318840575
13,2014,80.61453623188406
13,2014,81.29100173913042
13,2014,62.78358811594202
13,2014,70.71350463768115
13,2014,54.13254289855072
13,2014,49.87190028985507
13,2014,560.8819968115941
13,2014,39.26764086956521
13,2014,57.27812376811594
13,2014,50.19398
13,2014,68.81045942028986
13,2014,72.68655507246378
13,2014,56.35747855072464
13,2014,44.26678086956522
13,2014,55.19058144927536
13,2014,145.45882347826088
13,2014,55.23606260869565
13,2014,60.931175942029
13,2014,63.24192985507246
13,2014,58.2896904347826
13,2014,52.39353449275364
13,2014,73.700195942029
13,2014,82.03664231884059
13,2014,53.263715072463775
13,2014,50.11150956521739
13,2014,44.6663747826087
13,2014,68.24400492753622
13,2014,50.9979672463768
13,2014,54.647148405797104
13,2014,57.74445768115943
13,2014,67.68212115942029
13,2014,52.54821536231884
13,2014,57.46289739130435
13,2014,58.66643101449276
13,2014,65.47448579710145
13,2014,81.52783246376812
13,2014,60.234263188405805
13,2014,55.18011652173913
13,2014,40.2720968115942
13,2014,36.983282898550726
13,2014,73.35606985507246
13,2014,60.63653565217392
13,2014,47.7023
13,2014,44.14502550724639
13,2014,68.80936260869566
13,2014,50.91185652173913
13,2014,58.45593565217391
14,2014,66.35491304347825
14,2014,65.73844
14,2014,56.6506684057971
14,2014,62.946188985507234
17,2014,62.37996115942028
17,2014,62.16578057971014
17,2014,55.09233043478261
17,2014,53.29702347826086
1,2014,749.8341066666666
1,2014,933.877407246377
1,2014,155.68357449275362
1,2014,177.55254086956523
1,2014,529.7001342028985
1,2014,267.4256139130435
1,2014,99.77196811594204
1,2014,124.8907672463768
1,2014,170.50644086956524
2,2014,67.90948347826087
2,2014,56.52739594202898
2,2014,50.5413631884058
2,2014,52.2859431884058
2,2014,56.08941623188407
2,2014,49.99791623188407
2,2014,68.56190289855074
2,2014,66.6445231884058
2,2014,60.63514289855073
2,2014,47.00652985507247
2,2014,58.30269594202898
2,2014,53.577810144927525
2,2014,55.6967031884058
18,2014,597.9972729600923
16,2014,132.4716455072464
16,2014,938.5399217391304
16,2014,184.0459397101449
16,2014,878.5197875362319
16,2014,415.4177063768117
16,2014,453.3268211594203
16,2014,1258.4840014492754
16,2014,706.2665144927537
16,2014,238.36311362318844
16,2014,875.1705947826088
16,2014,1049.830363768116
16,2014,666.6862684057971
18,2014,287.7490159460899
18,2014,268.3778159460899
19,2014,74.33846405797102
5,2014,58.438606376811606
5,2014,57.235320000000016
5,2014,63.852740289855085
18,2014,874.09541594609
5,2014,416.10522956521737
19,2014,67.43781855072463
19,2014,52.08583159420291
19,2014,68.90749275362319
19,2014,68.65579768115941
3,2014,65.82726144927534
3,2014,65.81454144927537
3,2014,56.30134724637681
3,2014,71.02101391304349
3,2014,49.60789362318838
3,2014,54.89076144927537
3,2014,52.576107246376814
3,2014,54.202486376811606
3,2014,54.60254782608695
3,2014,56.63253420289855
3,2014,61.16062811594204
3,2014,54.50164115942029
3,2014,55.37568782608696
3,2014,111.59132985507247
3,2014,27.351947826086956
3,2014,86.03612753623189
3,2014,51.72086782608695
3,2014,51.48768666666666
3,2014,64.67138028985508
3,2014,63.04450434782608
3,2014,55.174148115942025
3,2014,50.27796753623189
3,2014,57.15150057971015
3,2014,55.7592084057971
3,2014,56.32620782608696
3,2014,58.93802782608696
3,2014,884.2552446376812
3,2014,500.930024347826
3,2014,1671.4147927536233
3,2014,2055.810626376812
3,2014,53.47028811594202
3,2014,51.78152
3,2014,53.653774492753634
3,2014,1633.2098121739134
3,2014,981.1923663768116
3,2014,108.4827547826087
3,2014,57.46633478260869
3,2014,57.03219391304348
3,2014,56.60621362318841
7,2014,54.39848507246376
7,2014,54.261228115942025
7,2014,53.62187898550724
7,2014,52.35933927536232
4,2014,79.23180434782608
4,2014,99.95155710144928
4,2014,102.94012985507248
20,2013,3636.244754924776
6,2013,59.0273011594203
6,2013,81.08651449275362
6,2013,105.05425849524478
6,2013,131.4708315942029
6,2013,83.90772028985508
6,2013,88.48628927536234
6,2013,392.1116347436049
6,2013,81.16032260869565
6,2013,227.4225460248016
6,2013,229.18068515523643
6,2013,121.64162289855074
6,2013,237.16933992136916
10,2013,227.8359927536232
10,2013,88.19367971014493
10,2013,132.98319304347825
10,2013,107.6230736231884
10,2013,177.14228492753622
10,2013,71.39778579710145
10,2013,151.35822376811592
10,2013,282.45084434782615
10,2013,216.72269130434785
10,2013,81.47884869565218
10,2013,130.2830031884058
10,2013,324.4598020289856
10,2013,76.57392869565216
10,2013,149.27911739130437
10,2013,93.27009623188404
10,2013,91.10600173913043
10,2013,97.83170289855072
10,2013,57.2116947826087
10,2013,162.93249681159423
10,2013,111.06245072463769
10,2013,111.8115527536232
10,2013,359.179927536232
10,2013,101.5964672463768
10,2013,162.0941794202899
10,2013,228.52909971014495
10,2013,55.35945565217392
10,2013,146.294144057971
10,2013,131.84103507246377
15,2013,80.28080898550725
15,2013,86.66058811594202
15,2013,83.11653565217392
15,2013,79.3816556521739
15,2013,96.73942376811594
15,2013,88.11006405797104
15,2013,84.86338289855074
15,2013,90.62671739130435
15,2013,103.48983188405796
15,2013,76.85146115942031
15,2013,343.40600521739134
15,2013,92.23725072463768
15,2013,77.98234811594205
15,2013,75.75688840579708
15,2013,389.39839507246376
15,2013,74.97752811594202
15,2013,76.78312202898549
15,2013,77.00257478260869
15,2013,79.35910173913042
15,2013,84.247015942029
15,2013,77.622235942029
15,2013,78.29396927536231
15,2013,92.81064289855074
15,2013,86.34248927536233
15,2013,91.13035594202898
15,2013,87.207035942029
15,2013,86.92676202898551
15,2013,84.68773565217391
15,2013,78.79686869565217
15,2013,74.4786347826087
15,2013,77.88800811594203
15,2013,70.73794898550723
15,2013,79.83668956521738
15,2013,73.27551449275363
13,2013,64.36129710144928
13,2013,64.14308492753624
13,2013,58.86257739130436
13,2013,63.530596811594194
13,2013,46.86914289855073
13,2013,48.4092420289855
13,2013,62.77839623188407
13,2013,61.19888898550724
13,2013,66.01077623188408
13,2013,58.38159942028986
13,2013,116.06640115942032
13,2013,94.40412231884058
13,2013,91.48590840579712
13,2013,46.16000144927537
13,2013,76.06801913043478
13,2013,93.34534463768117
13,2013,65.68827710144927
13,2013,67.50895101449275
13,2013,56.9635231884058
13,2013,58.28648927536233
13,2013,80.02398057971016
13,2013,74.80752695652176
13,2013,61.03928289855073
13,2013,76.53167130434782
13,2013,49.59634231884058
13,2013,45.63684869565218
13,2013,246.94202
13,2013,47.53841536231884
13,2013,58.931324637681165
13,2013,51.57941159420292
13,2013,68.03703072463767
13,2013,72.8731556521739
13,2013,56.47239855072464
13,2013,44.44467304347826
13,2013,100.3271684057971
13,2013,190.80705449275365
13,2013,58.52361101449275
13,2013,58.62483478260869
13,2013,65.80474898550725
13,2013,54.50045072463768
13,2013,45.50334028985508
13,2013,92.97710202898551
13,2013,73.41996260869567
13,2013,48.03436405797103
13,2013,51.62477043478261
13,2013,54.30429652173913
13,2013,48.47799565217391
13,2013,67.50028492753623
13,2013,54.755997971014494
13,2013,58.34306260869565
13,2013,60.86953014492753
13,2013,73.01738492753624
13,2013,49.38368782608696
13,2013,65.31350405797102
13,2013,63.64859710144927
13,2013,69.69207188405798
13,2013,77.57324898550726
13,2013,63.92843681159421
13,2013,57.2509368115942
13,2013,42.99568376811594
13,2013,39.48615826086956
13,2013,68.62050028985506
13,2013,49.88421565217392
13,2013,51.92601826086957
13,2013,64.20138811594202
13,2013,51.54345652173914
13,2013,57.48581507246377
14,2013,57.71037826086956
14,2013,63.96100463768115
14,2013,62.06952550724638
14,2013,66.79820463768117
17,2013,63.44778115942029
17,2013,67.11284028985509
17,2013,53.071183478260856
17,2013,50.24874347826086
11,2013,247.75948057971016
11,2013,498.5302336231885
11,2013,407.9987744927537
11,2013,329.4021739130435
11,2013,282.9675211594203
11,2013,112.62671420289855
11,2013,501.0988489855073
11,2013,729.6492747826088
11,2013,420.4373411594203
2,2013,66.3653095652174
2,2013,54.81057478260869
2,2013,55.73140956521739
2,2013,67.99409072463769
2,2013,85.10564985507249
2,2013,55.584915072463765
2,2013,56.2751356521739
2,2013,69.70448115942028
2,2013,87.67367797101451
2,2013,55.60491565217392
2,2013,117.919895942029
2,2013,69.71280492753621
2,2013,64.07284347826086
16,2013,164.1358663768116
16,2013,900.8349020289857
16,2013,179.9901002898551
16,2013,819.4121747826086
16,2013,477.69836028985503
16,2013,482.36254144927534
16,2013,846.6567895652174
16,2013,746.1275750724639
16,2013,231.49714753623184
16,2013,757.0261089855073
16,2013,1002.9853373913044
16,2013,718.9796428985508
18,2013,204.96808766702017
18,2013,215.73248766702017
18,2013,400.6566661051567
18,2013,245.76708766702012
19,2013,64.79940173913043
5,2013,56.53666173913044
5,2013,57.51598173913044
5,2013,61.70511652173913
5,2013,199.1400747826087
19,2013,78.3075947826087
19,2013,57.92459304347828
19,2013,72.83933304347826
19,2013,66.59888782608695
19,2013,72.34218608695653
8,2013,59.10042782608696
3,2013,61.001088115942025
3,2013,62.715428115942046
3,2013,53.92036028985508
3,2013,69.98736840579711
3,2013,43.76601391304346
3,2013,48.93401449275361
3,2013,48.36211362318841
3,2013,46.85204579710145
3,2013,50.224659420289846
3,2013,55.585160869565215
3,2013,51.51566
3,2013,76.72106173913043
3,2013,51.00465304347826
3,2013,58.812234492753625
3,2013,51.88566782608696
3,2013,52.12935420289854
3,2013,109.08499014492754
3,2013,25.34586057971015
3,2013,73.0471055072464
3,2013,53.52566231884058
3,2013,61.02015971014493
3,2013,59.95316985507247
3,2013,51.32010695652174
3,2013,45.52021971014493
3,2013,55.25816666666668
3,2013,52.76054173913043
3,2013,49.57228086956522
3,2013,52.52535391304348
3,2013,759.3414333333335
3,2013,474.6959686956522
3,2013,1280.384456231884
3,2013,1712.1466237681163
3,2013,49.84422811594203
3,2013,45.51075942028985
3,2013,90.01351565217392
3,2013,1451.6513701449276
3,2013,1272.6139292753624
3,2013,104.077288115942
3,2013,54.11594057971016
7,2013,62.38049078674948
7,2013,63.714137743271216
7,2013,68.83111716356107
7,2013,69.58255919254658
4,2013,71.98315652173913
4,2013,104.36794289855074
4,2013,92.8990831884058
20,2012,3642.51046126294
6,2012,48.94339478260871
6,2012,147.79253101449277
6,2012,473.1322692753623
6,2012,617.2048231884058
6,2012,124.53339536231884
10,2012,103.01879825277304
10,2012,78.6040979710145
10,2012,146.64667304347827
10,2012,70.99872666666667
10,2012,112.37565884057972
10,2012,87.44163188405798
10,2012,63.659283768115934
10,2012,93.72138434782607
10,2012,92.16553130434782
10,2012,72.17136782608696
10,2012,99.89798927536232
10,2012,179.75463420289856
10,2012,69.29200869565217
10,2012,96.12413739130434
10,2012,56.3334484057971
10,2012,52.93586782608696
10,2012,65.13140289855073
10,2012,49.06230086956522
10,2012,98.99985594202896
10,2012,79.72858463768117
10,2012,83.12563188405797
10,2012,272.0691153623189
10,2012,82.11893072463768
10,2012,75.55725333333332
10,2012,89.16059362318842
10,2012,57.35672869565217
10,2012,99.317011884058
10,2012,108.9377950724638
15,2012,79.68866231884058
15,2012,83.51654985507247
15,2012,83.1950631884058
15,2012,80.41544260869566
15,2012,130.3985750724638
15,2012,94.91414376811592
15,2012,77.38312260869564
15,2012,88.6079295652174
15,2012,78.2631556521739
15,2012,76.92142231884058
15,2012,75.65192260869566
15,2012,71.23309623188406
15,2012,82.99877942028985
15,2012,73.80395014492753
15,2012,74.48222173913045
15,2012,73.73713043478259
15,2012,77.99746898550725
15,2012,78.63312202898551
15,2012,85.22888376811594
15,2012,74.55789565217391
15,2012,83.369244057971
15,2012,79.3327168115942
15,2012,90.84906405797102
15,2012,94.9936168115942
15,2012,89.6446020289855
15,2012,80.40133536231883
15,2012,81.48442927536232
15,2012,79.73137043478259
15,2012,77.52235623188406
15,2012,74.75038289855074
15,2012,84.14981652173913
15,2012,70.26410869565217
15,2012,73.87346260869565
15,2012,66.6994956521739
13,2012,53.507415362318845
13,2012,54.5217431884058
13,2012,56.29577652173912
13,2012,59.60583768115941
13,2012,48.86079507246378
13,2012,45.91524202898551
13,2012,79.15671623188406
13,2012,61.24183768115942
13,2012,75.05082840579709
13,2012,43.62535072463768
13,2012,54.49242115942029
13,2012,57.96639536231884
13,2012,61.98602927536233
13,2012,45.58160753623188
13,2012,98.16889739130434
13,2012,86.01370463768114
13,2012,56.62738318840581
13,2012,58.2889431884058
13,2012,52.58138492753623
13,2012,50.1212031884058
13,2012,107.76404057971016
13,2012,81.5279104347826
13,2012,54.13697507246378
13,2012,77.30935652173913
13,2012,46.45125536231884
13,2012,42.83990782608696
13,2012,334.8805208695652
13,2012,69.50849536231884
13,2012,49.09042463768117
13,2012,46.67360202898551
13,2012,58.4938472463768
13,2012,85.85275130434782
13,2012,71.9344168115942
13,2012,52.721626086956526
13,2012,42.89808057971015
13,2012,63.57493536231884
13,2012,72.77923449275363
13,2012,68.40607391304349
13,2012,69.416135942029
13,2012,60.83286550724638
13,2012,48.208895072463775
13,2012,90.702435942029
13,2012,65.29262579710145
13,2012,72.1066495652174
13,2012,44.87041536231884
13,2012,55.09714347826086
13,2012,75.07809652173913
13,2012,63.229048695652175
13,2012,58.64968405797103
13,2012,56.71700492753624
13,2012,72.3082895652174
13,2012,67.32890927536232
13,2012,72.4693075362319
13,2012,53.88549391304348
13,2012,63.89988927536232
13,2012,57.19930927536233
13,2012,67.03351188405797
13,2012,72.07380811594203
13,2012,54.064495942029
13,2012,55.33654840579711
13,2012,43.91295565217391
13,2012,37.6966368115942
13,2012,64.22892811594203
13,2012,50.21096898550724
13,2012,44.60786318840581
13,2012,66.10327594202897
13,2012,58.84579768115942
13,2012,56.2861431884058
13,2012,72.22996405797102
14,2012,61.88726492753622
14,2012,65.36891826086958
14,2012,55.2039055072464
14,2012,54.54702463768116
17,2012,66.35923710144927
17,2012,69.43154173913045
17,2012,50.72182895915679
17,2012,48.56434200263505
11,2012,236.11749971014493
11,2012,357.30688000000004
11,2012,130.74214898550724
11,2012,119.57174782608696
11,2012,134.6109292753623
11,2012,131.89762144927536
11,2012,103.56897246376812
11,2012,104.02370869565218
11,2012,96.83639478260868
2,2012,71.23052260869568
2,2012,63.12268782608695
2,2012,69.42229536231883
2,2012,80.43800289855072
2,2012,58.489621449275376
2,2012,56.211715362318834
2,2012,61.04238869565217
2,2012,175.1459608695652
2,2012,67.64384144927536
2,2012,59.75733507246376
2,2012,68.57932811594203
2,2012,79.73038289855072
2,2012,86.8599295652174
18,2012,131.475265942029
16,2012,161.4656263768116
16,2012,994.0575997101448
16,2012,187.9854736231884
16,2012,1061.2794008695653
16,2012,623.2625402898551
16,2012,704.4017547826087
16,2012,1036.3716765217391
16,2012,999.1566684057972
16,2012,275.5845608695652
16,2012,1106.673286956522
16,2012,729.4641147826087
16,2012,566.9739339130435
18,2012,290.9699471014493
18,2012,261.7943848123374
18,2012,279.5030387253809
19,2012,77.27882173913044
5,2012,51.08061333333334
5,2012,47.91403449275362
5,2012,61.90771507246377
5,2012,419.4409443478261
19,2012,76.59827159420291
19,2012,60.5224452173913
19,2012,67.70085710144929
19,2012,71.0756452173913
8,2012,60.89984115942031
3,2012,53.41062
3,2012,60.01372028985509
3,2012,40.10414695652174
3,2012,65.73508028985508
3,2012,33.44898637681159
3,2012,45.77106028985508
3,2012,47.85341333333333
3,2012,46.043411594202894
3,2012,44.16113333333333
3,2012,46.91350347826086
3,2012,58.61120782608696
3,2012,49.86106724637681
3,2012,49.2480063768116
3,2012,102.20338869565218
3,2012,37.3139872463768
3,2012,66.30102376811594
3,2012,48.87947391304348
3,2012,46.48232579710144
3,2012,59.669999420289855
3,2012,50.24585391304348
3,2012,51.5126327536232
3,2012,48.01315246376812
3,2012,48.96819999999999
3,2012,52.20760811594203
3,2012,43.804511884057966
3,2012,48.494753043478255
3,2012,574.3888310144928
3,2012,409.03493478260873
3,2012,1293.9172144927536
3,2012,1582.9282284057974
3,2012,44.955285797101446
3,2012,42.94079797101449
3,2012,48.15217594202898
3,2012,1616.225016231884
3,2012,914.1084173913044
3,2012,101.83592666666664
3,2012,54.24709362318841
3,2012,49.71564
3,2012,52.43470666666665
7,2012,55.51455681159419
7,2012,56.81084405797102
7,2012,53.14513014492754
7,2012,46.09181565217391
4,2012,72.61410145507244
4,2012,102.84941710144926
4,2012,104.57196347826088
20,2011,3616.292029089027
12,2011,230.32110125603865
12,2011,577.1506655248132
12,2011,574.4660024478902
12,2011,565.2972154913684
12,2011,576.3457519016248
12,2011,447.8579981791156
6,2011,53.88842173913042
6,2011,108.17828115942032
6,2011,102.6614295652174
6,2011,120.41700550724636
6,2011,135.19452028985506
6,2011,131.82453652173913
6,2011,111.78457159420287
6,2011,107.58115565217392
6,2011,233.1081990518039
10,2011,38.85332260869566
10,2011,48.468316521739126
10,2011,41.05283159420291
10,2011,44.9949452173913
10,2011,27.68714782608695
10,2011,29.554341159420296
10,2011,43.88769623188406
10,2011,38.10150260869567
10,2011,33.197915072463786
10,2011,32.59176753623188
10,2011,32.14372782608696
10,2011,27.753127826086967
10,2011,38.5636515942029
10,2011,50.239304637681165
10,2011,44.465097681159406
10,2011,36.08118202898551
10,2011,32.16747449275362
15,2011,82.45344173913044
15,2011,89.66818675793266
15,2011,85.8936620289855
15,2011,83.96286202898548
15,2011,115.1591391304348
15,2011,96.53921855072464
15,2011,85.3772820289855
15,2011,97.37727101449276
15,2011,83.30013478260868
15,2011,74.78259594202899
15,2011,79.79866898550725
15,2011,79.2714356521739
15,2011,78.27390463768116
15,2011,74.07394927536231
15,2011,74.40864956521739
15,2011,91.3159231884058
15,2011,80.58750289855072
15,2011,81.77944173913046
15,2011,574.9848449275362
15,2011,70.93064956521741
15,2011,78.06941072463769
15,2011,79.23010405797103
15,2011,94.38019739130436
15,2011,93.8485286956522
15,2011,92.15105536231886
15,2011,88.58632173913045
15,2011,97.17264260869564
15,2011,95.04236927536232
15,2011,81.57277536231885
15,2011,82.17264898550725
15,2011,94.99189594202898
15,2011,74.21733623188405
15,2011,74.21209623188406
15,2011,68.87317565217393
13,2011,45.09951507246377
13,2011,49.823929855072464
13,2011,47.02341565217391
13,2011,45.10340811594203
13,2011,66.69745739130435
13,2011,80.36960811594204
13,2011,75.39574898550724
13,2011,59.40399014492753
13,2011,49.58295507246377
13,2011,49.35824840579711
13,2011,49.46471391304348
13,2011,113.5955231884058
13,2011,73.15973275362319
13,2011,49.089795072463765
13,2011,59.40371130434782
13,2011,55.2712715942029
13,2011,60.96131014492754
13,2011,108.21367797101448
13,2011,88.78710318840581
13,2011,49.412414782608685
13,2011,56.24164811594202
13,2011,270.28683333333333
13,2011,48.17336376811594
13,2011,48.77411072463769
13,2011,59.10031999999999
13,2011,87.55671217391306
13,2011,56.77476985507246
13,2011,46.23275333333334
13,2011,41.30154840579711
13,2011,47.57460115942029
13,2011,60.484613043478255
13,2011,57.79201449275362
13,2011,54.24306202898551
13,2011,68.31596492753624
13,2011,62.583449275362334
13,2011,63.71144202898551
13,2011,48.18584289855074
13,2011,73.01684434782608
13,2011,57.609654492753634
13,2011,53.03149362318841
13,2011,44.46131043478261
13,2011,41.66946869565217
13,2011,52.29378289855073
13,2011,48.83350956521738
13,2011,69.99001942028987
13,2011,51.435567536231886
13,2011,68.8194295652174
13,2011,68.15744173913043
13,2011,76.76352434782608
13,2011,83.13457391304347
13,2011,53.76078260869566
13,2011,44.72168260869566
13,2011,55.85644434782608
13,2011,59.12959594202899
13,2011,57.61510869565218
13,2011,46.88306347826087
13,2011,55.50684231884059
13,2011,81.58652318840579
13,2011,61.97902173913044
14,2011,59.269704347826085
14,2011,64.53885768115941
17,2011,64.95778782608694
17,2011,61.25829333333334
17,2011,58.63439014492753
17,2011,54.09876231884058
11,2011,136.3442939130435
11,2011,235.4915747826087
11,2011,85.7330420289855
11,2011,99.68434724637682
11,2011,134.0089684057971
11,2011,137.4286275362319
11,2011,120.32183217391304
11,2011,77.89455971014495
11,2011,95.97918753623188
11,2011,80.82781478260868
9,2011,83.24285739130437
9,2011,72.46358086956522
18,2011,130.21957898550727
16,2011,146.76069884057972
16,2011,566.9132660869565
16,2011,235.14348
16,2011,635.4293324637681
16,2011,443.34420579710144
16,2011,419.051932173913
16,2011,765.6620530434783
16,2011,672.6858353623189
16,2011,267.6216284057971
16,2011,828.1471936231885
16,2011,858.3794060869566
16,2011,475.8181466666667
18,2011,217.51337959494612
18,2011,217.5118395949461
18,2011,226.78646655146787
19,2011,91.4605084057971
19,2011,76.37185449275361
5,2011,49.90595159420289
5,2011,53.93346521739131
5,2011,51.739118260869546
5,2011,123.57171304347824
19,2011,74.95028753623187
19,2011,73.99839550824588
3,2011,58.98779971014493
3,2011,26.14321681159419
3,2011,101.36258782608698
3,2011,58.1417663768116
3,2011,103.82966
7,2011,41.9762588405797
7,2011,41.63238579710145
7,2011,50.46462231884057
7,2011,51.02650927536232
4,2011,73.08236145507246
4,2011,95.97005739130434
4,2011,102.72540318840582
20,2010,278.8709994202899
20,2010,3772.551956142167
20,2010,253.12617429951692
20,2010,3761.892580489993
20,2010,451.46297164941336
20,2010,251.92281661835756
6,2010,185.55812086956524
6,2010,240.35588840579717
6,2010,118.57390550724637
6,2010,145.03511101449274
6,2010,457.290467646122
6,2010,211.31047304347828
10,2010,45.86009652173913
10,2010,45.0338831884058
10,2010,49.17887739130435
10,2010,47.19175710144928
10,2010,38.514942318840575
10,2010,43.30972144927535
10,2010,47.45688231884057
10,2010,38.990348695652166
10,2010,29.88087362318841
10,2010,34.84844840579711
10,2010,37.314862608695655
10,2010,34.839028405797094
10,2010,39.62026405797102
10,2010,56.69329768115941
10,2010,52.27783768115942
10,2010,41.0802756521739
10,2010,32.3785695652174
15,2010,90.654715942029
15,2010,77.2551220289855
15,2010,74.81112733764279
15,2010,67.13480588836742
15,2010,82.01212869565218
15,2010,137.9154197101449
15,2010,84.76518898550724
15,2010,390.6185171014493
15,2010,85.81245565217392
15,2010,383.3914057971015
15,2010,73.3637408695652
15,2010,89.31330289855073
15,2010,84.69658985507246
15,2010,93.43858463768116
15,2010,81.25590985507246
15,2010,80.37305681159418
15,2010,76.41084956521739
15,2010,81.5586431884058
15,2010,82.486235942029
15,2010,77.00625072463768
15,2010,62.715501739130445
15,2010,69.4064295652174
15,2010,68.64271652173912
15,2010,74.11090956521738
15,2010,76.7014684057971
15,2010,79.94062840579711
15,2010,80.0150684057971
15,2010,82.19905313474425
15,2010,94.85481710144929
15,2010,82.91662869565216
15,2010,81.3172431884058
15,2010,88.47805893184567
15,2010,65.3300156521739
15,2010,70.28989594202899
15,2010,67.46481536231884
13,2010,66.94464057971012
13,2010,54.0031347826087
13,2010,51.43059536231884
13,2010,50.201242028985504
13,2010,47.36462144927536
13,2010,55.94716289855074
13,2010,54.26665681159421
13,2010,385.3496205797102
13,2010,53.1554231884058
13,2010,61.523955942029
13,2010,52.95463449275364
13,2010,57.90071014492754
13,2010,62.42142811594204
13,2010,53.972187536231885
13,2010,48.81036347826088
13,2010,51.96364985507247
13,2010,67.11936173913044
13,2010,46.32329391304348
13,2010,57.49722
13,2010,51.56122869565217
13,2010,46.511295072463774
13,2010,50.23191014492753
13,2010,44.89652956521739
13,2010,39.89487507246377
13,2010,48.30645565217391
13,2010,47.70963623188406
13,2010,70.70786434782607
13,2010,74.67312724637682
13,2010,74.26570695652174
13,2010,96.17052260869566
13,2010,42.14398086956522
13,2010,44.4699820289855
13,2010,61.50002695652174
13,2010,51.726490724637685
13,2010,47.17125623188407
13,2010,47.7614715942029
13,2010,63.89513014492753
13,2010,66.50966086956521
13,2010,52.95281362318841
13,2010,51.84438231884057
13,2010,105.65416753623192
13,2010,94.2969736231884
13,2010,24.583323478260866
13,2010,28.45694898550724
13,2010,39.569368695652166
13,2010,47.22409942028988
13,2010,37.869415942029
13,2010,32.87765826086958
13,2010,74.5443507246377
14,2010,59.5975568115942
14,2010,61.89300376811593
17,2010,80.44348782608697
1,2010,148.1422672463768
1,2010,110.21728666666668
1,2010,88.44062028985509
1,2010,93.4221139130435
1,2010,93.1506608695652
1,2010,68.41865623188407
1,2010,88.19528173913045
1,2010,80.00904956521741
2,2010,50.57318753623187
2,2010,49.84363478260868
2,2010,65.91079652173912
2,2010,55.810588985507245
2,2010,51.88918202898552
2,2010,49.04326144927536
2,2010,63.40412898550724
2,2010,84.98434376811593
2,2010,46.68920695652174
2,2010,58.81922898550724
2,2010,57.459495942029
2,2010,59.7466431884058
18,2010,259.09303347826085
18,2010,247.0865479710145
18,2010,136.25502014492756
18,2010,261.0846189855073
16,2010,176.07013275362323
16,2010,598.1125747826087
16,2010,221.77788144927536
16,2010,688.1411805797101
19,2010,81.91095942028986
19,2010,74.88846144927537
16,2010,624.1226544927537
16,2010,797.216395362319
16,2010,392.59566
16,2010,750.0140408695653
16,2010,795.2605368115943
16,2010,308.45242173913044
16,2010,784.0938292753623
16,2010,580.0802620289854
19,2010,58.65416057971014
5,2010,64.63008637681158
5,2010,71.32352956521738
5,2010,58.299632463768106
3,2010,102.01553623188404
3,2010,83.8741672463768
3,2010,105.61001768115943
3,2010,49.72740579710145
7,2010,57.09693246376811
7,2010,55.5454242995169
7,2010,55.02085038647344
7,2010,51.11480038647344
7,2010,47.225568212560376
4,2010,72.1026968115942
4,2010,95.49333101449275
4,2010,106.27629739130435
6,2009,48.50082782608696
12,2009,165.56853130434783
12,2009,566.5102613702238
12,2009,124.69513101449276
12,2009,89.16405623188408
12,2009,245.3970626086956
12,2009,163.241131884058
20,2009,48.50082782608696
6,2009,454.8349457971015
6,2009,310.43019536231884
6,2009,315.1032588405797
6,2009,120.68518173913044
6,2009,191.8577113043478
6,2009,494.79584057971016
6,2009,139.9212597101449
6,2009,350.6203968115942
6,2009,132.0618672463768
10,2009,41.04950144927536
10,2009,69.33099304347826
10,2009,52.94642434782609
10,2009,69.85128550724637
10,2009,43.89853971014494
10,2009,40.3444560657005
10,2009,43.30958811594203
10,2009,67.93054347826086
10,2009,43.0202168115942
10,2009,51.58104086956522
10,2009,61.75268666666666
10,2009,61.32616985507247
10,2009,101.95453175845412
10,2009,57.55316811594203
10,2009,62.29021536231885
15,2009,134.30207304347826
15,2009,84.38392231884058
15,2009,88.42164898550723
15,2009,88.31734289855073
15,2009,78.45736231884057
15,2009,81.90575594202899
15,2009,61.959542318840576
15,2009,157.86772
15,2009,69.66976434782607
15,2009,80.66383536231884
15,2009,95.87902318840578
13,2009,31.56262550724638
13,2009,46.78160898550725
13,2009,48.61596231884057
13,2009,52.54982289855073
13,2009,46.53538782608696
13,2009,51.41834289855073
13,2009,45.9984568115942
13,2009,1087.151640289855
13,2009,49.45763565217391
13,2009,44.93108376811593
13,2009,59.95412144927537
13,2009,55.58656927536232
13,2009,58.46131130434783
13,2009,48.35078260869567
13,2009,55.3835284057971
13,2009,40.614747536231874
13,2009,52.72548376811594
13,2009,46.28240811594203
13,2009,52.18574434782608
13,2009,66.70092463768115
13,2009,41.37264985507246
13,2009,35.48032231884058
13,2009,36.13528782608696
13,2009,51.11184434782608
13,2009,71.5351272463768
13,2009,67.87294753623188
13,2009,51.98791362318841
13,2009,71.84504057971014
13,2009,50.1225831884058
13,2009,48.44044376811594
13,2009,51.05852666666666
13,2009,53.381004347826085
13,2009,46.066362318840575
13,2009,43.3368695652174
13,2009,59.48190579710144
13,2009,62.1737115942029
13,2009,45.81754057971013
13,2009,41.221340869565225
13,2009,72.67582492753623
13,2009,34.86658376811592
13,2009,40.78292985507246
13,2009,37.65381507246377
13,2009,52.30910376811593
13,2009,33.61662782608696
13,2009,37.16570927536233
13,2009,72.7715704347826
13,2009,87.35420550724638
13,2009,76.66382666666667
13,2009,72.13891623188407
13,2009,44.36550376811594
13,2009,68.36357768115941
13,2009,60.55720260869565
13,2009,67.03921507246376
13,2009,53.494591884057975
13,2009,51.75480550724639
13,2009,62.07047536231883
13,2009,46.95664347826087
13,2009,77.12187826086956
13,2009,71.03287130434782
14,2009,55.36555536231884
1,2009,106.9638
1,2009,130.13650144927536
1,2009,119.2454736231884
1,2009,93.18911449275362
1,2009,135.40078753623192
1,2009,100.57666811594204
1,2009,68.47754811594203
1,2009,82.29114202898549
1,2009,80.27458753623186
2,2009,45.34619420289855
2,2009,42.75602724637682
2,2009,59.84010898550724
2,2009,52.45796202898551
2,2009,46.75176811594203
2,2009,45.72857420289855
2,2009,61.26972724637682
2,2009,66.3538095652174
17,2009,126.21000869565216
17,2009,58.69070982872199
17,2009,55.42183591567852
14,2009,63.17217014492754
16,2009,123.27817826086957
16,2009,371.5147414492754
18,2009,166.51342043478263
18,2009,214.1291827536232
16,2009,138.49574115942028
16,2009,365.3051060869565
16,2009,250.51663246376813
16,2009,306.9654002898551
16,2009,449.4129550724638
16,2009,250.6802739130435
16,2009,172.51328260869565
16,2009,315.0919084057971
16,2009,383.6358666666666
16,2009,301.23553333333336
18,2009,122.45459698625046
18,2009,141.8590247826087
5,2009,121.4926797826087
19,2009,59.68142840579711
3,2009,72.06884782608697
3,2009,142.81085663231892
7,2009,56.85017864734299
7,2009,58.807411690821255
7,2009,57.09668995169083
7,2009,57.90490386473429
4,2009,66.69095652173914
4,2009,85.07397072463768
4,2009,97.35946579710144
3,2009,118.13797570144928
3,2009,51.756149782608695
3,2009,44.63444949275363
20,2008,3767.7232375914414
6,2008,52.47193478260869
6,2008,142.13922811594205
6,2008,1531.2419208695655
6,2008,730.834411594203
6,2008,443.1029846376811
6,2008,147.6709191304348
6,2008,801.1034226086957
6,2008,127.3343892753623
6,2008,98.31275159420292
6,2008,548.6490956521739
6,2008,3524.421534202899
6,2008,91.29057942028986
6,2008,214.50240376811595
10,2008,72.52504985507245
10,2008,54.37011594202898
10,2008,88.38795014492752
10,2008,64.5873284057971
10,2008,52.69822695652174
10,2008,66.85329420289855
10,2008,55.74261536231883
10,2008,73.68766
10,2008,54.30514289855073
10,2008,53.18778260869566
10,2008,58.508266086956525
10,2008,64.1601072463768
10,2008,81.63846434782607
10,2008,71.4064852173913
10,2008,65.07562927536232
10,2008,91.34771217391304
15,2008,86.54121072463768
15,2008,82.2008504347826
15,2008,84.17425188405798
15,2008,89.4392336231884
15,2008,107.32645826086954
15,2008,88.3731631884058
15,2008,86.433275942029
15,2008,90.91850289855071
15,2008,200.92496057971013
15,2008,47.77798231884057
15,2008,493.1331269565217
15,2008,51.25988927536231
13,2008,53.34955101449274
13,2008,40.490014492753616
13,2008,53.23383043478261
13,2008,69.06505420289855
13,2008,52.191615942029
13,2008,46.51078405797102
13,2008,45.84050811594204
13,2008,44.090495942028994
13,2008,46.38650260869566
13,2008,51.43874666666667
13,2008,51.255335072463765
13,2008,41.496296521739126
13,2008,566.4111104347826
13,2008,39.181702898550725
13,2008,52.126372173913055
13,2008,58.575194202898544
13,2008,40.8357831884058
13,2008,43.67352985507247
13,2008,43.7289695652174
13,2008,45.7858631884058
13,2008,46.53699188405798
13,2008,41.998506956521744
13,2008,42.00039681159419
13,2008,59.759434492753634
13,2008,45.51138405797102
13,2008,33.80698231884057
13,2008,36.72442260869565
13,2008,54.399291884057966
13,2008,71.72158376811595
13,2008,44.87562115942029
13,2008,33.53240028985508
13,2008,77.56368202898553
13,2008,57.34923507246376
13,2008,70.35719710144927
13,2008,63.93305217391304
13,2008,59.892560869565216
13,2008,48.82422260869566
13,2008,81.1371463768116
13,2008,78.24297333333334
13,2008,69.81525507246377
13,2008,50.72942550724638
13,2008,38.51398115942029
13,2008,71.98210550724639
13,2008,51.70804434782608
13,2008,29.26951449275362
13,2008,49.53389362318841
13,2008,40.04482
13,2008,45.286933333333344
13,2008,42.50046086956521
13,2008,37.91992985507248
13,2008,55.9534768115942
13,2008,33.70874811594204
13,2008,59.90771739130436
13,2008,69.42762028985507
13,2008,67.81589449275363
13,2008,72.82198724637682
13,2008,64.4685295652174
13,2008,46.888795942028985
13,2008,90.15419739130436
13,2008,64.11350028985508
14,2008,63.65866231884058
1,2008,112.45260666666668
1,2008,79.75470927536233
1,2008,135.67374057971014
1,2008,110.3863936231884
2,2008,38.54084695652173
2,2008,49.94724927536232
2,2008,57.219415942029
2,2008,57.08266898550723
2,2008,41.10295449275362
2,2008,40.58854086956522
2,2008,64.67378144927537
2,2008,77.58610260869565
17,2008,88.05058898550725
17,2008,51.981968089591575
17,2008,51.025228089591565
14,2008,62.14983333333333
5,2008,57.49461338684502
5,2008,93.12062903901894
16,2008,141.22115855072465
16,2008,1399.9462536231886
18,2008,238.9628062318841
18,2008,288.9967343478261
16,2008,273.6195791304348
16,2008,1023.6682744927537
16,2008,413.4014411594203
16,2008,682.2732608695653
16,2008,1065.8549026086955
16,2008,610.0595495652174
16,2008,561.604015942029
16,2008,976.2752272463767
16,2008,3271.2586530434783
16,2008,936.6577927536232
18,2008,140.51425376811596
18,2008,312.86430594202903
19,2008,73.40520666666666
3,2008,43.19624115942029
7,2008,56.90823647342995
7,2008,58.38173811594203
7,2008,65.23278429951692
7,2008,63.466877342995176
4,2008,71.06823623768116
4,2008,79.55330666666667
4,2008,93.7835255072464
20,2007,3767.790330924776
6,2007,52.76077536231884
6,2007,406.4876306822503
6,2007,355.66698633442417
6,2007,324.151705464859
6,2007,90.76887246376812
6,2007,316.22190024746766
6,2007,153.54773507246375
6,2007,631.6252393779024
10,2007,82.08439594202899
10,2007,63.451096811594205
10,2007,83.4849968115942
10,2007,88.24050811594205
10,2007,180.72422811594203
10,2007,59.51529420289855
10,2007,68.12582811594204
10,2007,68.15693420289855
10,2007,79.43603072463767
15,2007,83.0642904347826
15,2007,81.07546289855071
15,2007,80.35880985507248
15,2007,96.06707913043476
15,2007,77.19817710144926
15,2007,81.84123652173913
15,2007,84.98297101449273
13,2007,58.77208637681159
13,2007,42.38897391304348
13,2007,48.69872289855073
13,2007,51.77766231884058
13,2007,50.79900927536234
13,2007,55.258760869565215
13,2007,49.3976147826087
13,2007,51.77524927536232
13,2007,461.20021333333335
13,2007,54.995368405797095
13,2007,57.17010521739132
13,2007,70.22579420289856
13,2007,60.111962898550736
13,2007,55.70413217391307
13,2007,62.61534376811594
13,2007,54.834516521739125
13,2007,64.65990666666667
13,2007,81.62423623188407
13,2007,138.28760376811596
13,2007,65.02811072463768
13,2007,63.28350434782608
13,2007,32.98158231884058
13,2007,35.56536927536233
13,2007,53.22569652173913
13,2007,46.978448695652176
13,2007,40.08098057971015
13,2007,37.554187536231886
13,2007,76.47624086956525
14,2007,89.92763101449275
1,2007,89.09232608695653
1,2007,80.5367347826087
1,2007,94.76717623188408
2,2007,36.81685391304348
2,2007,39.34732927536232
2,2007,51.45398260869565
2,2007,55.95969304347827
2,2007,37.3525747826087
2,2007,41.472380869565214
2,2007,62.74470695652174
2,2007,64.59314927536234
17,2007,65.78359449275362
17,2007,49.812755046113296
17,2007,49.10175808959157
5,2007,70.34723942028985
18,2007,778.8100143478262
5,2007,238.3980347826087
16,2007,101.25560086956524
16,2007,985.9126979710144
18,2007,349.697398115942
18,2007,346.02195927536235
16,2007,623.3850495652175
16,2007,769.0216107246378
16,2007,1518.159143768116
16,2007,597.8798301449276
16,2007,1474.637223768116
16,2007,1024.6084507246378
16,2007,285.4933576811594
16,2007,525.6954782608695
16,2007,2280.8846718840578
16,2007,1696.4852252173914
18,2007,128.53120014492754
18,2007,342.98011318840577
19,2007,69.90875275362319
7,2007,57.87735734299518
7,2007,60.62313125603866
7,2007,54.18636131815045
7,2007,53.08936777777778
3,2007,87.59463217391306
3,2007,23.052331304347824
3,2007,82.82589246376811
3,2007,67.77713333333334
3,2007,57.51960869565218
4,2007,69.13874057971015
4,2007,86.61362023188406
4,2007,85.72032
20,2006,3768.765274924776
6,2006,66.64167666666668
6,2006,716.9545368115942
6,2006,398.9580185507247
6,2006,313.28498214492754
6,2006,192.90245097945527
6,2006,206.19653942028987
6,2006,91.8641423478261
6,2006,92.20215243478262
6,2006,68.52260533333333
6,2006,131.17581678260868
10,2006,70.30947878260868
10,2006,59.644658985507256
10,2006,105.62355310144928
10,2006,109.17415071654116
10,2006,45.99018686956521
10,2006,45.00332762318842
10,2006,50.26136034782608
10,2006,41.02834307246376
10,2006,61.34129599999999
10,2006,90.27577469565216
15,2006,78.54873742028984
15,2006,77.7676875652174
15,2006,86.19430773913044
15,2006,93.66303736231886
15,2006,79.03411669565217
15,2006,81.02855498550724
15,2006,85.27326223188408
13,2006,52.47759301449274
13,2006,42.533464666666674
13,2006,49.4096484057971
13,2006,44.02258820289856
13,2006,49.18435660869566
13,2006,54.69579947826087
13,2006,49.86680072463767
13,2006,52.69570724637682
13,2006,155.15512910144926
13,2006,84.9073796521739
13,2006,82.55191101449277
13,2006,88.46313817391302
13,2006,97.70231892753624
13,2006,78.88591672463768
13,2006,88.01273353623188
13,2006,75.88968805797101
13,2006,83.19737953623188
13,2006,78.84591142028985
13,2006,75.57404898550726
13,2006,44.6150243478261
13,2006,48.864003072463774
13,2006,37.488792
13,2006,52.81967382608696
13,2006,51.59728391304348
13,2006,47.32029933333333
13,2006,52.49625669565218
13,2006,70.04525284057969
14,2006,130.79313695652175
1,2006,114.36350231884056
1,2006,102.7775463768116
2,2006,38.31381927536232
2,2006,44.86142550724638
2,2006,46.01563976811593
2,2006,59.85410414492755
2,2006,40.82268950724638
2,2006,38.50039159420289
2,2006,69.30493811594202
2,2006,73.06936924637682
17,2006,79.42059420289854
17,2006,54.7135189591568
17,2006,58.52889548089592
18,2006,145.0814895949461
16,2006,130.97911489855073
16,2006,242.4713608695652
16,2006,243.13047214492755
16,2006,232.0729003768116
16,2006,183.33676353623187
16,2006,106.84505260869568
16,2006,957.1251141449276
16,2006,941.4441816811596
16,2006,642.3178505797101
16,2006,497.9012961449274
16,2006,669.6126266956522
16,2006,1121.2359724057972
18,2006,255.88055014492755
18,2006,258.39043391304347
18,2006,230.97521753623192
5,2006,651.3466937101448
5,2006,111.8814847826087
19,2006,70.28950302848574
3,2006,85.08896144927535
3,2006,34.608708985507256
3,2006,83.04675014492753
3,2006,38.569333333333326
3,2006,53.828029565217385
7,2006,47.48230123119393
7,2006,61.67002297032437
7,2006,48.3480991442374
7,2006,46.5255487094548
14,2005,132.75164608695653
20,2005,3672.422051146998
20,2005,89.18082558397272
6,2005,67.70530678260869
6,2005,443.8393084927536
6,2005,474.79206034782607
6,2005,93.12828811594204
6,2005,273.1999443478261
6,2005,199.3966270144928
10,2005,331.3064194492754
10,2005,48.09971765217392
10,2005,52.12316704347828
10,2005,61.34108889855072
10,2005,47.49232826086956
10,2005,38.42090950724637
10,2005,45.70356266666666
10,2005,43.309797391304336
10,2005,42.96229933333333
10,2005,33.731264869565216
6,2005,312.6724900289855
6,2005,129.80985988405797
6,2005,97.11150579710144
6,2005,959.837841304348
18,2005,192.87703701449277
18,2005,223.2009033913044
17,2005,55.48721173913044
17,2005,54.27142620289853
17,2005,78.87272515942028
13,2005,54.62269788405796
13,2005,42.245798869565206
13,2005,46.831179739130434
13,2005,43.63332660869566
13,2005,47.749827275362335
13,2005,50.70240527536232
13,2005,49.35910544927535
13,2005,48.25444434782609
13,2005,101.47355985507248
13,2005,76.16061631884058
13,2005,88.67379026086957
13,2005,162.58599133333334
13,2005,90.19825623188407
13,2005,83.05115631884057
13,2005,73.79280947826088
13,2005,83.35996327536233
13,2005,87.20785217391305
13,2005,65.03173194202898
13,2005,58.54511507246377
13,2005,54.164308724637685
13,2005,50.61760872463768
13,2005,38.331862318840585
13,2005,45.546877768115934
13,2005,62.77761527536232
13,2005,43.46286640579711
13,2005,47.53585869565218
13,2005,70.08795469565219
15,2005,91.8492735652174
15,2005,89.33023994202898
15,2005,84.04465947826087
15,2005,142.46469020289854
15,2005,90.64845747826088
15,2005,91.07129385507244
15,2005,91.80242585507246
3,2005,112.19319652173915
3,2005,16.7958144347826
3,2005,92.85676107246378
3,2005,54.85981881790398
3,2005,57.49041090486048
7,2005,38.461347658926
7,2005,36.13986939805645
7,2005,54.26347809370862
7,2005,48.39626070240427
1,2005,232.35456391304348
1,2005,138.5980215942029
1,2005,130.19799672463768
18,2005,119.58023217391305
16,2005,62.17696515942029
16,2005,212.59901811594204
16,2005,146.89903339130436
16,2005,291.2626246376812
16,2005,109.455725942029
16,2005,93.47023956521738
16,2005,218.7867585507246
16,2005,113.34727281159422
16,2005,82.5501356521739
16,2005,285.27365753623195
16,2005,388.14104715942034
16,2005,492.9850535362319
18,2005,163.56677834782607
19,2005,83.16489623188409
19,2005,88.5356568115942
5,2005,408.3755707246376
5,2005,93.96549246376811
19,2005,75.38939182608696
2,2005,56.63039591304347
2,2005,75.76156785507244
2,2005,56.35199260869566
2,2005,59.65456156521739
2,2005,43.65166307246377
2,2005,43.94627086956521
2,2005,77.31513518840579
2,2005,69.05376785507246
4,2005,74.66124493333331
4,2005,76.88120666666666
4,2005,85.55202028985508
