DO,PH,CONDUCTIVITY,BOD,NITRATE_N_NITRITE_N,FECAL_COLIFORM,TOTAL_COLIFORM,WQI clf
6.7,7.5,203,21.94722222,0.1,11,27,0
5.7,7.2,189,2,0.2,4953,8391,0
6.3,6.9,179,1.7,0.1,3243,5330,0
5.8,6.9,64,3.8,0.5,5382,8443,0
5.8,7.3,83,1.9,0.4,3428,5500,0
5.5,7.4,81,1.5,0.1,2853,4049,0
6.1,6.7,308,1.4,0.3,3355,5672,0
6.4,6.7,414,1,0.2,6073,9423,0
6.4,7.6,305,2.2,0.1,3478,4990,0
6.3,7.6,77,2.3,0.1,2606,4301,0
7.1,7.1,176,1.2,0.1,4573,7817,0
6.7,6.4,93,1.4,0.1,2147,3433,1
7.4,6.8,121,1.7,0.4,11633,18125,0
6.9,7,620,1.1,0.1,3500,6300,0
6,7.5,72,1.6,0.2,4995,9517,0
7.3,7,247,1.5,0.2,1095,2453,2
7.3,7,188,1,0.1,1286,3048,2
7,6.9,224,1.2,0.3,3896,6742,0
7.3,6.7,144,1.5,0.1,1940,3052,1
5.3,6.8,319,1.8,0.3,6458,10250,0
6.3,6.4,79,1.6,1.4,7592,12842,0
5.4,7.6,39,1.4,0.1,3176,6367,0
2.2,6.5,322,4.7,1.2,11210,14920,0
5.2,7.1,192,2.6,0.3,5073,8925,0
5.6,7.5,282,1.8,0.1,3205,5082,0
5.5,7.4,275,1.5,0.1,4698,8625,0
7.3,6.7,55,1.4,0.1,2638,4003,0
6.5,7.5,415,2,0.1,864,1538,1
7.2,6.3,100,1.5,0.1,7942,13575,0
6.6,7.8,95,4.9,0.2,16,36,1
6.9,7.9,99,5,0.4,15,34,1
6.8,7.7,85,5.2,0.3,11,23,1
6.7,7.8,80,4.9,0.3,12,29,1
5.1,7.3,3937,10.3,1.8,31,83,0
5.6,7.9,468,3.6,1.9,66,164,1
6.4,7.6,541,5.7,0.6,23,45,0
5.5,7.4,6166,7.7,1.1,44,67,0
6.7,7.6,83,4.8,0.2,28,76,1
3.6,7.4,4424,31.3,2.2,276,474,0
7.2,7.7,226,3.1,0.8,107.4593301,130,1
5.9,7.4,268,6.4,0.4,37,68,0
5.4,7.5,2413,7.4,1.5,59,116,0
5.8,7.3,384,5.4,0.6,37,78,1
5.9,7.4,269,5.1,1.2,34,60,1
6,7.3,269,8.5,0.4,32,58,0
6.1,7.3,196,6.1,0.5,30,63,0
5.9,7.4,269,6.4,0.4,19,47,0
6.3,7.8,223,4.6,0.9,15,32,1
6.7,7.3,9293,3.5,1.8,107.4593301,0,1
6.8,7.2,170,3.1,1.4,107.4593301,0,2
6.8,7.3,4175,3.3,1.6,107.4593301,0,0
6.9,7.3,4282,3.3,1.6,107.4593301,0,2
6.9,7.3,5551,3.4,1.7,107.4593301,0,1
6.8,7.9,5390,4.9,0.8,15,28,1
6.6,8.1,161,4.6,0.3,16,32,1
6.7,8,138,5,0.3,14,33,0
6.7,7.8,81,4.9,0.3,14,35,1
5.9,7.7,194,5.5,0.6,22,51,0
6.3,7.6,186,4.6,0.6,13,31,1
6.6,7.6,207,4.7,0.7,12,31,1
6.8,7.7,85,5,0.4,15,34,1
7.1,7.4,176,2.7,0.9,107.4593301,30,2
7,7.4,178,2.7,0.9,107.4593301,40,2
7.2,7.2,180,2.7,1,107.4593301,70,2
6.7,7.5,85,1.4,1,183,420,2
5.8,7.4,77,1.4,0.8,285,691,2
6.6,7.5,75,1.4,0.7,183,448,2
6.7,7.5,82,1.4,1,161,443,2
6.7,6.9,56,0.9,0.2,82,172,3
6.5,6.7,2240,1.2,0.2,136,304,3
6.3,6.9,73,1.6,0,787,2008,2
7,7.4,130,0.7,0.1,301,590,2
6.6,7.7,191,1.6,0.2,362,661,2
6.9,6.9,134,1.1,0.4,249,531,0
7,7.5,80,0.8,0.4,2573,3583,0
6.7,7.4,14526,0.8,0.6,1411,1969,1
7.2,7.4,82,0.7,0.5,840,1311,2
7.5,7.2,67,1.1,0.1,76,590,3
3,6.6,965,1.7,1.2,247,530,2
5.9,7.4,17990,0.7,0.5,1888,2803,0
6.7,7.5,90,1.6,0.9,199,473,2
6.1,7.4,4429,2,1.6,243,550,2
6.7,6.9,87,1.7,0.2,155,350,2
6.9,6.8,85,1.6,0.2,82,206,3
2.1,6.8,101,1.6,0.8,431,694,1
2.5,6.9,83,1.9,0.3,353,656,1
7.2,7.6,75,1.4,1,188,426,2
6.1,7.6,281,1.2,0.7,384,718,2
6.7,7.6,106,0.5,2.5,44,71,2
7.6,7.1,58,1.2,0.1,163,961,3
1.9,7.7,2941,26.9,2.8,10875,37375,0
7.4,7,35,0.1,0,165,409,3
6.4,7.2,63,1.3,0.4,121,535,2
5.4,6.7,65,1.1,0.3,60,144,0
5.6,7.3,90,1.6,0.4,268,705,2
7.1,8,728,1.2,0.4,374,697,2
5.9,6.8,13953,1.5,0.4,70,166,2
7.4,6.9,57,1.1,0.3,70,159,3
7.2,7.2,41,0.7,0.2,441,658,2
6.5,7.4,71,0.6,0.3,4192,7018,0
6.8,7.1,81,0.8,0,389,1268,2
6.8,6.9,68,1.7,0.1,449,660,2
6.6,7,70,1.4,0.1,550,822,2
6.4,7.7,100,0.6,0.9,56,88,2
7.3,6.9,96,1.9,0.2,89,825,2
6.8,6.6,49,0.5,0.4,1719,2950,2
6.9,6.8,59,0.6,0.5,1916,3375,1
7.1,6.8,14410,1.8,0.1,65,468,2
6.7,7.1,66,0.6,0,222,626,0
7.2,7,59,0.6,0,165,433,3
6,7.6,120,1.3,1.1,212,523,2
5.2,6.8,55,0.6,0.7,171,313,0
4.8,6.8,86,0.7,0.8,208,332,2
3.9,6.9,62,0.5,0.7,155,284,2
5,6.9,3185,1.8,0.4,290,667,2
7,7,36,1.1,0.2,276,541,2
6.3,6.9,64,1.2,0.3,381,815,2
6.2,6.9,86,1.3,0.2,372,1007,2
5.7,6.8,2640,1.9,0.5,385,759,2
5.7,6.9,53,3.1,0.4,574,1205,1
6.6,7.1,2007,1.3,0.2,356,785,2
6.6,7,46,1.3,0.3,228,472,2
6.5,6.5,43,0.9,0.4,87,188,3
6.7,6.3,54,0.9,0.1,136,610,3
4.3,7.2,113,1.8,0.4,188,796,2
4.6,6.7,12561,1.5,0.6,72,171,2
7.7,6.9,61,1.6,0,88,554,3
5.8,6.5,61,1,0.4,70,151,3
4.5,6.9,1614,2.1,0.6,131,230,2
6.6,7,14487,0.9,0.3,55,103,0
6.9,7.5,54,0.6,0,319,1633,2
5.5,7.6,569,1.3,0.9,18,141,2
5.4,7.8,310,0.8,2.4,7,107,2
7.1,7.8,516,0.7,0.5,2,1238,2
6.9,8,505,0.9,0.7,2,1563,2
7.3,7.3,109,2.4,3.4,18,65,2
7.5,7.5,83,2.1,2,22,74,2
6.4,7.2,102,1,0,137,1223,2
6.5,7.1,92,1,0,155,1342,2
7.7,7.9,232,1.3,0.8,30790,40500,0
7.5,7.8,519,2.1,0.7,38700,53556,0
7.3,7.2,103,0.7,1.7,4871,13810,0
7.4,7.9,196,0.7,0.6,5323,15213,0
7.4,7.8,244,1.9,1,20880,12473,0
7.5,8,243,1.7,0.9,8780,30319,0
7.2,8,296,1.5,0.7,1468,4314,1
7.5,7.9,194,1,1,2906,8559,0
7.4,7.9,170,0.8,0.9,4948,16709,0
6.5,7.4,1063,2,0.6,177,374,2
6.8,6.6,63,2.9,0.1,11,36,2
6.6,6.4,101,2.5,0.2,13,41,0
6.6,6.5,136,2.5,0.2,13,45,2
6.7,6.9,226,2.2,0.2,12,38,2
6.7,6.3,72,2.7,0.2,9,32,3
6.7,6.4,61,4.6,0.1,10,34,2
6.6,7.2,1300,2.7,0.2,21,60,2
6.7,7,461,2.5,0.1,17,51,2
6.6,6.2,69,2.5,0.1,11,38,3
6.8,6.9,241,2.5,0.1,14,48,2
6.5,6.6,159,2.4,0.2,11,41,2
6.6,6.7,170,2.5,0.2,10,34,2
5.772926829,7.646808511,997.855814,55.83893617,7.637179487,2200,1554.5,0
5.8,7.2,640,6,4.3,1450,4073,0
4.8,7.6,1090,22,3.6,30500,52500,0
5.5,7.3,705,10,5,2020,5433,0
5.1,7.4,1375,23.7,5.9,27333,50333,0
5.5,7.4,745,10,6.1,12167,29333,0
5,7.6,975,16.3,6.1,11167,21667,0
4.9,7.7,1385,27.5,7.7,42500,72000,0
5,7.3,1067,19.3,6.2,21467,39533,0
5.3,7.2,970,13.3,5.9,3167,7133,0
4.9,7.7,1418,21,4.2,28000,49500,0
4.1,7.5,1015,23,6.1,35000,57500,0
4.8,7.4,854,17,4.7,20500,38000,0
5.772926829,8.2,997.855814,19.8,0,2200,1554.5,0
5.772926829,7.9,997.855814,18.2,0,2200,1554.5,0
4,6.8,370,3,0.8,4,9,2
7.8,7.8,376,1.3,0.4,9,17,2
7.7,7.7,354,1.3,0.3,12,22,2
7.6,7.9,344,1.6,0.4,12,22,2
5.772926829,7.2,997.855814,88,0,2200,1554.5,0
4.4,7.1,694,41,1.2,92,224,0
5.9,8,401,0.9,0.7,4,15,2
6,7.2,106,0.8,0.4,4,15,2
5.6,7.9,326,1.1,0.8,4,4,2
6.2,8.1,592,1,0.7,4,6,2
7.2,7.5,119,2.3,3.8,33,74,2
7.2,7.5,120,2.3,4.1,31,67,2
7.5,7.3,82,1.8,2.8,30,70,2
7.5,7.5,111,2.4,3,293,506,2
5.3,3.3,831,7.7,3.2,18,36,3
7.2,7.2,56,1.7,2.6,21,42,2
7.5,7.2,66,1.6,2.5,22,44,2
7.8,7,74,2.3,4.3,28,108,2
7.3,6.6,274,2.5,2.4,176,386,2
7.4,7.3,67,1.8,2.5,25,55,2
7.2,7.4,82,2,2.8,26,61,2
7.3,7.1,55,1.9,2.5,24,53,2
7.3,7.1,57,2,2.4,24,50,2
6.6,7.1,114,2.6,2.8,2142,3108,0
7.3,5.6,56,1.8,2.1,16,34,3
5.1,7,105,3.6,4.7,351,780,1
7.3,7.1,51,1.6,2.4,19,40,2
7.7,7.2,50,1.6,2,19,36,2
7.6,7.3,115,2.1,3.7,301,528,2
6.2,7,81,2.4,5.1,36,79,2
7.2,7.1,66,1.9,3.4,28,63,2
7.4,7.1,57,1.5,2.9,13,40,0
7.5,7.4,144,1.7,3.5,26,59,2
7.1,7.1,63,1.9,5.6,22,48,2
7.3,7.2,65,1.9,3.3,24,48,2
7.3,7.3,65,2,3,25,54,2
1.5,6.9,345,33.9,16.9,23232,34251,0
3.9,7.1,233,17,10.5,13174,22223,0
1,7.2,376,57.2,20.3,48665,83554,0
0.9,7.2,506,61.1,19.6,64250,106333,0
7.2,7,66,1.9,3.7,28,60,2
7.7,7.2,62,1.6,3,27,59,2
7.3,6.9,61,2.2,2,25,52,2
1.2,7.1,380,45.7,15.6,51583,94083,0
3.2,7.1,258,23.5,10.3,31833,54083,0
7.2,7.2,124,6.9,4.5,348,552,0
7.2,7.1,65,2.1,2.4,56,120,2
7.5,7.3,64,1.9,3.3,21,42,2
7.6,7.3,65,1.9,3.8,21,43,2
7.1,7.3,269,1.4,0.1,28.08823529,115,2
7.2,7.3,275,1.5,0.1,4,68,2
6.9,7.1,186,1.6,0.1,28.08823529,29,2
6.8,7.1,201,1.4,0.2,28.08823529,86,2
6.2,7.8,165,2.1,0,282,340,1
6.4,7.8,158,4.1,0.5,458,500,1
6.6,7.9,210,4.2,1.9,510,572,0
6.066666667,0,208,21.94722222,6.4615,150197.5,919628.2857,0
7.3,7.9,693,0.5,1,161,173,2
5,7.6,1676,1.8,8,329,174,1
5.361087912,0,506,20.41744211,6,26,227,0
6,7.7,1863,8.6,1,47,1183,0
5.3,7.8,817,2.8,1,9,23,1
4.5,8.3,1287,1.5,11,116,5,1
5.361087912,7.707145833,6409.743158,20.41744211,0,6934.054348,2,0
6.8,8.2,1862,2.5,0.87,7,64,1
5,8,6409.743158,0.7,0,6934.054348,13768.42553,0
3,7.7,6409.743158,0.4,0,6934.054348,13768.42553,0
6.7,8.1,2520,7.2,1,6,41,0
8.2,8.4,606,2.9,0,6934.054348,13768.42553,0
5.6,7.5,41,2,0.08,7022,13410,0
5.5,6.7,209,0.8,0.17,1893,2915,1
5.5,7.1,123,1.5,0.09,3293,6264,0
5.3,7.3,182,1.5,0.08,1976,3080,0
6,7.6,100,1.2,0.17,5129,6086,0
5.7,6.9,111,1,0.14,939,3061,2
6.4,7.1,140,1.1,0.1,4464,7908,0
6.2,7.8,44,2,0.06,9429,9320,0
6.1,7.6,43,1.8,0.06,6668,9554,0
7,6.9,64,1.1,0.09,1641,2841,1
6.6,6.5,62,1,0.14,4073,7190,0
7,6.8,304,2,0.49,12140,23867,0
7,7,55,1.2,0.66,1298,2813,1
6.3,7.6,213,1.5,0.06,3803,7069,0
6.7,6.8,83,1.2,0.17,2140,3559,1
7.1,6.6,76,1,0.12,2367,3527,1
6.7,6.6,107,1.3,0.22,2461,3757,1
7.2,6.7,89,0.9,0.06,832,1996,2
4.2,6.7,192,2,0.16,4448,9286,0
6.3,6.6,79,1.6,0.19,2830,6054,0
5.6,7.7,142,1.7,0.14,1831,3644,0
2.8,6.4,424,3.2,0.35,12658,21036,0
5.2,7.1,306,2.6,0.34,1411,1525,0
5.6,7.7,40,1.5,0.07,4153,7130,0
5.5,7.7,40,1.5,0.08,7086,12282,0
6.9,6.7,63,0.9,0.21,691,1132,2
6.3,7.6,227,1.7,0.08,3622,3612,0
7.1,6.6,68,1.1,0.13,4124,8167,0
6.9,7.7,121,3.3,1,77,163,1
7.2,8.2,112,3.3,1,39,94,1
6.9,7.7,103,3.7,0.57,48,103,1
6.9,7.6,104,3.5,0.75,37,79,1
6.4,7.4,1003,4.3,2.89,524,753,1
6.3,8.3,408,2.7,1.58,64,157,1
6.7,7.8,105,3.6,1,43,89,1
6.3,7.6,209,4.4,1.86,48,98,1
5.9,7.6,13768,5,1.79,166,300,0
7.3,7.7,86,3.2,1,50,93,1
3.6,7.4,6487,30.5,1.5,534,745,0
6.3,8.3,999,3.3,1.78,4,112,1
7.2,7.7,125,3.3,1,39,89,1
7.1,7.5,127,3.4,4.4,17,63,0
7.1,7.4,5300,38,1,388,667,0
7.2,7.6,127,3.2,1,22,51,2
7,7.6,126,3.3,1,20,63,1
7.2,7.6,126,3.4,1.89,29,64,1
7.1,7.8,112,3.2,0.63,43,88,1
6.8,7.7,9590,3.6,4.57,3,124,1
6.8,7.4,174,3.7,2.26,4,124,1
6.8,7.6,2572,3.3,4.22,4,118,1
6.7,7.8,6030,4.4,4.78,4,138,1
6.8,7.7,7207,3.9,4.25,3,120,1
6.8,8.1,167,3.8,1,32,85,1
6.8,8,173,3.5,1,53,98,1
7,8,168,3.6,1,44,83,1
6.9,7.9,131,3.5,0.75,41,96,1
7,7.6,125,3.5,0.6,33,63,1
7.2,7.5,132,3.3,0.9,38,88,2
7.2,7.7,119,3.3,1,35,68,1
6.9,7.5,159,2.8,1,3,82,2
6.7,7.7,141,3.3,3,4,90,1
7.3,7.7,132,2.9,2,3,88,2
6.4,7.3,76,1.7,0.62,199,788,2
6,7.1,85,1.7,0.53,262,538,2
6.3,7.1,69,1.3,0.57,248,593,2
6.5,7.3,76,1.6,0.55,226,545,2
6.7,6.6,60,1.2,0.34,228,435,3
7,6.6,3544,1.5,0.37,208,435,3
6.7,7.3,51,0.8,0.35,547,1567,2
6.9,7.7,107,0.7,0.46,255,443,2
6.7,7.9,173,0.9,0.56,191,426,2
5.6,6.9,126,1.2,0.67,266,990,2
7.3,7.4,70,0.8,0.31,2984,4208,0
6.9,7.4,12754,0.8,0.29,1807,2557,1
7.1,7.4,80,0.6,0.5,1921,2831,1
7.2,6.9,62,1.3,0.11,33,150,3
3.4,6.7,2965,2.3,1.11,271,1236,1
6.1,7.2,15871,0.9,0.25,1667,2975,1
6.4,7.2,120,1.9,0.77,258,618,2
6.2,7.2,7448,2,1.01,184,483,2
6.6,6.9,77,1.6,0.29,264,756,2
6.8,7,72,1.7,0.2,249,785,2
2.9,6.7,305,2.2,1.28,403,1623,1
3,6.6,86,2,0.39,357,1319,2
6.7,7.1,79,1.6,0.34,313,738,2
6.1,7.8,2905,1.3,0.54,422,997,1
6.9,7.4,112,0.5,0.35,50,67,3
7,6.9,51,1.1,0.18,44,317,3
3.1,7.2,1416,13.2,4.41,2992,19917,0
7,7.1,30,0.5,0.32,211,496,3
6.1,7,59,1.8,0.58,89,282,2
6,6.4,61,2.1,0.28,87,300,2
6.3,7,105,2.8,0.37,142,543,2
6.9,8.1,502,0.9,0.72,382,615,2
5.9,6.7,14662,1.5,0.52,144,377,2
7.8,6.8,49,1.4,0.3,122,319,3
7.1,7.4,380,1,0.14,1527,66382,0
7.3,7.2,67,0.9,0.38,6490,3471,0
6.2,7.2,51,0.8,0.23,331,942,2
7.2,6.8,69,1.2,0.45,706,941,2
6.9,6.7,75,2.5,0.4,526,701,2
6.3,7.4,113,0.6,0.88,98,128,2
7.6,6.8,79,1.6,0.31,48,109,3
7,7.2,57,0.6,0.46,2117,3558,1
6.8,7.2,105,0.6,0.39,1200,2392,2
6.3,6.7,2315,1.3,0.17,55,278,3
6.4,6.9,18569,1,0.27,40,277,2
6.6,7.3,45,0.6,0.39,228,940,2
6.9,7.2,42,0.5,0.18,151,774,3
6,7.3,92,1.7,0.56,256,597,2
6.1,7.2,59,0.7,1.04,181,311,2
4.5,6.9,1190,0.7,1.17,218,388,2
4.2,7,69,0.6,1.04,240,420,2
6,7,5569,2.2,0.68,473,1894,2
7.3,7,34,1,0.27,234,927,3
6.3,7,44,1.6,0.32,487,1876,2
6.4,7.2,49,1.4,0.23,362,1357,2
5.9,7,3272,2.2,0.62,330,1284,2
4.6,7,65,1.7,0.28,631,1937,1
6.5,6.9,4650,2,1,340,1573,2
6.5,7,42,1.4,1,249,1221,2
6.4,6.4,45,1.2,1,142,376,3
6,6.1,56,1.2,0,136,438,3
5.3,6.8,99,2.8,0.79,106,523,2
6.9,6.7,66,1.8,0,93,205,3
6,6.6,67,1.5,3.69,168,398,2
4.9,6.8,9107,1.6,1,208,614,2
6.6,6.8,15525,1.1,0.06,149,347,2
7.1,7.5,46,0.8,1,239,1097,2
6,7.3,432,1.2,3,3,78,2
6.1,7.7,328,1.2,1,3,211,2
5.8,7.8,707,0.6,0.85,2,1100,2
6.1,8,674,0.9,1,2,1260,2
7.3,7.3,164,2.3,1,115,336,2
7.6,7.4,122,2.4,1,223,834,2
6.5,7.1,95,1,0,156,212,2
6.5,7.1,56,1,0,30,79,0
7.5,7.8,237,1.4,0.89,8281,18918,0
7.6,7.6,3688,2.3,2.66,19264,32918,0
7.3,7.5,82,1.2,1.58,15816,17512,0
7.5,8,202,1.4,1.89,11771,23191,0
7.3,7.9,232,2.9,2.23,9026,30836,0
7.4,7.9,246,2.3,1.9,1850,3900,0
6.9,8.1,3960,2,2.26,19058,22523,0
7.2,7.8,201,1.3,1.59,29937,31034,0
7.3,8,221,1.2,2.26,16103,5289,0
6.7,7.5,1088,1.7,0,194,474,2
7.2,6.5,73,3.1,0,19,59,2
6.7,6.3,98,3.3,1.5,21,74,2
6.3,6.5,143,4,4,38,124,2
6.6,6.9,260,5.4,1,17,53,1
7.1,6.3,71,3.5,1,24,82,2
6.9,6.3,65,3.5,0,17,52,2
7.3,7.1,607,3.6,0.88,33,104,2
6.1,7,446,5.2,0.56,26,77,1
6.9,6.4,94,3.2,1.59,20,65,2
6.8,6.8,451,9.4,0.55,22,58,0
6,6.6,169,3.9,2,22,84,2
6.5,6.7,187,3.3,3,32,113,2
5.5,7.2,636,9.7,4,1328,4975,0
4.7,7.3,1088,23.8,4,28250,56000,0
5.3,7.2,689,11.3,4,1350,6025,0
4.9,7.3,1267,23.5,3,24750,54250,0
5.3,7.4,852,13,4,13775,26750,0
4.9,7.5,977,16.5,5,12375,30500,0
4.4,7.4,1256,24.8,6,25250,55250,0
4.8,7.2,1021,20.3,4,22875,43700,0
5.1,7.3,971,14.8,5,2125,8425,0
4.6,7.4,1284,24.3,4,21500,50000,0
4,7.4,1096,26,3,31750,57500,0
4.4,7.3,1002,21.5,4,21000,43750,0
5.772926829,6.9,910,13,0,2200,1554.5,0
5.772926829,6.5,930,15,0,2200,1554.5,0
5,7.3,997.855814,33.9,0,2200,1554.5,0
5.772926829,6.7,960,18,0,2200,1554.5,0
4.8,7.6,295,0.8,0,4,9,2
7.1,7.5,293,1.3,0,9,19,2
7.1,7.5,316,1.4,0,13,22,2
6.6,7.5,274,1.6,0,14,24,2
4.9,7.4,407,16.3,0,51,120,0
4.9,8.3,603,1,0,4,5,1
5.5,7.4,138,0.8,0,4,6,2
5.5,8.1,625,1.1,0,4,6,2
5,7.3,305,1.7,0,4,12,2
5.6,8.1,552,1.1,0,4,6,2
7.3,7.3,402,2.1,0,4,32,2
7.2,7.3,99,2.2,1,26,57,2
7.2,7.4,102,2.2,1,25,56,2
7.6,7.2,72,1.8,2.56,24,57,2
7.1,7.5,131,2.2,3.2,239,413,2
5.2,2.9,682,7.8,1.5,16,30,3
7.3,7.1,47,1.3,2,15,48,3
7.6,7.2,52,1.2,2,16,36,3
8,6.9,64,1.8,3.38,23,49,3
7.9,7.3,46,1.4,1,12,29,0
7.4,7.2,53,1.9,3,14,32,2
7.7,7.2,55,1.6,3,15,63,2
7.1,6.5,237,3.8,4.56,674,1072,1
7.8,7.2,50,1.6,1.77,20,41,2
7.3,7.3,71,2,2.66,21,47,2
7.3,7,91,1.8,3.3,20,45,2
7.4,7.1,49,1.7,2.44,19,42,2
6.5,7.1,99,2.7,3.56,1967,2722,0
7.5,5.7,50,1.5,2.21,10,23,0
5.8,6.9,68,3.1,4.9,197,463,2
6.9,7.2,44,1.4,2.66,14,33,2
7.8,7.3,93,1.9,2.99,264,444,2
6.6,7,66,2.3,4,29,63,2
7.6,7.1,53,1.7,3,23,53,2
7.8,7,47,1.4,2,8,35,3
7.7,7.4,128,1.6,3.32,25,56,2
7.1,7,54,1.8,2.58,20,43,2
7.4,7,69,1.6,3.3,17,87,3
7.5,7.2,58,1.6,2.25,21,46,2
3.1,7.2,401,21.8,19,22556,31444,0
4.7,7.2,202,13.6,15,13444,20056,0
2.1,7.2,303,37.2,18.2,39444,62333,0
1.8,7.2,394,40.6,15.4,57222,96944,0
7.2,6.9,55,1.7,3.04,26,56,3
7.9,7.1,55,1.2,3.55,23,50,3
6.9,6.9,52,2.2,3.48,1576,45,1
1.9,7,306,34.2,17.9,48278,85667,0
4.5,7.1,196,15.5,11,48611,43333,0
7.2,7.1,107,6.7,5.56,303,476,0
7.5,7,82,2.1,3.02,45,122,2
7.1,7.5,189,1.9,1,28.08823529,129.5714286,2
7,7.6,197,1.8,1,28.08823529,129.5714286,2
7.2,7.9,158,1.9,0.95,28.08823529,129.5714286,2
6.5,7.8,161,1.8,0.99,28.08823529,129.5714286,2
6.6,7.7,165,1.7,0,280,325,2
6.7,7.8,167,4.8,1,440,520,0
6.6,7.7,183,3.7,1.55,415,575,1
7.1,7.8,151,8,0.08,150197.5,919628.2857,0
7.2,7.4,319,0.7,0.18,5,10,3
6.2,8.4,894,9,0.38,140,350,0
2.2,8,1835,17.9,0.86,10478,25478,0
2,7.7,3165,32.3,3.44,11498,15173,0
2.4,7.6,1500,6.2,1.31,3,13,0
5.9,7.2,52,2.1,0.08,1767.558659,90,0
6.1,6.8,408,1.3,0.17,1300,3808,1
5.5,6.9,143,1.3,0.09,4100,11113,0
5.4,7.2,60,1.5,0.08,428,2309,2
5.8,7.2,34,5.3,0.17,855,3322,0
5.9,6.7,125,1.5,0.14,1638,5793,1
6.4,6.7,175,1.3,0.1,772,3636,2
6.2,7.7,39,1.3,0.06,1296,4517,1
6.1,7.8,39,1.5,0.06,1032,5840,1
7.3,6.9,61,0.7,0.09,1430,4388,2
6.8,6.6,71,1.5,0.14,2495,3949,1
7.4,6.5,129,2.3,0.49,5868,16691,0
7,6.8,503,1.6,0.66,965,2404,2
6.3,7.5,31,1.6,0.06,1466,4267,1
7.1,6.8,70,0.8,0.17,716,3567,2
7.3,6.8,69,1.2,0.12,457,2446,2
6.7,6.6,118,1,0.22,1104,3496,2
7.4,6.8,80,1.3,0.06,274,1404,3
4.5,6.6,250,2.4,0.16,1572,5889,1
6.1,6.9,74,1.8,0.19,1074,3937,1
5.9,7.3,44,1.6,0.14,962,2794,1
2.4,6.5,195,4.8,0.35,7980,14217,0
4,6.8,207,1.8,0.34,818,2280,1
5.4,7.6,40,1.6,0.07,290,1330,0
5.3,7.6,41,1.4,0.08,952,2517,1
7,6.9,54,0.8,0.21,667,3059,2
5.9,7.7,44,2.1,0.08,1200,831,1
7.1,6.5,60,1.7,0.13,2926,8163,0
6.9,7.7,99,3.3,0.56,53,123,1
6.6,7.9,123,3.2,0.52,44,104,1
6.6,7.7,220,3.6,0.65,25,77,1
6.8,7.7,219,3.4,0.63,23,75,1
4.8,7.2,5429,8.4,2.08,177,408,0
6.4,8,493,4.2,3.91,17,68,1
6.8,7.6,100,3,0.54,124,295,1
6.7,7.5,316,4.6,0.6,47,132,1
6.9,7.7,84,3.1,0.42,69,168,1
6.9,7.9,312,2.7,1.58,4,107,1
6.8,7.5,146,3,0.6,124,241,0
6.7,7.3,127,2.9,0.59,100,209,2
5.6,6.9,432,4.5,1.72,58,173,1
6.5,7.3,126,3,0.59,132,284,2
7.1,7.5,128,3,0.6,136,297,2
6.4,7.3,129,3.1,0.6,68,191,2
6.9,7.7,129,2.9,0.55,135,268,1
7,7.9,153,2.9,0.55,30,86,1
6.4,7.6,10165,3.7,2.14,5,139,1
6.9,7.7,307,2.8,3.6,4,123,2
6.3,7.7,322,3.5,1.1,4,116,1
6.5,7.5,5835,3.4,1.72,4,126,1
6.3,7.4,9245,4.7,2,4,134,1
6.5,8.1,1907,4,0.55,46,115,1
7,8,1896,3.5,0.64,190,245,1
7,8,206,2.9,0.56,31,74,1
6.8,7.8,239,3.3,0.56,33,77,1
6.4,7.6,152,3.2,0.96,62,142,1
6.7,7.7,146,3,0.89,30,73,1
6.7,7.6,137,2.9,0.76,24,64,2
6.6,7.8,228,3.5,0.57,30,79,1
7,7.7,409,2.4,0.93,4,112,2
6.8,7.6,263,2.9,0.81,4,123,2
6.9,7.5,338,2.3,3.93,4,108,2
7,7.2,79,0.8,0.62,279,637,2
6.6,7,67,1.1,0.53,275,670,2
6.6,7.3,59,0.7,0.57,281,541,2
6.2,7.3,66,0.8,0.55,303,609,2
7.1,7,67,1,0.34,170,538,3
7,6.7,5341,1.1,0.37,158,528,3
6.7,7.3,89,1.1,0.35,1163,2025,1
6.2,7.3,136,1,0.46,296,676,2
7.1,8.1,212,0.9,0.56,524,992,0
6.3,6.3,134,1.2,0.67,224,780,3
7.3,7.2,76,0.6,0.31,468,893,2
7,7.3,11041,0.9,0.29,256,503,2
6.8,7.1,75,0.8,0.5,693,1169,2
7.4,7.2,61,0.7,0.11,54,255,3
1.7,6.6,769,3.4,1.11,556,1717,1
6.1,7.5,14083,1.4,0.25,920,2686,1
6.6,7.2,92,0.8,0.77,332,660,2
6.6,7.2,1348,0.8,1.01,392,810,2
6,6.7,95,1.2,0.29,253,680,2
6.6,6.8,78,1,0.2,275,626,0
0.6,6.7,268,4.1,1.28,400,1308,0
1.8,6.6,82,2,0.39,399,1410,1
7.1,7.2,61,1,0.34,251,608,2
6.6,8,310,1.1,0.54,517,783,1
7,7.1,97,0.8,0.35,45,77,3
7.3,7,51,0.7,0.18,65,258,3
0.5,7.1,1717,21.2,4.41,3317,15833,0
7,7.4,55,0.9,0.32,800,1400,2
6.1,6.8,67,1.1,0.58,80,394,3
7,6.7,61,1.3,0.28,168,248,3
5.2,6.9,81,1.5,0.37,71,465,2
6.1,8,510,1.1,0.72,784,1572,1
6.5,6.9,12150,1.8,0.52,711,1481,2
7.9,7.2,50,1.1,0.3,319,845,2
7.5,6.9,34,0.9,0.14,110,256,3
7,7.4,72,1,0.38,496,897,2
7.3,7.3,99,0.9,0.23,1088,1788,2
7.5,6.9,125,1.6,0.45,970,1400,2
6.8,6.9,116,1.7,0.4,825,1260,2
5.8,7.3,107,0.9,0.88,232,343,2
7.1,7.2,85,0.8,0.31,67,184,3
6.8,7.1,58,0.7,0.46,2010,3460,1
5.7,7.3,13197,1.5,0.35,46,144,2
6.7,7.1,58,1.2,0.39,964,1739,2
7,6.9,3453,0.9,0.17,56,278,3
6.5,7,14369,1.3,0.27,63,175,2
6.6,7.3,70,1.4,0.39,838,1875,0
7,7.3,60,0.8,0.18,631,1813,2
6.3,7.2,97,0.8,0.56,357,880,2
6,7,63,1.1,1.04,243,493,2
4.4,7.1,113,1.5,1.17,358,722,2
4.5,7.2,79,1,1.04,279,537,2
5.1,6.9,1789,2.1,0.68,408,1946,2
7.5,7.2,36,1.1,0.27,282,1134,2
6.8,7,59,1.3,0.32,648,2267,2
6.8,6.9,114,1.4,0.23,388,1785,2
5.9,6.8,1108,2.2,0.62,386,1520,2
4.9,6.7,88,2.2,0.28,480,2200,2
6.8,6.9,1686,1.4,0.25,236,1223,2
7.1,6.9,45,1.2,0.29,451,1636,2
6.9,6.6,56,1.1,0.3,177,542,3
6.5,6.3,49,1,0.22,87,323,3
4.9,6.6,169,2.1,0.76,250,1241,2
6.9,7.1,63,0.9,0.16,152,336,0
6.6,6.7,69,0.8,0.38,185,464,3
4.5,6.6,6381,2.1,0.34,196,435,2
6.2,7.2,9326,1.3,0.22,61,141,2
6.6,7.1,15158,1.1,0.26,126,810,2
6.3,7.3,74,1.2,0.29,725,1813,2
6,7.6,429,1.1,1.1,3,362,2
6,7.8,308,1.1,1.47,3,343,2
5.8,7.4,505,0.6,0.73,4,1517,2
6.1,7.5,465,0.5,0.34,4,1458,2
6.4,7.1,183,2.3,0.62,209,398,2
7.1,7.4,135,1.9,0.72,419,995,2
6.7,7.2,103,1,1.013409091,11,70,0
6.8,7.1,106,1,1.013409091,13,137,3
7.8,7.9,213,1.5,0.35,7742,15083,0
7.7,8.1,312,2,0.75,12675,32017,0
6.9,7.6,99,1.6,1.39,3066,5395,0
7.3,8,230,1.6,0.69,2346,4348,0
6.8,8.1,264,2.6,1.16,2428,5142,0
7.2,8.1,272,3.1,1.46,2196,4586,0
8,8.3,312,1.4,0.73,1618,4319,0
7,8,199,1.8,1.11,1503,3573,0
7.2,8.1,201,1.6,0.36,1239,2324,1
6.8,7.5,890,2.1,0.51,274,589,2
7.3,7.6,160,1.9,0.06,32,89,2
7,7.7,111,2.2,0.08,53,131,2
6.7,7.7,139,3.1,0.22,123,300,1
7.2,7.2,288,2.1,0.14,33,91,2
7,7.1,95,1.9,0.08,47,118,2
7,7.5,84,1.7,0.06,32,87,2
7.4,7,3101,15.6,0.15,76,174,0
7.2,7.3,510,2.9,0.08,46,123,2
7.1,7.4,88,1.8,0.07,34,90,2
7.2,6.9,338,3.8,0.07,44,104,2
6.7,7.6,162,3.3,0.16,90,249,1
6.7,7.6,182,4.1,0.15,92,251,1
6.8,8,414,3.1,0.88,2200,1554.5,0
5.5,7.4,635,8.8,5.08,1400,5500,0
5.5,7.4,1051,25,6.8,32000,63000,0
5.3,7.3,636,9.9,5,2150,10000,0
5.1,7.4,993,21.9,6.63,36250,57750,0
5.3,7.5,632,13.5,5.08,20000,34750,0
4.9,7.4,973,17.5,4.77,22000,40667,0
4.3,7.5,1156,24.5,7.65,33750,65000,0
4.8,7.4,904,26,8.6,31750,55000,0
5.1,7.4,1110,16,14.85,3475,12000,0
5.3,7.4,1290,26.9,8.1,36250,66250,0
4.9,7.4,990,27.8,6.78,19000,40500,0
5.2,7.4,914,20.5,6.18,14750,29500,0
6.4,7.9,1808,21,5.9,2200,1554.5,0
6.6,7.8,1302,18,7.637179487,2200,1554.5,0
6.4,8,1286,19.5,7.637179487,2200,1554.5,0
4.8,7.5,280,2.4,0.72,3,4,1
7.7,7.4,344,1.2,0.37,9,19,2
7.3,7,310,1.4,0.38,13,22,3
7.1,7.7,303,1.5,0.34,13,23,2
6.2,7.5,788,41.5,4.08,105,235,0
6,8.3,468,1.4,0.43,5,16,1
5.9,7.3,234,1.5,0.36,4,12,2
6.4,8,527,1.2,0.35,5,21,2
5.9,7.9,796,1.5,0.48,4,14,2
7.3,7.4,388,2.1,0.58,4,46,2
7.7,7.2,95,1.8,2.67,22,50,2
7.6,7.2,92,2.5,2.41,20,45,2
9.9,7.2,65,1.5,2.31,21,55,3
7.6,7.4,93,2.1,2.89,276,408,2
5.5,2.9,568,6.8,1.12,18,33,3
7.6,7,42,1.3,3.01,11,27,3
7.7,7.1,45,1.4,2.89,9,22,3
8.3,7,59,1.7,2.86,16,33,3
7.7,6.3,250,2.1,3.88,180,326,3
8.8,7.3,37,1.5,1.62,15,35,3
7.3,7.3,72,2,1.65,17,36,2
7.5,7,38,1.7,2.2,18,40,3
7.8,7.1,44,1.6,2.62,15,33,3
7,7,100,2.4,3.03,1967,2600,0
7.5,6.3,52,1.7,0.82,7,21,3
6.4,6.9,61,2.6,3.88,227,538,2
7.5,7.1,39,1.4,2.88,12,22,3
8,7.1,41,1.4,3.35,10,25,3
7.9,7.3,93,1.7,5.02,295,418,2
7.5,6.9,69,1.9,4.92,20,49,0
7.9,7.2,46,1.7,2.72,20,45,2
8,7.2,42,1.4,2.47,5,31,3
7.7,7.1,101,1.5,3.42,16,43,3
7.2,7.1,49,1.6,2.86,17,40,2
8.2,7.1,49,1.2,2.81,15,32,3
7.8,7.1,58,1.5,2.97,19,43,3
3.9,7.1,235,16.9,16.61,16500,23000,0
4.9,7.1,182,14.2,11.61,10417,15500,0
2.7,7.1,281,35.4,14.84,41000,62667,0
2.5,7.1,382,37.2,11.81,53083,87167,0
8,7,48,1.4,3.8,17,41,3
8.4,7.1,48,1.2,3.08,18,45,3
6.8,6.6,49,1.9,3.07,18,38,3
2.1,7,286,45.6,10.61,51250,84500,0
4,7.1,194,22.4,10.47,29500,45250,0
7.7,7.2,107,6.6,3.02,285,425,0
7.6,7.1,51,2,2.6,37,81,2
7.7,7.1,46,1.6,3.93,8,22,3
7.7,7.1,49,1.9,3.89,11,26,2
6.5,7.4,297,1,0.13,26,438,2
6.3,7.5,287,0.9,0.14,5,204,2
6.5,7.2,375,1.1,0.17,33,625,2
6.9,6.9,349,1.1,0.18,38,503,3
6.6,7.8,165,1.6,0.43285,268,316,2
6.4,8,155,3.9,0.5,512,516,0
6.5,8,168,4.2,0.99,488,616,0
6.7,7.7,218,5,1.31,150197.5,919628.2857,0
4.2,7.9,4909,18,7,146.8888889,1075,0
6.7,8.5,235,57.52727273,3.1,146.8888889,1075,0
6.7,8.3,262,57.52727273,10.24692308,146.8888889,1075,0
6.8,7.8,227,57.52727273,10.24692308,146.8888889,1075,0
6.8,8.5,249,57.52727273,0.11,146.8888889,1075,0
4.2,8.2,2754,42,10.24692308,146.8888889,1075,0
7.1,7.3,212,1.4,0.84,3,6,2
5,8.3,12771,4.1,1.48,7,30,0
6.7,8,304,1.5,0.18,1500,3550,0
5.8,7.7,1315,2.5,0.22,1900,6800,0
7.6,7.7,1291,10,0.34,23,77,0
4.3,8.4,605,6.5,1.68,5,15,0
3.7,8.2,600,4.3,1.66,6,20,0
4.6,7.2,729,4,0.33,900,2300,0
6.2,8.4,2670,1.3,0.24,6934.054348,13768.42553,0
6.8,6.5,43,1.1,0.42,8,178,3
6.6,7,59,1.1,0.27,8,113,3
6,6.2,106,1.5,0.28,9,166,3
5.9,6.6,516,1.1,0.18,8,169,3
7.3,6.1,87,0.9,0.33,6,169,3
7.3,5.9,74,1.5,0.22,8,163,3
6.7,6.3,127,2,0.44,10,149,3
6.8,6.2,226,1.6,0.18,9,151,3
7.1,5.9,93,1.8,0.28,9,131,3
7.4,6.2,76,1.3,0.41,11,133,3
7.3,6.2,113,1.2,0.33,9,137,3
7.3,5.9,100,1.3,0.27,6,173,3
6,5.9,273,1.8,0.31,10,171,3
6.1,6.5,201,2,0.43,9,149,0
6.2,6.3,245,1.8,0.31,7,135,3
7,6.5,75,0.9,0.22,7,166,3
7.3,6,74,1.6,0.11,8,181,3
7.1,7.9,108,3.3,0.42,65,137,1
7.1,7.7,111,4.4,0.32,107.4593301,234.5779817,1
7,8,129,3.5,0.49,40,105,1
7,8,130,3.3,0.46,33,93,1
5.7,7.4,2323,6.3,1.47,400,541,0
5.9,7.6,462,4.9,2.47,23,63,1
7,7.7,107,3.8,0.4,131,285,1
6.2,7.4,299,5.1,0.95,209,401,1
7.2,7.9,77,3.2,0.42,164,282,1
6.8,7.8,350,2.6,1.99,2,72,2
6.9,7.5,133,3.2,0.55,252,409,1
6.9,7.5,143,3.4,0.54,149,307,1
6.1,6.9,609,4.2,3.1,65,135,1
6.8,7.4,129,3.2,0.86,51,133,2
6.7,7.4,130,3.2,0.75,45,124,2
6.6,7.4,130,5,0.74,67,158,1
6.7,7.5,120,3.6,0.73,85,226,1
7.1,7.9,139,3.2,0.45,74,147,1
6,7.4,13925,59.1,3.08,4,116,0
6.7,7.7,274,2.3,2.04,5,88,2
6.3,7.9,326,2.5,2.32,2,71,1
6.3,7.9,7392,2.4,6.41,4,71,1
6.3,7.7,12051,4.4,5.37,4,102,1
7,8.3,162,3.8,0.48,44,90,1
7,8.3,212,3.6,0.44,47,90,1
7.1,8.3,227,3.2,0.48,67,124,1
6.8,8.2,314,4.3,0.45,28,69,1
6.8,7.8,151,3.4,0.5,601,740,1
7,7.8,123,3.4,0.44,42,100,1
6.9,7.8,139,3.3,0.76,85,169,1
6.8,8.2,313,4,0.49,49,99,1
6.7,7.8,215,2.5,0.83,2,51,2
6.7,7.8,204,2.5,0.77,2,68,2
6.9,7.7,205,2.2,0.93,2,55,2
7.1,6.9,72,0.5,0.25,278,641,3
6.6,6.9,70,0.9,0.49,223,495,3
6.9,7.1,52,0.8,0.18,46,520,3
7.2,7,830,0.8,0.16,94,654,3
6.3,6.9,95,1.3,0.99,750,1325,2
7.2,7.4,164,0.9,0.46,1325,2225,1
6.9,7.5,231,0.8,0.55,1000,1725,0
6.5,6.9,101,1.3,0.47,468,1127,2
7.1,7.1,64,0.6,0.4,283,646,3
7.1,7.1,4600,0.6,0.35,229,538,3
7.5,7.2,52,0.6,0.15,285,900,3
2,6.8,265,2.4,2.3,1525,5425,0
5.6,7,12769,1.2,0.41,725,1650,2
7.1,7,90,0.6,0.64,338,625,3
6.1,7,248,0.8,0.66,500,1150,2
6,7,94,1.1,0.13,183,370,2
6.5,7.5,76,0.8,0.08,275,585,2
1.5,6.6,192,3.6,0.92,881,2978,0
2,6.8,79,2.4,0.2,456,1275,1
7.2,7.1,52,0.6,0.15,298,687,3
7.2,7.3,54,0.9,0.25,330,610,2
0.8,7.1,1239,11.9,1.87,4250,11000,0
6.4,6.5,58,1.3,0.34,255,960,3
6.3,6.8,77,1.2,0.16,73,208,3
5.4,6.6,80,1.6,0.27,335,775,2
5.8,7.8,666,1,0.24,993,1650,1
6.6,7.2,12768,1.1,0.13,88,1412,2
7.7,7.2,44,1,0.28,29,148,3
7.1,7,27,0.4,0.11,73,218,3
7.3,7.2,59,0.6,0.19,160,465,3
7.8,7.1,119,0.7,0.87,875,1725,2
7.3,7.1,54,1.3,0.41,415,913,2
7,6.6,104,1.5,0.49,500,1000,2
6,7.2,92,0.7,0.38,765,1390,2
6.8,6.6,48,0.5,0.44,1225,2025,2
7,7,56,1.1,0.43,768,1725,2
6.7,6.9,2531,0.5,0.22,308,465,3
6.2,7.2,15362,0.8,0.39,830,1303,2
7.3,7.2,62,0.8,0.95,525,985,2
7.6,7.2,59,0.6,0.65,463,1163,2
6.4,6.8,83,0.5,0.42,175,575,3
7,6.6,50,0.6,0.75,295,578,3
6.7,6.8,76,1.2,1.21,310,625,2
6.7,6.6,64,0.9,1.35,428,838,3
5.6,6.9,943,1.5,0.4,655,1925,2
7.4,7,38,0.9,0.26,386,1196,2
6.7,6.9,43,1,0.3,1043,2750,2
7.1,7.3,48,1.5,0.36,595,1775,2
6.2,6.8,309,1.6,0.39,1129,2725,1
5.2,6.8,61,1.8,0.33,1123,2650,1
6.8,6.9,995,1.1,0.24,349,1258,2
6.8,6.9,52,0.9,0.45,39,198,3
6.2,6.6,44,0.7,0.21,715,1630,2
4.5,6.5,77,1.1,0.34,400,2675,2
7,7.4,69,1,0.12,230,660,2
6.5,6.8,58,0.5,0.24,303,1026,3
4.6,6.9,98,0.6,0.11,168,348,2
6.6,7.3,12327,0.6,0.71,1326,2210,1
7.1,7,51,1,0.78,750,1700,2
6.2,7.5,371,1.1,1.62,3,528,2
6.2,7.7,316,1.3,2.41,3,312,2
7.3,7.1,241,2.9,1.17,100,185,2
7.7,7.4,121,1.4,0.64,378,1255,2
6.5,7.3,64,1,2.6,236,420,2
6.9,7.4,57,1,1.28,46,409,2
7.5,8,211,1.9,0.39,3005,6858,0
7.2,8,263,3.7,0.63,6625,14725,0
7,7.6,111,1.6,0.67,1081,2743,1
7.5,7.9,205,1.5,1,1615,3542,1
7.1,7.7,283,2.3,1.73,2882,6692,0
7.4,8,263,1.7,0.65,3113,6617,0
8.1,8,300,2.3,0.45,2272,4569,0
7.8,8,13103,2.1,0.59,277,739,1
7.4,8,207,1.5,0.53,1356,2872,1
7.2,8,198,1.4,0.57,677,1850,1
6.3,7.6,830,1.8,0.24,738,2020,1
7.4,7.6,104,1.2,0.09,738,2020,2
6.9,7.8,440,3.4,1.21,2200,1554.5,0
5.8,7.2,732,8.5,3.83,1089,4838,0
5.6,7.4,1322,15.3,15,16750,41500,0
5.4,7.3,809,10,4.2,4278,8975,0
5.7,7.3,1103,14.3,13.75,20250,52500,0
5.7,7.5,906,24,14.18,7863,17625,0
3.5,7.4,1064,20,13.2,8000,14500,0
3.2,7.6,1197,27.3,19.2,20250,40250,0
4.7,7.3,1383,32.8,16.4,14388,42875,0
4.8,7.4,1063,16,5.03,3138,8025,0
5.3,7.5,1532,18.3,15.8,27000,63500,0
5.6,7.5,1269,34.5,12.15,22000,60000,0
5.4,7.4,1194,22,8.3,10000,35000,0
6.1,6.8,780,14.7,7.637179487,2200,1554.5,0
6.1,6.8,773,14.7,7.637179487,2200,1554.5,0
6,7,820,15.3,7.637179487,2200,1554.5,0
4.8,7.9,650,3.2,0.68,6,62,1
5,7.3,390,2.8,0.14,4,20,1
8.3,7.6,334,1,0.49,9,16,3
8.2,7.7,316,1.2,0.48,11,20,2
8.3,7.6,304,1.2,0.51,12,20,2
5.5,7.6,743,7.6,1.02,81,166,0
5.1,7.8,657,1.7,0.26,6,23,2
5.3,7.8,623,1.7,0.390103448,5.793103448,59.86206897,2
7.8,7.2,139,1.9,0.56,263,359,2
6.5,3.1,489,6.1,0.52,32,47,3
7.3,7,162,2.2,0.69,2085,2633,0
7.8,7.1,136,1.9,0.52,303,409,2
7.7,7.1,205,7,0.84,303,461,0
8.1,7.1,267,1,0.11,2,12,3
8,7,278,1.1,0.11,3,18,3
6.9,7.2,268,1.1,0.11,6,37,0
6.8,7.1,286,1.3,0.11,8,29,2
6.6,7.8,149,1.8,0.43285,209,340,2
6.3,8,164,3.4,0.3,380,528,1
6.6,7.9,196,4.4,0.8,425,648,0
5.6,7.5,15608,25,18.73,5,5,0
5.8,7.8,378,21.94722222,2.61,150197.5,919628.2857,0
6.6,7.7,489,21.94722222,2.66,350,350,0
6.6,7.4,492,21.94722222,3.6,150197.5,919628.2857,0
6.2,7.8,359,21.94722222,3.67,4,919628.2857,0
5.8,7.7,8757,21.94722222,10.45,4,4,0
5.1,8.1,533,3.7,0.45,3900,7500,0
7.1,8,555,2,0.35,7500,15000,0
8.1,7.6,938,8.6,0.4,22,108,0
6.2,7.8,7778,2.7,0.26,2880,6581,0
5.361087912,7.2,1440,46,0.2,80,330,0
3.2,7.7,885,6.3,0.51,3900,9575,0
6.6,6.5,58,1.8,0.87,0,53,3
6.6,6.6,145,1.5,0.65,4,98,3
6.3,6.6,55,1.8,0.36,8,140,3
6.4,6.4,188,2,0.44,15,153,3
6.9,6.2,61,1.7,1.07,7,117,3
7.2,6.1,62,2.6,0.92,8,123,3
6.9,6.6,154,1.9,0.83,17,173,3
7,6.3,742,1.6,0.42,8,139,3
7.6,6.2,62,1.1,0.38,12,160,3
7.1,6.2,69,1.4,0.56,7,141,3
6.8,6,93,1.9,0.75,9,136,3
7.1,6.2,89,1.4,0.68,6,119,3
6.3,6.2,110,1.5,0.59,8,157,3
6.2,7,77,1.8,0.46,11,173,2
6.2,6.8,67,1.7,0.61,8,145,2
6.9,6.5,62,1.4,0.6,10,107,3
6.7,6.2,62,0.9,0.57,8,187,3
6.8,7.9,119,3.5,0.58,286,517,1
7,7.7,88,3.2,0.13,8,17,1
6.9,7.3,70,3.4,0.19,107.4593301,234.5779817,2
7.4,7.2,77,3,0.23,107.4593301,234.5779817,2
7,7.4,3113,4,2.16,95,350,1
5.5,8.1,363,8.4,2.15,16,69,0
6.9,7.5,86,3.6,0.4,316,582,1
6.4,7.4,621,37.8,1.79,413,728,0
6.9,7.4,73,3.5,0.27,482,659,1
3.4,7.4,17842,31.5,3.32,1767,1767,0
7.4,8.1,254,2.2,0.15,3,75,2
6.7,7.4,125,3.7,0.4,514,820,1
6.6,7.5,129,3.9,0.4,129,381,1
6.1,7.3,515,5.1,2.02,82,212,1
6.6,7.4,122,3.6,0.46,172,361,1
6.5,7.3,131,3.8,0.79,108,261,1
6.7,7.3,130,3.4,0.57,133,318,1
6.6,7.4,95,3.7,0.53,147,217,1
6.8,7.7,143,3.6,0.43,38,109,1
6.3,7.5,10825,2.9,1.93,5,101,1
7.1,7.4,185,2.2,0.63,4,80,2
6.7,7.5,1439,2.5,1.47,4,113,2
6.6,7.5,185,2.4,0.3,6,113,2
6.7,7.8,3521,2.4,1.02,3,90,2
7.1,7.7,193,3.1,0.53,41,92,1
7.1,7.9,175,3.1,0.47,31,86,1
7.1,7.8,174,3.3,0.44,33,83,1
7.2,7.5,308,4,0.15,107.4593301,234.5779817,1
6.4,7.7,153,3.6,0.77,504,592,1
7,7.7,111,3.4,0.42,179,359,1
6.6,7.6,209,3.4,0.68,97,243,1
7.5,8.2,296,3.5,0.14,107.4593301,234.5779817,1
6.9,7.5,119,2.2,0.42,2,71,2
6.8,7.7,116,2.3,1.33,3,74,2
7,7.7,118,2.1,0.5,3,64,2
5.2,6.6,453,1.5,0.38,644,4613,2
7.2,6.8,35,1.1,0.24,513,3483,2
7,7.1,62,0.5,0.44,385,617,2
7,7.1,5228,0.6,0.34,240,455,0
7.2,7,51,0.6,0.26,285,522,3
6.7,6.9,62,1.2,0.46,385,2193,2
6.5,6.5,118,1.1,0.52,610,3080,2
0.6,7,1787,14.1,1.49,8542,17500,0
6.6,6.8,49,0.9,0.56,448,913,2
6.8,7.3,67,0.6,0.4,598,935,2
7.3,7.4,104,0.6,0.44,245,430,2
6.5,6.7,39,1.2,0.26,562,4823,2
7.2,6.5,45,0.9,0.46,1225,1825,2
7.4,6.9,65,0.9,0.56,575,1455,2
6.5,6.5,60,1,1.62,420,900,3
6.6,6.9,57,0.9,0.37,319,650,2
7.1,7,84,1,0.66,985,1485,2
7.5,6.8,56,1.3,0.6,178,540,3
5.4,6.7,100,0.9,0.42,463,810,2
7,6.9,66,0.7,0.45,465,900,2
7.1,6.9,75,0.6,0.73,300,583,3
6.5,6.7,70,0.9,1.25,370,800,0
6.7,6.6,102,0.8,0.12,295,900,3
7.1,6.8,27,0.6,0.22,86,198,3
6.9,7.1,46,0.5,0.33,225,373,3
6.7,6.8,8291,1,0.53,108,250,3
6.2,7,12342,1.4,0.27,670,1600,2
7.5,7.3,53,0.8,0.31,1253,2225,2
7.6,7.3,62,1,0.63,1175,2180,2
2.2,6.4,625,2.3,1.29,1125,6505,1
7.4,6.7,55,0.7,0.51,281,1088,3
7,6.8,103,0.7,0.43,225,640,3
5.3,6.9,109,1.3,0.66,305,685,2
6.3,7,1392,0.7,0.85,230,535,2
6.7,7,71,0.5,0.29,208,433,3
6,6.4,57,1.4,0.61,193,303,3
4.2,6.6,93,1.7,0.56,253,385,2
5.1,6.7,88,1.9,0.63,405,713,2
5.3,6.4,4912,1.1,0.11,345,788,2
6.9,7,84,0.9,0.08,300,803,2
2.8,7.4,18256,1.6,0.47,1050,2300,0
5.3,7.2,9753,0.9,0.26,1600,2650,1
6.5,5.8,67,0.4,0.54,123,520,3
6.9,6.1,86,0.6,0.49,73,183,3
7,6.6,59,0.8,0.42,123,418,3
5.6,6.4,7904,1,0.4,165,278,3
6.8,6,55,0.5,0.25,590,910,3
6,5.9,105,1,0.63,73,195,3
6.3,7,2759,1.4,0.22,963,1400,2
6.5,7.6,312,1.1,2.41,3,354,2
6.4,7.7,203,1.1,3.34,3,357,2
7.3,7.3,308,4.2,2.43,116,185,1
7.5,8.1,228,2.1,0.4,3390,5850,0
7.7,8.1,243,1.6,0.71,1930,4450,0
7.6,7.9,191,1.4,0.13,1188,1985,1
7.5,7.9,237,1.8,0.45,1225,2425,1
7.4,7.7,865,1.9,0.3,1300,2675,1
6.7,6.9,132,1.2,0.32,953,1823,2
7.1,7.9,211,1.4,0.48,1065,2098,1
6.7,7.9,182,1.1,0.24,735,1510,1
7.4,7,75,1.6,0.05,78,118,0
7.2,6.8,70,1.8,0.09,78,148,3
6.6,7,119,2.5,0.33,233,374,2
6.9,7,236,1.9,0.25,83,157,2
7,6.9,73,1.7,0.4,87,144,2
7.2,6.9,75,1.5,0.2,83,128,3
6.9,7.2,385,2.3,0.13,108,196,2
6.4,7.6,860,3.3,0.4,253,379,1
7.6,6.6,166,2,1.8,90,140,3
6.9,7.2,308,1.9,0.49,60,170,2
6.8,6.7,247,2.1,1.84,280,500,2
6.6,6.9,359,2.3,0.59,110,280,2
6.5,7.6,450,18,12,2200,1554.5,0
6.1,7.8,825,16,14,2200,1554.5,0
6.5,8.4,240,2.7,0.62,2200,1554.5,0
6.9,7.8,480,18,16,2200,1554.5,0
5.6,6.7,807,10.8,2,1825,7500,0
4.9,6.8,1097,26.5,4.8,14000,46250,0
4.9,6.6,834,13.1,2.6,2875,9500,0
5.2,6.7,1027,28,5.9,17500,57500,0
3.3,7.9,897,1.3,0.97,5,12,1
4.9,8,510,1.2,0.35,4,8,2
5,6.9,1172,25.5,3.8,15500,48750,0
4.7,6.7,906,25.3,7.7,23500,47500,0
5.4,6.8,883,15.4,5.1,9500,21750,0
5.1,7.6,1069,26.5,6.6,20250,49250,0
4.2,7.6,1168,31.8,7.6,20000,46500,0
4.8,6.6,905,15,3.3,6000,10500,0
4.5,6.6,1269,30.3,4.1,21000,42750,0
4.7,6.7,1216,26.8,3.7,13250,31500,0
5.2,7.3,465,0.9,0.59,4,9,2
7.8,8.2,410,1.2,0.1,16,32,2
6.7,8.12,396,1.53,0.15,10,29,2
8,8.1,403,0.8,0.1,12,25,2
7.85,7.13,254,6.68,3.35,345,488,0
6.58,6.5,655,5.93,4,40,60,1
7.58,7.03,191,2.08,2.65,2350,2900,0
8.23,7.05,137,1.4,3.2,243,323,3
8.23,7.38,143,1.55,3.55,255,360,2
6.6,7.3,210,1.3,0.508333333,8.5,242,2
6.8,7.2,220,1.5,0.508333333,28.08823529,97,2
6.8,7,317,1.5,0.508333333,8,45,2
6.4,6.7,323,1.4,0.508333333,19,205,3
6.5,7.7,146,1.6,0.25,302,390,2
6.2,7.7,176,3.5,0.2,532,592,1
6.3,8,198,4.2,0.3,524,686,0
7.3,7.4,332,0.7,0.3,6,12,3
6.1,7.3,11855,12.5,18.6,180,902,0
6.6,7.8,371,57.52727273,4.1,180,1800,0
6.2,7.4,368,8,3.2,265,1075,0
6.7,7.7,354,4,2.6,137,947,1
6.8,8,374,21,1.5,180,1800,0
5.9,7.4,7173,12,58.1,7,607,0
7.3,7.4,332,0.7,0.3,6,12,3
5.7,8,601,7.4,0.5,14600,28666,0
4.7,8.3,753,3.7,0.5,9166,21333,0
5.8,7.8,16177,3,0.5,10100,25000,0
2.5,7.5,1108,6,0.6,16,85,0
6.1,8.1,14921,3.2,0.3,4300,23625,0
0.6,7.1,3115,36.5,1.7,4450,15425,0
3.2,7.8,5073,5.8,0.2,833,1366,0
4.2,8.2,901,6.7,0.4,9750,21500,0
2.9,8.3,11405,5.6,0.1,49,148,0
7.2,6.3,14100,1.6,0.41,13,17,3
5.5,7.8,401,1.3,0.21,2,5,2
6.2,6.9,11000,1.3,0.48,13,17,2
8.1,7.7,7400,2.6,0.1,79,130,2
7.8,6.4,609,2.3,0.08,49,70,3
7.8,6.4,90,2,0.289966667,13,17,3
7.2,6.5,8240,1.6,0.25,17,46,3
4.2,7.6,5543,0.7,0.18,2,8,2
6.5,6.4,505,1.6,0.13,8,13,3
7.4,6.9,3844,2,0.15,5,10,2
5.4,7,7692,1.7,0.92,29,48,2
6.6,7.2,692,1.9,0.34,105,175,2
5.1,7.5,1100.655556,2.3,0.38,1201,1754,0
7.2,6.9,5350,2.2,0.28,134,206,2
7,6.8,4800,3,0.32,69,126,2
5.5,7.7,8092,7.6,0.72,410,800,0
6.9,7.6,136,3.8,0.26,143,309,1
6.9,7.7,120,3.9,0.37,207,280,1
6.7,8,111,3.6,0.31,45,143,1
6.9,7.3,229,3.8,0.68,108,257,1
6.8,7.5,171,3.8,0.34,88,199,1
6.9,7.3,183,2.2,1.25,2,56,2
5.4,7.2,925,11.7,0.78,279,512,0
6.2,7.2,13848,2.5,4.11,6,127,2
7,7.4,225,3.8,0.26,152,375,1
6.6,8.1,102,3.9,0.26,165,345,1
8.1,6.3,1414,1.1,0.31,100,690,3
6.9,6.8,41,0.8,0.22,261,1487,3
6.9,6.9,78,0.5,0.23,393,703,3
6.7,6.9,5507,0.6,0.28,433,715,2
7.3,7,49,0.7,0.66,228,445,3
6.7,6.7,67,1.3,0.4,309,1025,2
6.5,6.6,109,1.2,0.37,142,679,3
0.7,6.6,4235,12.5,1.48,40833,59417,0
6.9,6.5,108,1,0.42,540,1083,3
6.4,6.6,48,1,0.25,154,603,3
7.2,6.7,109,0.8,0.44,1000,1400,2
6.8,7.1,61,1.5,0.5,130,485,2
6.1,6.7,244,0.9,0.33,655,1113,2
6.8,7,62,0.6,0.93,240,434,3
7.1,7,59,0.8,0.71,540,890,2
7.4,6.6,64,0.7,0.29,288,1425,3
6.4,7,79,0.8,0.73,271,493,2
7.2,6.7,73,0.9,0.28,335,2150,3
6.2,7,83,0.6,0.93,282,505,2
6.1,6.7,55,1.4,0.55,825,1450,2
6.6,6.5,79,0.8,0.13,195,650,3
6.9,6.7,198,0.3,0.2,40,180,3
7.3,6.5,44,0.5,0.21,233,400,3
6.2,6.6,15738,1,0.93,233,360,2
5.2,7.1,18459,1,0.13,518,918,2
7.4,7,45,1.1,0.11,1043,1933,2
7.6,6.7,52,1.1,0.11,613,963,2
2.9,6.3,841,2,1.07,430,913,2
6.6,6.7,72,0.7,0.32,463,1655,0
6.4,6.7,122,0.7,0.34,343,1630,3
5.4,6.6,102,0.9,0.26,240,1913,2
6.2,7,5656,0.9,1.05,162,289,2
6.9,7.1,71,0.5,0.26,125,246,3
6.7,6.5,55,0.9,0.6,265,500,3
5.7,6.7,127,1.9,0.35,221,473,2
6,6.9,77,1.8,0.61,290,500,2
5.2,6.1,4968,1.1,0.14,235,820,3
7.4,6.4,78,1.2,0.12,280,720,3
6,7.1,13257,1.1,0.14,750,1465,2
6.4,6.1,62,0.7,0.28,213,425,3
6.6,6.3,59,1,0.16,248,385,3
7.1,6.4,59,0.9,0.13,178,275,3
6.4,7.1,7035,0.8,0.19,110,195,2
7.3,6.2,51,0.9,0.21,195,340,3
6.8,6.5,80,0.8,0.26,53,100,3
6.4,6.7,3131,2.2,0.12,820,1055,2
5.8,6.5,59,1.5,0.13,1800,2788,1
7.7,6.8,67,0.9,0.08,1740,2257,1
6.7,6.3,177,1.2,0.2,1583,2807,2
6.4,6.4,4165,1.2,0.13,168,303,3
6.2,7.6,498,0.4,0.28,613,1400,2
6.8,7.5,119,0.4,0.18,478,918,2
7.1,7.6,161,0.5,0.19,710,1675,2
5.9,6.7,70,1.7,0.5,74,428,2
5.8,6.5,864,1.5,0.37,199,876,2
4.7,6.6,69,1.8,0.26,234,1083,2
6.5,6.6,1204,1.2,0.24,175,689,3
1.4,6.2,129,2.2,0.48,351,882,1
1.5,6.3,73,1.5,0.12,298,1225,2
7,7.5,226,1.1,2.3,3,83,2
7.7,8.1,330,1.9,0.9,1675,3025,0
7.2,8.2,315,1.7,1.7,2600,4275,0
7.6,8.1,301,1.5,0.5,2360,4175,0
7.3,8,225,1.3,0.5,1295,2175,1
7.4,8,238,1.9,0.2,2950,5975,0
7.2,7.7,835,2,0.7,1550,2750,0
7.2,7.8,169,1.3,0.4,328,690,2
7,8.1,240,1,0.4,785,1525,1
7.4,8.1,153,1.7,0.5,505,1105,1
7.4,6.8,337,1.3,0.1,115,208,3
7.5,6.7,180,1.3,0.1,100,176,3
6.9,6.8,127,2.4,0.1,222,357,2
7,7,305,1.5,0.1,113,191,2
7.2,6.7,323,1.6,0.1,94,167,3
7.4,6.7,364,1.6,0.1,91,150,3
7.5,7.2,473,2.1,0.1,220,338,2
6.7,7.4,544,2,0.3,158,253,2
7,7.2,286,9.5,0.9,85,189,0
6.4,7,307,1,1.013409091,457,507,2
6.6,7.1,250,1.5,1.013409091,74,544,2
6.5,7.9,566,0.9,3.8,3,32,2
6,7.3,755,6,2.1,1000,4950,0
4.9,7.4,892,14,4.4,8000,75000,0
6.4,7.1,1085,8.5,8.1,2200,1554.5,0
5.6,8.1,905,11.5,7.1,2200,1554.5,0
5,6.7,813,7.5,2.2,1300,9000,0
5.6,7.3,964,14,4.2,8000,70000,0
5.7,7.4,968,9.5,3.1,5000,25500,0
5.3,7.4,779,10,3.1,7000,52500,0
4.8,7.4,825,19,4.6,9500,75000,0
2.9,7.3,1035,13,3.9,3050,27500,0
4.5,7.2,885,10.5,3.3,1100,12000,0
4.8,7.5,896,10,4.1,7000,70000,0
3.1,7.6,1130,11.5,4.1,9000,75000,0
3.1,7.6,1000,10,3.7,6000,62500,0
7,7.8,350,2.5,7.637179487,2200,1554.5,0
7.2,6.2,930,8,1.5,2200,1554.5,0
5.475,7.82,721.5,6.9,1.26,87.25,249,0
4.8,7.3,260,0.8,1.1,3,7,2
9.6,7.1,225,4.4,3,310,460,2
8.8,7.2,131,0.9,4.329115646,4657.09396,205,0
7.4,7.8,272,0.9,0.508333333,8,295,2
7.5,7.8,327,1.2,0.508333333,0,56,2
8.1,7.8,365,1.3,0.508333333,13,33,2
7.9,7.5,350,1.8,0.508333333,41,90,2
6.6,7.7,143,1.3,0,201,322,2
6.3,7.6,164,2.8,0.1,442,577,1
5.7,7.8,170,3.4,0.2,469,608,1
6.4,7.025,187.63,3.175,2.675,2225,2925,0
8.35,7.125,110.75,1.525,3.075,252.5,355,2
8.45,6.95,104.25,1.2,2.6,222.5,312.5,3
6.066666667,7.6,281,21.94722222,2.13,150197.5,919628.2857,0
7.2,7.8,262,0.28,0.15,19,50,2
4.9,7.4,10362,9.7,0.64,14,29,0
5.1,7.8,530,2.73,0.6,64125,137000,0
6,8.2,612,2.28,0.4,28650,68650,0
6.1,8.1,8782,1.9,0.43,16100,38667,0
1.1,7.8,1076,7.67,0.63,28,77,0
6.8,8,3431,2.8,0.3,32120,49061,0
4.5,7.6,1161,7.43,0.53,99,259,0
6,7.3,8838,5.58,0.7,14,31,1
0,7.1,3080,46,4.8,3000,9000,0
2.8,7.9,663,5.93,0.97,150250,358000,0
5.6,8,1265,2.13,0.1,503,1693,1
4.1,7.9,4491,16.5,0.1,58,116,0
6.6,7.8,37,2.25,0.01,10,13,2
6.8,7.1,11,1.65,0.07,22,33,2
6.5,7.5,28,4.55,0.05,20,44,1
7.1,8,49,1.25,0.02,3,7,2
7.6,7.3,93,0.95,0.03,240,350,2
7.4,7,67,2.45,0.13,467,809,2
7,7.3,89,1.5,0.02,30,42,2
5.4,7.3,75,1.8,0.06,350,2400,2
6.7,7.2,95,1.4,0.1,18,22,2
6.8,6.9,58,1.9,0.03,25,53,2
5.6,6.8,67,1.9,0.06,82,137,2
5.2,7.2,29,1.65,0.04,37,144,2
6.2,7.1,146,2.1,0.09,920,2400,1
3.6,7,29,2,0.09,33,170,2
6.8,7.2,1370,2.6,0.08,33,110,2
8.1,7.1,335,3.2,0.21,1300,5400,1
6.3,7.6,119,3.67,0.37,157,781,1
6.4,7.6,109,3.4,0.42,95,316,1
5.9,7.2,119,4.04,0.65,133,223,1
5.3,7.7,109,3.25,0.38,165,296,1
6,7.8,301,5.43,0.3,166,1050,0
6.6,7.2,131,4.5,0.83,285,737,1
6.8,7.2,110,3.9,0.49,480,1036,1
6.7,7.6,109,4.13,0.28,260,624,1
5.2,7,478,16.3,0.35,500,1008,0
6.9,6.6,291,1.96,1.4,4,104,3
0.7,7.3,12697,45.6,1.32,642,1259,0
6.8,6.6,6232,2.13,2.72,6,106,2
6.2,6.5,1638,1.5,0.8,349,816,2
7.3,6.6,36,0.6,0.41,304,1056,3
6.4,6.7,41,1,0.75,443,1179,2
5.1,6.8,52,1.6,0.22,555,1680,2
6.8,6.7,183,1.3,0.28,358,1748,2
6.3,6.3,115,0.9,0.5,455,2865,3
7.2,6.7,455,1.1,0.28,245,753,3
6.8,6.9,80,0.4,0.52,207,508,3
6.8,7,4515,0.4,1.53,184,427,3
7.7,7.2,47,1,2,253,452,2
7.1,6.8,57,1.5,1.12,230,681,2
6.6,6.3,148,1.2,0.93,190,935,3
1.8,6.8,2012,5.5,1.8,20458,31167,0
6.7,6.2,40,0.6,1,425,1100,3
5.8,6.3,65,1.1,2.97,525,1200,2
5.1,6.3,50,1,3.1,700,1600,2
6.6,6.2,42,0.6,1.97,475,925,3
6.6,6.4,43,0.7,3.13,400,975,3
6.7,6.4,50,0.5,3.6,500,1175,3
6.6,6.3,46,0.6,1.07,624,1010,3
5.9,6.4,54,0.7,3.53,375,985,3
7.6,6.7,55,0.7,4.17,295,1575,3
6.5,6.7,72,0.8,2.83,30,775,3
7.3,7.4,71,0.7,4.1,490,940,2
6.3,6.7,79,0.7,2.03,190,702,3
6.9,6.6,33,0.4,1.4,0,28,3
6.8,6.7,46,0.4,1.47,30,150,3
5.9,7.1,6666,0.7,4.13,118,393,2
6.4,7.1,17771,1,5.2,760,1865,2
7.3,6.7,62,0.9,2.8,293,920,3
7.6,6.6,61,0.5,3.4,85,503,3
2.4,6.7,221,2.1,3.97,220,660,1
7.1,6.8,89,1.2,0.4,620,1600,2
6.4,6.7,110,0.5,0.2,1400,3200,2
3.5,6.9,105,0.7,0.15,265,800,2
7.4,7.3,155,0.8,1.2,570,920,2
6.8,6.9,77,0.9,1.8,215,470,3
5.5,6.5,75,1.9,0.1,1300,2100,1
5.4,6.5,102,4,0.1,320,680,1
4.8,6.8,90,1.1,0.1,730,1090,2
5.8,6.3,87,0.7,0.1,633,1500,0
7.3,6.6,57,0.4,0.25,297,883,3
5.8,7.5,18291,0.8,0.25,435,1000,2
6.2,6.7,2497,0.5,0.15,510,1100,2
7.3,6.1,45,0.7,0.2,150,1050,3
7.6,6.3,39,0.5,0.2,1040,2588,3
7.7,6.6,31,0.3,0.15,490,1300,3
5.4,5.9,595,0.8,0.1,570,1375,3
7.4,6.1,30,0.9,0.3,690,1050,3
6.6,5.9,37,0.7,0.1,540,1725,3
6.5,6.5,1135,0.7,0.25,850,1850,2
7.2,5.9,39,0.8,0.55,440,1500,3
6.3,6.5,925,1.1,0.3,830,1550,2
7.6,6.6,50,0.6,0.25,1660,3000,2
7.3,6.5,64,1.4,0.5,1280,2850,2
7.5,7,74,0.8,0.1,1400,2800,2
4.4,7.3,428,0.4,0.15,285,1090,2
6.8,7,169,0.4,0.25,255,560,3
1.7,6.2,181,3,0.45,672,2208,1
3,6.1,80,2,0.13,268,1240,2
6.9,7.8,469,0.89,0.86,152,5874,2
7.7,8.1,266,1.83,1.01,1950,3175,0
6.8,7.8,16468,1.65,2,440,775,1
7.5,8.2,233,2.5,0.89,2600,4300,0
7.6,8.1,233,1.35,1.43,2025,3200,0
7.6,6.6,118,1.15,0.15,70,180,3
6.8,6.6,179,1.88,0.2,118,253,3
6.8,6.7,172,2.14,0.19,263,402,2
6.9,7.1,260,1.78,0.13,110,200,2
7.3,6.6,94,1.27,0.17,73,150,3
7.4,6.7,88,1.03,0.15,89,173,3
7.2,7.2,439,2.28,0.14,236,415,2
6.8,7.6,749,2.25,0.36,424,699,1
6.9,7.3,252,4.33,1,322,858,1
7,7.3,46,1,1.013409091,49,707,2
7,7.3,40,1,1.013409091,12,81,2
7.7,8.1,195,1.1,0.7,0,10,2
8,8.2,572,0.5,0.805923077,12,26,2
4.9,7.8,704,3.5,0.805923077,57,375,1
5.9,7.2,703,5.4,2.05,1950,21000,0
5.3,7.4,1095,27,3.35,48000,217500,0
6.7,6.9,1094,17.1,19.4,2200,1554.5,0
6.2,7,1312,22.3,17.7,2200,1554.5,0
5.7,7.3,732,10.7,2.4,5450,45500,0
5,7.2,983,26.1,3.05,32250,135000,0
5,7.3,748,7.4,2.65,12500,90000,0
5.1,7.2,760,13.5,2.55,22000,122500,0
4.5,7.2,856,23.8,3.45,34000,232500,0
4.4,7.2,1184,18.1,3.75,17250,70000,0
4.5,7.4,1186,22.7,3.07,13000,78333,0
5.2,7.5,1036,28.5,3.55,28750,155000,0
5.5,7.6,973,27.8,3.33,130500,392500,0
5.6,7.6,951,25.8,3.23,22500,712500,0
6.4,7.9,378,4.1,0.94,2200,1554.5,0
6.8,7,970,25.3,20.2,2200,1554.5,0
5.4,7.8,438,1.7,0.41,3,6,2
5,3.2,630,7,2.5,27,33,3
7,7.8,122,0.65,0.508333333,28.08823529,3,2
7.2,7.8,130,0.93,0.1,28.08823529,3,2
6.6,8,151,0.98,0.508333333,28.08823529,6,2
6.7,7.9,188,1.03,0.508333333,28.08823529,8,2
6.1,7.7,120,1.36,0.43285,264,350,2
5.4,7.3,141,2.67,0.08,285,510,1
5.8,7.8,161,2.93,0.1,518,588,1
6.066666667,7.6,253,21.94722222,2.8,150197.5,919628.2857,0
7,7.7,448,0.4,0.2,17,42,2
4.9,7.7,904,3.6,0.95227957,13950,32750,0
6.4,8,477,2.4,0.95227957,12325,22825,0
6.7,7.9,14111,2.9,0.95227957,10725,21000,0
5.7,7.6,868,4.2,0.4,5,57,1
6.2,8,899,3.1,0.95227957,10275,16500,0
4.8,7.6,14426,10.4,0.1,32,148,0
4.2,7.8,589,4,0.95227957,23575,50250,0
6.8,7.5,2870,2.5,0.1,582,1114,1
6.5,6.9,1690,1.5,0.1,555,1331,2
6.5,7.1,3110,1.6,0.1,1243,2056,1
7.2,7.2,70,1.6,0.1,1554,2887,1
7.2,6.8,60,2.1,0.1,5778,10403,0
7.4,7.1,80,1.4,0.1,475,1010,2
7.2,6.9,80,1.3,0.1,1009,1938,2
7.4,7,66,2,0.1,700,1451,2
6.3,6.6,66,1.6,0.1,1427,3293,1
6.4,7.3,103,4,0.24,126,753,1
6.7,7.4,103,3.9,0.22,64,644,1
6.6,7.5,97,3.7,0.25,16,169,1
5.7,7.2,531,5.3,0.75,116,456,1
6.4,7.1,113,3.9,0.47,60,400,1
6.6,7.2,88,3.9,0.45,228,1146,1
6.2,7.3,117,4,0.5,169,638,1
5.5,6.6,1314,1.7,0.4,290,668,2
7.5,6.8,32,0.8,0.3,200,738,3
6.7,6.8,42,1,0.4,230,804,3
6.9,6.7,73,0.5,0.2,688,1242,2
6.8,6.9,7920,0.5,0.2,391,813,0
7.4,7.2,49,1.1,0.3,327,641,2
7.2,6.8,58,1.5,0.3,173,556,3
6.8,6.6,115,2,0.5,148,635,2
0.8,6.8,2156,7.4,1,14825,20733,0
7.1,6.1,34,0.6,0.5,1300,1975,2
5.9,6.2,52,0.5,0.6,1100,1775,2
5.1,6.2,55,1.1,0.4,1275,2000,2
6.7,6.2,43,0.7,0.4,1325,2100,2
5.8,6.2,34,0.6,0.3,975,1625,2
6.4,6.2,39,0.7,0.4,1375,1900,2
6.6,6.3,41,0.6,0.3,1033,1442,2
5.4,6.2,47,0.7,0.5,1250,1825,2
6.7,6.7,80,1.3,0.5,1655,3050,1
6.4,7,112,1.4,0.7,3850,5725,0
6.3,7.1,83,1,0.4,643,1080,2
6.2,6.5,95,0.8,1.2,1075,2550,2
6.9,6.4,41,0.5,0.2,83,285,3
6.8,6.5,51,0.5,0.2,98,435,3
6.6,6.9,11654,0.7,0.3,338,963,2
7,7.2,11962,0.3,0.3,68,550,3
7.5,6.9,52,0.5,0.2,138,685,3
7.4,6.8,68,0.3,0.2,160,725,3
2.8,6.6,1239,2.3,0.6,263,645,1
6.2,7.6,380,0.5,0.5,1318,24583,1
7.9,7.9,382,2.1,0.21,993,2700,1
7.2,7.7,244,1.2,0.51,980,1793,1
6.7,7.6,231,1.5,0.56,1460,3133,1
7.5,6.5,65,1,0.15,108,319,3
6.8,6.5,88,0.9,0.11,111,233,3
6.8,6.5,128,1.8,0.15,295,507,2
7.8,7.2,250,1.9,0.15,128,249,2
7.2,6.4,71,1.2,0.12,67,165,3
7.4,6.5,71,1.5,0.12,98,189,3
7.6,7.1,428,2.5,0.15,226,443,2
6.8,7.2,856,2.1,0.32,213,348,2
7.3,7.3,152,2,1.28,333,998,2
6.9,7.2,58,1,1.013409091,14,55,3
7,7.2,56,1,1.013409091,4,16.5,3
7.9,7.9,385,2.5,0.25,11,24,2
3.9,7.9,2422,74.8,0.78,2200,1554.5,0
4.9,7.6,972,19.6,1.8,328,718,0
7.4,7.5,413,2.1,1.23,1663,10775,0
6.1,7.8,632,8.1,2.9,37250,162500,0
4.9,8.1,852,26.3,18.1,2200,1554.5,0
4.5,8.3,996,25.3,15.8,2200,1554.5,0
6.7,7.6,425,7.4,2.88,22250,78750,0
6.3,7.7,619,7.3,3.28,28250,125000,0
6.4,7.7,439,4.2,2.2,60275,440750,0
6.5,7.7,686,9.8,2.6,19750,105000,0
6.4,7.8,754,13.8,2.53,56500,227500,0
6.3,7.7,615,8.2,3.7,34500,622500,0
6.2,7.6,457,3.7,2.23,8633,49000,0
6,7.8,690,9.6,3,16250,117500,0
5.9,7.8,692,11.1,3.5,94000,222500,0
5.9,7.7,699,10.4,3.33,60500,967500,0
6.5,8.2,1315,2.2,0.05,2200,1554.5,0
6.6,8.2,895,26.3,15.5,2200,1554.5,0
5.6,7.4,168,2.2,0.38,5,16,2
6.7,7.9,135,0.4,0.508333333,28.08823529,3,2
6.5,7.9,195,0.6,0.508333333,28.08823529,3,2
7.3,7.8,219,0.5,0.508333333,28.08823529,129.5714286,2
7.7,7.9,227,0.4,0.508333333,28.08823529,15,2
8.1,7.2,221,5.4,1.95,213,373,1
6.1,3.1,738,5.5,2.73,32,45,3
8,7,164,1.7,1.6,1600,2067,1
5.4,7.2,153,1.7,1.78,213,278,2
7,7,161,1.7,2.43,250,375,2
5.2,7.4,120,1.4,0.05,203,280,2
4.7,7.4,139,2.835043478,0.11,308,440,1
5.4,7.4,128,3,0.06,353,565,1
6.066666667,7.61,168.2,21.94722222,10.3,150197.5,919628.2857,0
7.102,7.945,307.5,1.525,0.11,26,50,2
5.35,7.935,735,4.7,0.835,27650,15000,0
7.05,7.995,535,4.7,1.195,13400,33500,0
6.5,8.14,16410,5.3,1.397,9200,2400,0
5.361087912,7.885,896.5,15,0.42,3,10,0
5.6,8.173,3660,4.6,0.46,4500,6867,0
6.085,7.695,933,3.2,0.153,450,1550,1
6.055,7.605,6715,4.3,0.222,45,140,1
7.93,8.32,2160,1.46,0.277,4,5,2
4.9,7.943,504.7,3.1,0.603,1810,2367,0
6.625,7.725,149.3,2.175,0.123,2,60,2
5.175,6.95,464,1.5,0.7,75,255,2
6.4,7.45,142.8,2.025,0.155,1787,4073,0
6.2,7.9,218,1.575,0.615,1767.558659,85,0
7.4,6.733,344.3,1.7,0.9,33,160,3
7.6,6.775,213.3,1.3,0.173,133,3275,3
7.35,7.1,214.8,1.425,0.15,41,285,0
7.675,6.875,103.3,1.025,3.367,18,96,3
7.125,7.55,418.3,1.725,0.45,18,106,2
7,6.725,497.3,1.575,0.135,1956,5425,1
6.543,7.229,130.4,4.014,0.307,8,187,1
6.7,7.307,121.5,3.857,0.264,9,162,1
7.1,7.507,102.5,4.633,0.21,10,152,1
6.333,7.277,542,5.4,7.187,15,207,1
6.471,7.379,204.3,3.729,0.309,10,174,1
6.371,7.061,214,4.5,0.346,18,292,1
6.7,7.44,153.3,4.4,0.65,23,305,1
6.2,6.457,881.1,1.757,0.326,253,541,2
7.286,6.586,82.9,1.071,0.233,222,470,3
6.525,6.5,124.1,1.313,0.227,334,844,3
6.917,6.95,185.4,0.467,0.112,165,433,3
6.8,7.043,8489.9,0.414,0.153,238,473,3
7.075,7.25,107.3,0.988,0.369,238,384,2
7.013,6.712,151.4,1.4,0.397,262,485,3
6.787,6.65,119.3,1.637,0.4,294,574,2
4.1,6.775,511.4,6.788,1.373,2150,3100,0
6.9,6.8,224,0.733,0.438,2000,2500,1
6.867,6.833,292.7,0.633,0.575,1900,2400,1
6.467,6.6,240,1.033,0.66,2100,2733,1
6.667,6.933,268,0.933,0.893,2333,3300,1
6.967,6.933,268,0.833,0.4,1600,2233,1
6.733,6.867,324,0.933,0.455,1973,2233,1
6.714,6.957,143.4,0.671,0.449,1457,2171,0
6.733,6.733,242.7,0.9,0.743,1867,2833,1
7.233,6.867,75.7,1.1,0.853,1600,2300,1
6.233,6.9,104.7,0.867,1.267,1300,2233,0
6.867,7.067,336.7,0.533,0.285,60,455,3
6.433,6.667,339.3,0.6,0.292,440,967,3
7.033,6.533,141.3,0.533,0.135,193,740,3
6.633,7.067,237,0.633,0.45,337,800,2
6.833,7,18389,0.7,0.345,173,583,2
7.033,7.033,241,0.267,0.232,345,1260,3
7,7.133,302,0.7,0.168,323,933,2
3.5,6.567,1285.3,2.133,0.347,220,443,2
6.243,7.253,405.6,0.857,1.269,3333,21469,0
6.9,8.2,211,2.8,2.12,1400,2200,0
7.8,8.5,197,0.6,3.01,1700,3500,0
7.95,6.565,188.5,1.5,0.08,24,66,3
5.8,6.6,107,1,0.265,25,58,3
6.975,6.725,144.3,1.5,0.22,34,98,3
5.35,7.19,216.3,1.325,0.263,11,31,2
7.525,6.61,93.3,1.5,0.283,10,26,3
7.15,6.56,141,1.1,0.25,22,73,3
4.325,7.045,547,2.075,0.25,25,109,2
6.925,7.633,552,2,0.217,325,570,2
6.825,7.125,299.3,3.667,1.525,316,771,1
6.7,7.267,92.7,1.333,1.013409091,6,41,2
6.75,7.3,169.3,1.667,1.013409091,29,47,2
5.87,7.84,895.5,4.35,7.637179487,2200,1554.5,0
6.033,7.367,323.3,3.267,0.667,2390,6867,0
5.1,7.85,785,12,1.65,3050,36500,0
4.867,7.367,568,12,1.367,3500,27667,0
4.833,7.533,760,13.333,1.933,2300,30000,0
5.1,7.367,388,6.933,1.4,2723,43067,0
6.8,7.3,433.5,5.4,1.35,635,9250,0
4.2,7.367,758,14.667,1.7,34033,83667,0
5.533,7.3,453.3,9.333,1.567,35760,88333,0
5.2,7.3,391.3,6.267,1.4,23723,54067,0
4.2,7.733,825.3,21,1.4,10500,76667,0
4.033,7.667,855,21.333,1.767,17433,148667,0
4.133,7.633,811.3,20.333,1.667,38700,110333,0
5.35,7.55,682.5,17,20.45,2200,1554.5,0
4.05,7.85,773.5,16,19.35,2200,1554.5,0
6.25,7.9,770,14,19.4,2200,1554.5,0
6.65,7.875,914.5,43,0.824,9650,16900,0
7.2,9.01,340.5,4.6,2.955,12,23,0
6.1,7.1,434.6896552,3.1,0.3,4,14,2
7.2,7,183,5.2,2.6,140,180,1
4.6,3,350,6.2,2.2,33,49,3
8.8,7,172,1.6,5,1800,2800,1
10,7.1,150,1,4,240,350,3
9,7.3,158,1.8,7.2,220,280,2
7.767,7.543,237.8,0.5,0.508333333,28.08823529,129.5714286,3
7.167,8.143,237.8,0.6,0.508333333,28.08823529,129.5714286,2
8.533,7.857,170,0.4,0.508333333,28.08823529,129.5714286,3
8.867,7.793,216,0.5,0.508333333,28.08823529,129.5714286,3
5.6,7.65,375.2,1.758,1.995,2636,18417,0
6.066666667,7.76,233.3,10.825,5.657,150197.5,919628.2857,0
6.066666667,7.174705882,6694.323529,1,1.01,1200,37000,1
7.2,7.84,342.8,1.764,0.528,78,230,2
5,7.22,18370.3,19.663,0.452,9625,13525,0
6.2,8.11,480,11.333,0.39,14050,18810,0
7.2,8.07,580,4,0.37,150,280,1
6.2,7.98,11125,5,0.39,7147,50350,0
3.9,7.92,1039,14.847,1.412,6,36,0
7.2,7.42,246.9,4.632,0.791,10011,118311,0
6.9,6.44,302.9,2.304,0.231,12,116,3
7.8,6.69,255.9,2.754,0.348,13,140,2
6.7,7.35,346.1,1.893,0.973,13,148,2
8.3,6.68,348.9,2.503,1.686,13,155,3
8.1,6.18,187.4,2.375,0.196,12,155,3
7.7,6.55,121.8,2.242,1.136,13,164,3
8.6,6.56,181.4,2.423,0.276,24,155,3
7.7,6.45,302.5,2.144,0.163,10,142,3
7.4,6.07,142.8,1.681,0.276,12,140,3
7,8.16,4545,4.165,0.343,9593,27550,0
5.9,7.36,761,6.1,0.083,1200,4600,0
5.7,7.62,665,2.12,0.86,1050,6000,1
6.1,8,602.5,5.64,1.035,38143,38428,0
6.2,7.88,540.7,9.75,17.387,2200,1100,0
6.3,8.05,634.3,13,10.89,2200,75,0
7.1,7.2,280.5,1.6,0.48,74,95,2
7.4,7.27,253.3,1.333,0.17,138.6333333,37,2
7.3,7.3,236.7,4,0.08,138.6333333,58,1
5.9,6.6,1359.5,1.755,0.326,170,387,2
7.4,6.68,39.3,1.164,0.204,125,298,3
7.1,6.75,41.9,1.325,0.18,147,378,3
6.8,6.92,70.8,0.458,0.117,151,353,3
6.8,6.98,7179.1,0.475,0.206,211,466,3
6.8,7.03,36.8,1.117,0.146,118,624,0
7.2,6.76,59.8,1.692,0.449,127,357,3
6.2,6.63,106.8,1.275,0.444,128,360,3
6.6,6.77,250.7,1.383,1.54,2433,3383,0
6.9,6.95,51.3,0.625,0.518,1525,3100,1
6,6.75,641,0.975,0.792,1900,3600,1
5.4,6.85,73.3,1.075,0.457,4955,8375,0
6.7,6.93,65,0.675,0.77,2100,4200,1
6.9,6.85,56.3,0.575,0.383,1933,3400,1
6.5,6.98,59.3,0.575,0.345,1333,2600,2
6.8,7.06,63.3,0.567,0.404,1769,2825,1
5.8,6.73,73,0.7,0.315,1925,3500,1
6.8,6.8,69.8,0.7,0.61,1100,1775,2
7.1,6.83,80,0.7,0.835,850,1475,2
6.3,7.15,65.5,1.05,0.223,98,595,2
6.3,6.95,77.5,0.65,0.208,253,775,0
6.9,6.65,34,0.5,0.095,130,215,3
6.4,6.75,49.3,0.675,0.193,197,350,3
6.8,7.35,18568.3,1.15,0.14,215,660,2
7.1,6.98,58.3,0.55,0.152,123,510,3
7,7.23,67.5,0.425,0.09,140,453,3
2.4,6.43,1041.3,2.025,1.05,133,373,2
6.7,7.56,128.4,4.942,0.447,11,250,1
6.8,7.68,123.2,4.475,0.4,12,236,1
6.5,7.33,135.8,4.4,0.33,13,208,1
5.1,7.45,5168.8,9.875,1.81,7,210,0
6.5,7.34,128.5,5.125,0.819,11,230,1
6.6,7.47,143.8,4.958,0.667,16,358,1
6.6,7.75,136.8,4.5,0.505,15,203,1
6.6,7.15,199,7.475,2.1,208,288,0
6.4,3.05,605,5.067,4.8,18,45,3
7.1,7.03,147.3,2.1,1,1675,2300,1
8.1,7.03,148.3,1.967,4.329115646,230,307,2
8.3,7.1,152,2.133,4.329115646,270,413,2
7.4,6.6,237.8,1.130810811,0.508333333,28.08823529,129.5714286,3
6.8,6.3,237.8,1.130810811,0.508333333,28.08823529,129.5714286,3
6.1,7.15,237.8,1.130810811,0.508333333,28.08823529,129.5714286,2
7.5,7.2,237.8,1.130810811,0.508333333,28.08823529,129.5714286,3
7.5,7.8,286.5,1.775,0.51,7448,17625,0
6,7.55,214.5,3.125,0.895,2600,10950,0
6.3,7.43,201.3,2.175,0.76,2825,4500,0
8.1,7.86,342.3,2.747,0.24,2200,1554.5,0
7.3,7.3,157,2.067,0.55,153,348,2
4.9,7.33,494.7,14.533,2.2,1233,18000,0
6.3,7.58,379.8,6.7,1.575,1640,4963,0
6.1,7.58,490,14.25,2.425,4875,27500,0
6.8,7.43,337.5,4.25,1.225,1175,3043,0
6.7,7.38,333.5,3.85,1.575,548,11050,1
5.9,7.48,428,8.35,2.2,4050,22025,0
6.5,7.4,361.8,4.3,1.9,1158,15875,0
6.9,7.4,322,3.75,0.975,200,3500,1
5.1,7.48,496.5,14.7,2.3,4325,23500,0
5,7.4,515.3,14.76,2.08,8860,37320,0
5.1,7.43,503.3,16.25,2.3,12938,44000,0
6.2,7.63,423.3,7,14.013,2200,43,0
4.4,8.23,390,1.39,0.08,14,150,1
4.2,8.52,380,1.26,0.16,28,1100,1
4,7.65,729,36,2.89,1190,2950,0
8,8.31,617,4.4,0.655,14,30,1
5,7.92,160,1.443,0.153,17,149,0
7.5,7.53,87.3,1.407,0.567,32,133,2
6.6,7.27,162.3,3.555,0.292,46,156,0
6.8,7.12,172.3,1.723,0.198,62,283,2
6.7,7.6,277.8,1.229,0.183,12,33,2
7.1,6.94,95.8,0.943,0.151,10,26,3
7.4,7,88.5,0.977,0.186,27,105,3
6.6,7.81,603.2,2.675,0.263,40,191,1
6.6,7.49,571.5,2.091,0.256,151,273,2
5.4,7.16,75.8,2.092,0.43285,404,513,2
5.4,7.37,104.8,1.802,0.215,456,557,1
5.3,7.37,102.2,2.552,0.202,526,583,1
6.5,5.8,67,0.4,0.54,123,520,4
6.1,3.1,738,5.5,2.73,32,45,4
6.4,3.05,605,5.067,4.8,18,45,4
