DO,PH,CONDUCTIVITY,BOD,NITRATE_N_NITRITE_N,FECAL_COLIFORM,TOTAL_COLIFORM,WQI
6.7,7.5,203.0,1.5,0.1,11.0,27.0,60.26850289855073
5.7,7.2,189.0,2.0,0.2,4953.0,8391.0,175.36350579710148
6.3,6.9,179.0,1.7,0.1,3243.0,5330.0,126.1358307246377
5.8,6.9,64.0,3.8,0.5,5382.0,8443.0,195.1056588405797
5.8,7.3,83.0,1.9,0.4,3428.0,5500.0,141.3932455072464
5.5,7.4,81.0,1.5,0.1,2853.0,4049.0,127.9717463768116
6.1,6.7,308.0,1.4,0.3,3355.0,5672.0,123.57109130434782
6.4,6.7,414.0,1.0,0.2,6073.0,9423.0,179.49243710144927
6.4,7.6,305.0,2.2,0.1,3478.0,4990.0,147.37916376811597
6.3,7.6,77.0,2.3,0.1,2606.0,4301.0,129.2725107246377
7.1,7.1,176.0,1.2,0.1,4573.0,7817.0,151.2726150724638
6.7,6.4,93.0,1.4,0.1,2147.0,3433.0,88.21802289855074
7.4,6.8,121.0,1.7,0.4,11633.0,18125.0,307.3618142028986
6.9,7.0,620.0,1.1,0.1,3500.0,6300.0,125.66422898550724
6.0,7.5,72.0,1.6,0.2,4995.0,9517.0,176.73762492753625
7.3,7.0,247.0,1.5,0.2,1095.0,2453.0,73.21271449275363
7.3,7.0,188.0,1.0,0.1,1286.0,3048.0,73.11480115942028
7.0,6.9,224.0,1.2,0.3,3896.0,6742.0,133.11592869565217
7.3,6.7,144.0,1.5,0.1,1940.0,3052.0,86.7774011594203
5.3,6.8,319.0,1.8,0.3,6458.0,10250.0,202.28246695652172
6.3,6.4,79.0,1.6,1.4,7592.0,12842.0,214.45630405797107
5.4,7.6,39.0,1.4,0.1,3176.0,6367.0,138.67865333333333
2.2,6.5,322.0,4.7,1.2,11210.0,14920.0,343.80462260869564
5.2,7.1,192.0,2.6,0.3,5073.0,8925.0,184.12521391304347
5.6,7.5,282.0,1.8,0.1,3205.0,5082.0,139.93293942028987
5.5,7.4,275.0,1.5,0.1,4698.0,8625.0,169.79564637681162
7.3,6.7,55.0,1.4,0.1,2638.0,4003.0,101.5076411594203
6.5,7.5,415.0,2.0,0.1,864.0,1538.0,84.88703681159419
7.2,6.3,100.0,1.5,0.1,7942.0,13575.0,215.264068115942
6.6,7.8,95.0,4.9,0.2,16.0,36.0,96.1540431884058
6.9,7.9,99.0,5.0,0.4,15.0,34.0,97.33218898550726
6.8,7.7,85.0,5.2,0.3,11.0,23.0,96.00684260869564
6.7,7.8,80.0,4.9,0.3,12.0,29.0,95.59064956521738
5.1,7.3,3937.0,10.3,1.8,31.0,83.0,143.85316086956522
5.6,7.9,468.0,3.6,1.9,66.0,164.0,92.59439942028988
6.4,7.6,541.0,5.7,0.6,23.0,45.0,101.02435043478262
5.5,7.4,6166.0,7.7,1.1,44.0,67.0,121.34723971014492
6.7,7.6,83.0,4.8,0.2,28.0,76.0,91.58711623188404
3.6,7.4,4424.0,31.3,2.2,276.0,474.0,344.3488585507247
7.2,7.7,226.0,3.1,0.8,4.0,130.0,75.44782144927537
5.9,7.4,268.0,6.4,0.4,37.0,68.0,106.38671855072464
5.4,7.5,2413.0,7.4,1.5,59.0,116.0,120.46908
5.8,7.3,384.0,5.4,0.6,37.0,78.0,96.32939217391306
5.9,7.4,269.0,5.1,1.2,34.0,60.0,94.89874521739132
6.0,7.3,269.0,8.5,0.4,32.0,58.0,122.6463515942029
6.1,7.3,196.0,6.1,0.5,30.0,63.0,100.87223797101448
5.9,7.4,269.0,6.4,0.4,19.0,47.0,105.98451855072464
6.3,7.8,223.0,4.6,0.9,15.0,32.0,95.02341739130436
6.7,7.3,9293.0,3.5,1.8,4.0,0.0,76.52552956521738
6.8,7.2,170.0,3.1,1.4,4.0,0.0,68.7168492753623
6.8,7.3,4175.0,3.3,1.6,4.0,0.0,73.12621594202898
6.9,7.3,4282.0,3.3,1.6,4.0,0.0,72.66866898550722
6.9,7.3,5551.0,3.4,1.7,4.0,0.0,73.84398231884057
6.8,7.9,5390.0,4.9,0.8,15.0,28.0,98.13450927536236
6.6,8.1,161.0,4.6,0.3,16.0,32.0,98.73101652173912
6.7,8.0,138.0,5.0,0.3,14.0,33.0,100.00568956521738
6.7,7.8,81.0,4.9,0.3,14.0,35.0,95.6363895652174
5.9,7.7,194.0,5.5,0.6,22.0,51.0,103.2982652173913
6.3,7.6,186.0,4.6,0.6,13.0,31.0,91.46605739130436
6.6,7.6,207.0,4.7,0.7,12.0,31.0,90.90144985507246
6.8,7.7,85.0,5.0,0.4,15.0,34.0,94.338195942029
7.1,7.4,176.0,2.7,0.9,4.0,30.0,67.15804173913044
7.0,7.4,178.0,2.7,0.9,4.0,40.0,67.64176869565216
7.2,7.2,180.0,2.7,1.0,4.0,70.0,63.225568115942025
6.7,7.5,85.0,1.4,1.0,183.0,420.0,63.34340289855072
5.8,7.4,77.0,1.4,0.8,285.0,691.0,68.22737884057972
6.6,7.5,75.0,1.4,0.7,183.0,448.0,63.795649855072455
6.7,7.5,82.0,1.4,1.0,161.0,443.0,62.86160289855073
6.7,6.9,56.0,0.9,0.2,82.0,172.0,46.12089623188407
6.5,6.7,2240.0,1.2,0.2,136.0,304.0,47.96959014492754
6.3,6.9,73.0,1.6,0.0,787.0,2008.0,70.20793739130437
7.0,7.4,130.0,0.7,0.1,301.0,590.0,56.524442028985504
6.6,7.7,191.0,1.6,0.2,362.0,661.0,73.0116631884058
6.9,6.9,134.0,1.1,0.4,249.0,531.0,50.73782898550725
7.0,7.5,80.0,0.8,0.4,2573.0,3583.0,110.0371020289855
6.7,7.4,14526.0,0.8,0.6,1411.0,1969.0,86.90906956521741
7.2,7.4,82.0,0.7,0.5,840.0,1311.0,67.66596144927537
7.5,7.2,67.0,1.1,0.1,76.0,590.0,49.20144724637682
3.0,6.6,965.0,1.7,1.2,247.0,530.0,69.82928695652176
5.9,7.4,17990.0,0.7,0.5,1888.0,2803.0,101.34889188405798
6.7,7.5,90.0,1.6,0.9,199.0,473.0,65.4692295652174
6.1,7.4,4429.0,2.0,1.6,243.0,550.0,72.18100463768116
6.7,6.9,87.0,1.7,0.2,155.0,350.0,54.86177623188407
6.9,6.8,85.0,1.6,0.2,82.0,206.0,49.632982318840575
2.1,6.8,101.0,1.6,0.8,431.0,694.0,80.61453623188406
2.5,6.9,83.0,1.9,0.3,353.0,656.0,81.29100173913042
7.2,7.6,75.0,1.4,1.0,188.0,426.0,62.78358811594202
6.1,7.6,281.0,1.2,0.7,384.0,718.0,70.71350463768115
6.7,7.6,106.0,0.5,2.5,44.0,71.0,54.13254289855072
7.6,7.1,58.0,1.2,0.1,163.0,961.0,49.87190028985507
1.9,7.7,2941.0,26.9,2.8,10875.0,37375.0,560.8819968115941
7.4,7.0,35.0,0.1,0.0,165.0,409.0,39.26764086956521
6.4,7.2,63.0,1.3,0.4,121.0,535.0,57.27812376811594
5.4,6.7,65.0,1.1,0.3,60.0,144.0,50.19398
5.6,7.3,90.0,1.6,0.4,268.0,705.0,68.81045942028986
7.1,8.0,728.0,1.2,0.4,374.0,697.0,72.68655507246378
5.9,6.8,13953.0,1.5,0.4,70.0,166.0,56.35747855072464
7.4,6.9,57.0,1.1,0.3,70.0,159.0,44.26678086956522
7.2,7.2,41.0,0.7,0.2,441.0,658.0,55.19058144927536
6.5,7.4,71.0,0.6,0.3,4192.0,7018.0,145.45882347826088
6.8,7.1,81.0,0.8,0.0,389.0,1268.0,55.23606260869565
6.8,6.9,68.0,1.7,0.1,449.0,660.0,60.931175942029
6.6,7.0,70.0,1.4,0.1,550.0,822.0,63.24192985507246
6.4,7.7,100.0,0.6,0.9,56.0,88.0,58.2896904347826
7.3,6.9,96.0,1.9,0.2,89.0,825.0,52.39353449275364
6.8,6.6,49.0,0.5,0.4,1719.0,2950.0,73.700195942029
6.9,6.8,59.0,0.6,0.5,1916.0,3375.0,82.03664231884059
7.1,6.8,14410.0,1.8,0.1,65.0,468.0,53.263715072463775
6.7,7.1,66.0,0.6,0.0,222.0,626.0,50.11150956521739
7.2,7.0,59.0,0.6,0.0,165.0,433.0,44.6663747826087
6.0,7.6,120.0,1.3,1.1,212.0,523.0,68.24400492753622
5.2,6.8,55.0,0.6,0.7,171.0,313.0,50.9979672463768
4.8,6.8,86.0,0.7,0.8,208.0,332.0,54.647148405797104
3.9,6.9,62.0,0.5,0.7,155.0,284.0,57.74445768115943
5.0,6.9,3185.0,1.8,0.4,290.0,667.0,67.68212115942029
7.0,7.0,36.0,1.1,0.2,276.0,541.0,52.54821536231884
6.3,6.9,64.0,1.2,0.3,381.0,815.0,57.46289739130435
6.2,6.9,86.0,1.3,0.2,372.0,1007.0,58.66643101449276
5.7,6.8,2640.0,1.9,0.5,385.0,759.0,65.47448579710145
5.7,6.9,53.0,3.1,0.4,574.0,1205.0,81.52783246376812
6.6,7.1,2007.0,1.3,0.2,356.0,785.0,60.234263188405805
6.6,7.0,46.0,1.3,0.3,228.0,472.0,55.18011652173913
6.5,6.5,43.0,0.9,0.4,87.0,188.0,40.2720968115942
6.7,6.3,54.0,0.9,0.1,136.0,610.0,36.983282898550726
4.3,7.2,113.0,1.8,0.4,188.0,796.0,73.35606985507246
4.6,6.7,12561.0,1.5,0.6,72.0,171.0,60.63653565217392
7.7,6.9,61.0,1.6,0.0,88.0,554.0,47.7023
5.8,6.5,61.0,1.0,0.4,70.0,151.0,44.14502550724639
4.5,6.9,1614.0,2.1,0.6,131.0,230.0,68.80936260869566
6.6,7.0,14487.0,0.9,0.3,55.0,103.0,50.91185652173913
6.9,7.5,54.0,0.6,0.0,319.0,1633.0,58.45593565217391
5.5,7.6,569.0,1.3,0.9,18.0,141.0,66.35491304347825
5.4,7.8,310.0,0.8,2.4,7.0,107.0,65.73844
7.1,7.8,516.0,0.7,0.5,2.0,1238.0,56.6506684057971
6.9,8.0,505.0,0.9,0.7,2.0,1563.0,62.946188985507234
7.3,7.3,109.0,2.4,3.4,18.0,65.0,62.37996115942028
7.5,7.5,83.0,2.1,2.0,22.0,74.0,62.16578057971014
6.4,7.2,102.0,1.0,0.0,137.0,1223.0,55.09233043478261
6.5,7.1,92.0,1.0,0.0,155.0,1342.0,53.29702347826086
7.7,7.9,232.0,1.3,0.8,30790.0,40500.0,749.8341066666666
7.5,7.8,519.0,2.1,0.7,38700.0,53556.0,933.877407246377
7.3,7.2,103.0,0.7,1.7,4871.0,13810.0,155.68357449275362
7.4,7.9,196.0,0.7,0.6,5323.0,15213.0,177.55254086956523
7.4,7.8,244.0,1.9,1.0,20880.0,12473.0,529.7001342028985
7.5,8.0,243.0,1.7,0.9,8780.0,30319.0,267.4256139130435
7.2,8.0,296.0,1.5,0.7,1468.0,4314.0,99.77196811594204
7.5,7.9,194.0,1.0,1.0,2906.0,8559.0,124.8907672463768
7.4,7.9,170.0,0.8,0.9,4948.0,16709.0,170.50644086956524
6.8,7.3,386.0,1.5,0.2,4.0,10.0,56.20816927536232
6.0,7.1,13000.0,1.5,0.4,4.0,10.0,59.3818115942029
6.5,7.4,1063.0,2.0,0.6,177.0,374.0,67.90948347826087
6.8,6.6,63.0,2.9,0.1,11.0,36.0,56.52739594202898
6.6,6.4,101.0,2.5,0.2,13.0,41.0,50.5413631884058
6.6,6.5,136.0,2.5,0.2,13.0,45.0,52.2859431884058
6.7,6.9,226.0,2.2,0.2,12.0,38.0,56.08941623188407
6.7,6.3,72.0,2.7,0.2,9.0,32.0,49.99791623188407
6.7,6.4,61.0,4.6,0.1,10.0,34.0,68.56190289855074
6.6,7.2,1300.0,2.7,0.2,21.0,60.0,66.6445231884058
6.7,7.0,461.0,2.5,0.1,17.0,51.0,60.63514289855073
6.6,6.2,69.0,2.5,0.1,11.0,38.0,47.00652985507247
6.8,6.9,241.0,2.5,0.1,14.0,48.0,58.30269594202898
6.5,6.6,159.0,2.4,0.2,11.0,41.0,53.577810144927525
6.6,6.7,170.0,2.5,0.2,10.0,34.0,55.6967031884058
6.8,7.2,55.0,1.5,0.1,4.0,10.0,54.38841594202899
5.8,7.2,640.0,6.0,4.3,1450.0,4073.0,132.4716455072464
4.8,7.6,1090.0,22.0,3.6,30500.0,52500.0,938.5399217391304
5.5,7.3,705.0,10.0,5.0,2020.0,5433.0,184.0459397101449
5.1,7.4,1375.0,23.7,5.9,27333.0,50333.0,878.5197875362319
5.5,7.4,745.0,10.0,6.1,12167.0,29333.0,415.4177063768117
5.0,7.6,975.0,16.3,6.1,11167.0,21667.0,453.3268211594203
4.9,7.7,1385.0,27.5,7.7,42500.0,72000.0,1258.4840014492754
5.0,7.3,1067.0,19.3,6.2,21467.0,39533.0,706.2665144927537
5.3,7.2,970.0,13.3,5.9,3167.0,7133.0,238.36311362318844
4.9,7.7,1418.0,21.0,4.2,28000.0,49500.0,875.1705947826088
4.1,7.5,1015.0,23.0,6.1,35000.0,57500.0,1049.830363768116
4.8,7.4,854.0,17.0,4.7,20500.0,38000.0,666.6862684057971
6.8,8.2,55.0,19.8,0.0,4.0,10.0,233.72908260869565
6.8,7.9,55.0,18.2,0.0,4.0,10.0,214.35788260869563
4.0,6.8,370.0,3.0,0.8,4.0,9.0,74.33846405797102
7.8,7.8,376.0,1.3,0.4,9.0,17.0,58.438606376811606
7.7,7.7,354.0,1.3,0.3,12.0,22.0,57.235320000000016
7.6,7.9,344.0,1.6,0.4,12.0,22.0,63.852740289855085
6.8,7.2,55.0,88.0,0.0,4.0,10.0,820.0754826086958
4.4,7.1,694.0,41.0,1.2,92.0,224.0,416.10522956521737
5.9,8.0,401.0,0.9,0.7,4.0,15.0,67.43781855072463
6.0,7.2,106.0,0.8,0.4,4.0,15.0,52.08583159420291
5.6,7.9,326.0,1.1,0.8,4.0,4.0,68.90749275362319
6.2,8.1,592.0,1.0,0.7,4.0,6.0,68.65579768115941
7.2,7.5,119.0,2.3,3.8,33.0,74.0,65.82726144927534
7.2,7.5,120.0,2.3,4.1,31.0,67.0,65.81454144927537
7.5,7.3,82.0,1.8,2.8,30.0,70.0,56.30134724637681
7.5,7.5,111.0,2.4,3.0,293.0,506.0,71.02101391304349
5.3,3.3,831.0,7.7,3.2,18.0,36.0,49.60789362318838
7.2,7.2,56.0,1.7,2.6,21.0,42.0,54.89076144927537
7.5,7.2,66.0,1.6,2.5,22.0,44.0,52.576107246376814
7.8,7.0,74.0,2.3,4.3,28.0,108.0,54.202486376811606
7.3,6.6,274.0,2.5,2.4,176.0,386.0,54.60254782608695
7.4,7.3,67.0,1.8,2.5,25.0,55.0,56.63253420289855
7.2,7.4,82.0,2.0,2.8,26.0,61.0,61.16062811594204
7.3,7.1,55.0,1.9,2.5,24.0,53.0,54.50164115942029
7.3,7.1,57.0,2.0,2.4,24.0,50.0,55.37568782608696
6.6,7.1,114.0,2.6,2.8,2142.0,3108.0,111.59132985507247
7.3,5.6,56.0,1.8,2.1,16.0,34.0,27.351947826086956
5.1,7.0,105.0,3.6,4.7,351.0,780.0,86.03612753623189
7.3,7.1,51.0,1.6,2.4,19.0,40.0,51.72086782608695
7.7,7.2,50.0,1.6,2.0,19.0,36.0,51.48768666666666
7.6,7.3,115.0,2.1,3.7,301.0,528.0,64.67138028985508
6.2,7.0,81.0,2.4,5.1,36.0,79.0,63.04450434782608
7.2,7.1,66.0,1.9,3.4,28.0,63.0,55.174148115942025
7.4,7.1,57.0,1.5,2.9,13.0,40.0,50.27796753623189
7.5,7.4,144.0,1.7,3.5,26.0,59.0,57.15150057971015
7.1,7.1,63.0,1.9,5.6,22.0,48.0,55.7592084057971
7.3,7.2,65.0,1.9,3.3,24.0,48.0,56.32620782608696
7.3,7.3,65.0,2.0,3.0,25.0,54.0,58.93802782608696
3.9,7.1,233.0,17.0,10.5,13174.0,22223.0,500.930024347826
7.2,7.0,66.0,1.9,3.7,28.0,60.0,53.47028811594202
7.7,7.2,62.0,1.6,3.0,27.0,59.0,51.78152
7.3,6.9,61.0,2.2,2.0,25.0,52.0,53.653774492753634
3.2,7.1,258.0,23.5,10.3,31833.0,54083.0,981.1923663768116
7.2,7.2,124.0,6.9,4.5,348.0,552.0,108.4827547826087
7.2,7.1,65.0,2.1,2.4,56.0,120.0,57.46633478260869
7.5,7.3,64.0,1.9,3.3,21.0,42.0,57.03219391304348
7.6,7.3,65.0,1.9,3.8,21.0,43.0,56.60621362318841
7.1,7.3,269.0,1.4,0.1,4.0,115.0,53.86613507246376
7.2,7.3,275.0,1.5,0.1,4.0,68.0,54.261228115942025
6.9,7.1,186.0,1.6,0.1,4.0,29.0,53.08952898550724
6.8,7.1,201.0,1.4,0.2,4.0,86.0,51.82698927536232
6.2,7.8,165.0,2.1,0.0,282.0,340.0,79.23180434782608
6.4,7.8,158.0,4.1,0.5,458.0,500.0,99.95155710144928
6.6,7.9,210.0,4.2,1.9,510.0,572.0,102.94012985507248
7.3,7.9,693.0,0.5,1.0,161.0,173.0,59.0273011594203
5.0,7.6,1676.0,1.8,8.0,329.0,174.0,81.08651449275362
6.0,7.7,1863.0,8.6,1.0,47.0,1183.0,131.4708315942029
5.3,7.8,817.0,2.8,1.0,9.0,23.0,83.90772028985508
4.5,8.3,1287.0,1.5,11.0,116.0,5.0,88.48628927536234
6.8,7.2,55.0,1.5,0.0,4.0,2.0,54.37572260869565
6.8,8.2,1862.0,2.5,0.87,7.0,64.0,81.16032260869565
5.0,8.0,55.0,0.7,0.0,4.0,10.0,69.84344782608694
3.0,7.7,55.0,0.4,0.0,4.0,10.0,71.60158695652176
6.7,8.1,2520.0,7.2,1.0,6.0,41.0,121.64162289855074
8.2,8.4,606.0,2.9,0.0,4.0,10.0,80.98828521739131
5.6,7.5,41.0,2.0,0.08,7022.0,13410.0,227.8359927536232
5.5,6.7,209.0,0.8,0.17,1893.0,2915.0,88.19367971014493
5.5,7.1,123.0,1.5,0.09,3293.0,6264.0,132.98319304347825
5.3,7.3,182.0,1.5,0.08,1976.0,3080.0,107.6230736231884
6.0,7.6,100.0,1.2,0.17,5129.0,6086.0,177.14228492753622
5.7,6.9,111.0,1.0,0.14,939.0,3061.0,71.39778579710145
6.4,7.1,140.0,1.1,0.1,4464.0,7908.0,151.35822376811592
6.2,7.8,44.0,2.0,0.06,9429.0,9320.0,282.45084434782615
6.1,7.6,43.0,1.8,0.06,6668.0,9554.0,216.72269130434785
7.0,6.9,64.0,1.1,0.09,1641.0,2841.0,81.47884869565218
6.6,6.5,62.0,1.0,0.14,4073.0,7190.0,130.2830031884058
7.0,6.8,304.0,2.0,0.49,12140.0,23867.0,324.4598020289856
7.0,7.0,55.0,1.2,0.66,1298.0,2813.0,76.57392869565216
6.3,7.6,213.0,1.5,0.06,3803.0,7069.0,149.27911739130437
6.7,6.8,83.0,1.2,0.17,2140.0,3559.0,93.27009623188404
7.1,6.6,76.0,1.0,0.12,2367.0,3527.0,91.10600173913043
6.7,6.6,107.0,1.3,0.22,2461.0,3757.0,97.83170289855072
7.2,6.7,89.0,0.9,0.06,832.0,1996.0,57.2116947826087
4.2,6.7,192.0,2.0,0.16,4448.0,9286.0,162.93249681159423
6.3,6.6,79.0,1.6,0.19,2830.0,6054.0,111.06245072463769
5.6,7.7,142.0,1.7,0.14,1831.0,3644.0,111.8115527536232
2.8,6.4,424.0,3.2,0.35,12658.0,21036.0,359.179927536232
5.2,7.1,306.0,2.6,0.34,1411.0,1525.0,101.5964672463768
5.6,7.7,40.0,1.5,0.07,4153.0,7130.0,162.0941794202899
5.5,7.7,40.0,1.5,0.08,7086.0,12282.0,228.52909971014495
6.9,6.7,63.0,0.9,0.21,691.0,1132.0,55.35945565217392
6.3,7.6,227.0,1.7,0.08,3622.0,3612.0,146.294144057971
7.1,6.6,68.0,1.1,0.13,4124.0,8167.0,131.84103507246377
6.9,7.7,121.0,3.3,1.0,77.0,163.0,80.28080898550725
7.2,8.2,112.0,3.3,1.0,39.0,94.0,86.66058811594202
6.9,7.7,103.0,3.7,0.57,48.0,103.0,83.11653565217392
6.9,7.6,104.0,3.5,0.75,37.0,79.0,79.3816556521739
6.4,7.4,1003.0,4.3,2.89,524.0,753.0,96.73942376811594
6.3,8.3,408.0,2.7,1.58,64.0,157.0,88.11006405797104
6.7,7.8,105.0,3.6,1.0,43.0,89.0,84.86338289855074
6.3,7.6,209.0,4.4,1.86,48.0,98.0,90.62671739130435
5.9,7.6,13768.0,5.0,1.79,166.0,300.0,103.48983188405796
7.3,7.7,86.0,3.2,1.0,50.0,93.0,76.85146115942031
3.6,7.4,6487.0,30.5,1.5,534.0,745.0,343.40600521739134
6.3,8.3,999.0,3.3,1.78,4.0,112.0,92.23725072463768
7.2,7.7,125.0,3.3,1.0,39.0,89.0,77.98234811594205
7.1,7.5,127.0,3.4,4.4,17.0,63.0,75.75688840579708
7.1,7.4,5300.0,38.0,1.0,388.0,667.0,389.39839507246376
7.2,7.6,127.0,3.2,1.0,22.0,51.0,74.97752811594202
7.0,7.6,126.0,3.3,1.0,20.0,63.0,76.78312202898549
7.2,7.6,126.0,3.4,1.89,29.0,64.0,77.00257478260869
7.1,7.8,112.0,3.2,0.63,43.0,88.0,79.35910173913042
6.8,7.7,9590.0,3.6,4.57,3.0,124.0,84.247015942029
6.8,7.4,174.0,3.7,2.26,4.0,124.0,77.622235942029
6.8,7.6,2572.0,3.3,4.22,4.0,118.0,78.29396927536231
6.7,7.8,6030.0,4.4,4.78,4.0,138.0,92.81064289855074
6.8,7.7,7207.0,3.9,4.25,3.0,120.0,86.34248927536233
6.8,8.1,167.0,3.8,1.0,32.0,85.0,91.13035594202898
6.8,8.0,173.0,3.5,1.0,53.0,98.0,87.207035942029
7.0,8.0,168.0,3.6,1.0,44.0,83.0,86.92676202898551
6.9,7.9,131.0,3.5,0.75,41.0,96.0,84.68773565217391
7.0,7.6,125.0,3.5,0.6,33.0,63.0,78.79686869565217
7.2,7.5,132.0,3.3,0.9,38.0,88.0,74.4786347826087
7.2,7.7,119.0,3.3,1.0,35.0,68.0,77.88800811594203
6.9,7.5,159.0,2.8,1.0,3.0,82.0,70.73794898550723
6.7,7.7,141.0,3.3,3.0,4.0,90.0,79.83668956521738
7.3,7.7,132.0,2.9,2.0,3.0,88.0,73.27551449275363
6.4,7.3,76.0,1.7,0.62,199.0,788.0,64.36129710144928
6.0,7.1,85.0,1.7,0.53,262.0,538.0,64.14308492753624
6.3,7.1,69.0,1.3,0.57,248.0,593.0,58.86257739130436
6.5,7.3,76.0,1.6,0.55,226.0,545.0,63.530596811594194
6.7,6.6,60.0,1.2,0.34,228.0,435.0,46.86914289855073
7.0,6.6,3544.0,1.5,0.37,208.0,435.0,48.4092420289855
6.7,7.3,51.0,0.8,0.35,547.0,1567.0,62.77839623188407
6.9,7.7,107.0,0.7,0.46,255.0,443.0,61.19888898550724
6.7,7.9,173.0,0.9,0.56,191.0,426.0,66.01077623188408
5.6,6.9,126.0,1.2,0.67,266.0,990.0,58.38159942028986
7.3,7.4,70.0,0.8,0.31,2984.0,4208.0,116.06640115942032
6.9,7.4,12754.0,0.8,0.29,1807.0,2557.0,94.40412231884058
7.1,7.4,80.0,0.6,0.5,1921.0,2831.0,91.48590840579712
7.2,6.9,62.0,1.3,0.11,33.0,150.0,46.16000144927537
3.4,6.7,2965.0,2.3,1.11,271.0,1236.0,76.06801913043478
6.1,7.2,15871.0,0.9,0.25,1667.0,2975.0,93.34534463768117
6.4,7.2,120.0,1.9,0.77,258.0,618.0,65.68827710144927
6.2,7.2,7448.0,2.0,1.01,184.0,483.0,67.50895101449275
6.6,6.9,77.0,1.6,0.29,264.0,756.0,56.9635231884058
6.8,7.0,72.0,1.7,0.2,249.0,785.0,58.28648927536233
2.9,6.7,305.0,2.2,1.28,403.0,1623.0,80.02398057971016
3.0,6.6,86.0,2.0,0.39,357.0,1319.0,74.80752695652176
6.7,7.1,79.0,1.6,0.34,313.0,738.0,61.03928289855073
6.1,7.8,2905.0,1.3,0.54,422.0,997.0,76.53167130434782
6.9,7.4,112.0,0.5,0.35,50.0,67.0,49.59634231884058
7.0,6.9,51.0,1.1,0.18,44.0,317.0,45.63684869565218
3.1,7.2,1416.0,13.2,4.41,2992.0,19917.0,246.94202
7.0,7.1,30.0,0.5,0.32,211.0,496.0,47.53841536231884
6.1,7.0,59.0,1.8,0.58,89.0,282.0,58.931324637681165
6.0,6.4,61.0,2.1,0.28,87.0,300.0,51.57941159420292
6.3,7.0,105.0,2.8,0.37,142.0,543.0,68.03703072463767
6.9,8.1,502.0,0.9,0.72,382.0,615.0,72.8731556521739
5.9,6.7,14662.0,1.5,0.52,144.0,377.0,56.47239855072464
7.8,6.8,49.0,1.4,0.3,122.0,319.0,44.44467304347826
7.1,7.4,380.0,1.0,0.14,1527.0,66382.0,100.3271684057971
7.3,7.2,67.0,0.9,0.38,6490.0,3471.0,190.80705449275365
6.2,7.2,51.0,0.8,0.23,331.0,942.0,58.52361101449275
7.2,6.8,69.0,1.2,0.45,706.0,941.0,58.62483478260869
6.9,6.7,75.0,2.5,0.4,526.0,701.0,65.80474898550725
6.3,7.4,113.0,0.6,0.88,98.0,128.0,54.50045072463768
7.6,6.8,79.0,1.6,0.31,48.0,109.0,45.50334028985508
7.0,7.2,57.0,0.6,0.46,2117.0,3558.0,92.97710202898551
6.8,7.2,105.0,0.6,0.39,1200.0,2392.0,73.41996260869567
6.3,6.7,2315.0,1.3,0.17,55.0,278.0,48.03436405797103
6.4,6.9,18569.0,1.0,0.27,40.0,277.0,51.62477043478261
6.6,7.3,45.0,0.6,0.39,228.0,940.0,54.30429652173913
6.9,7.2,42.0,0.5,0.18,151.0,774.0,48.47799565217391
6.0,7.3,92.0,1.7,0.56,256.0,597.0,67.50028492753623
6.1,7.2,59.0,0.7,1.04,181.0,311.0,54.755997971014494
4.5,6.9,1190.0,0.7,1.17,218.0,388.0,58.34306260869565
4.2,7.0,69.0,0.6,1.04,240.0,420.0,60.86953014492753
6.0,7.0,5569.0,2.2,0.68,473.0,1894.0,73.01738492753624
7.3,7.0,34.0,1.0,0.27,234.0,927.0,49.38368782608696
6.3,7.0,44.0,1.6,0.32,487.0,1876.0,65.31350405797102
6.4,7.2,49.0,1.4,0.23,362.0,1357.0,63.64859710144927
5.9,7.0,3272.0,2.2,0.62,330.0,1284.0,69.69207188405798
4.6,7.0,65.0,1.7,0.28,631.0,1937.0,77.57324898550726
6.5,6.9,4650.0,2.0,1.0,340.0,1573.0,63.92843681159421
6.5,7.0,42.0,1.4,1.0,249.0,1221.0,57.2509368115942
6.4,6.4,45.0,1.2,1.0,142.0,376.0,42.99568376811594
6.0,6.1,56.0,1.2,0.0,136.0,438.0,39.48615826086956
5.3,6.8,99.0,2.8,0.79,106.0,523.0,68.62050028985506
6.9,6.7,66.0,1.8,0.0,93.0,205.0,49.88421565217392
6.0,6.6,67.0,1.5,3.69,168.0,398.0,51.92601826086957
4.9,6.8,9107.0,1.6,1.0,208.0,614.0,64.20138811594202
6.6,6.8,15525.0,1.1,0.06,149.0,347.0,51.54345652173914
7.1,7.5,46.0,0.8,1.0,239.0,1097.0,57.48581507246377
6.0,7.3,432.0,1.2,3.0,3.0,78.0,57.71037826086956
6.1,7.7,328.0,1.2,1.0,3.0,211.0,63.96100463768115
5.8,7.8,707.0,0.6,0.85,2.0,1100.0,62.06952550724638
6.1,8.0,674.0,0.9,1.0,2.0,1260.0,66.79820463768117
7.3,7.3,164.0,2.3,1.0,115.0,336.0,63.44778115942029
7.6,7.4,122.0,2.4,1.0,223.0,834.0,67.11284028985509
6.5,7.1,95.0,1.0,0.0,156.0,212.0,53.071183478260856
6.5,7.1,56.0,1.0,0.0,30.0,79.0,50.24874347826086
7.5,7.8,237.0,1.4,0.89,8281.0,18918.0,247.75948057971016
7.6,7.6,3688.0,2.3,2.66,19264.0,32918.0,498.5302336231885
7.3,7.5,82.0,1.2,1.58,15816.0,17512.0,407.9987744927537
7.5,8.0,202.0,1.4,1.89,11771.0,23191.0,329.4021739130435
7.3,7.9,232.0,2.9,2.23,9026.0,30836.0,282.9675211594203
7.4,7.9,246.0,2.3,1.9,1850.0,3900.0,112.62671420289855
6.9,8.1,3960.0,2.0,2.26,19058.0,22523.0,501.0988489855073
7.2,7.8,201.0,1.3,1.59,29937.0,31034.0,729.6492747826088
7.3,8.0,221.0,1.2,2.26,16103.0,5289.0,420.4373411594203
6.8,7.8,55.0,1.0,1.0,4.0,10.0,60.47681594202899
8.0,7.7,401.0,1.5,1.0,4.0,10.0,57.46989246376812
8.0,8.2,1886.0,4.0,1.0,4.0,10.0,88.60659246376811
7.0,8.2,742.0,5.0,1.0,4.0,10.0,102.0177820289855
7.0,6.4,149.0,4.0,1.0,4.0,10.0,61.78732202898552
6.7,7.5,1088.0,1.7,0.0,194.0,474.0,66.3653095652174
7.2,6.5,73.0,3.1,0.0,19.0,59.0,54.81057478260869
6.7,6.3,98.0,3.3,1.5,21.0,74.0,55.73140956521739
6.3,6.5,143.0,4.0,4.0,38.0,124.0,67.99409072463769
6.6,6.9,260.0,5.4,1.0,17.0,53.0,85.10564985507249
7.1,6.3,71.0,3.5,1.0,24.0,82.0,55.584915072463765
6.9,6.3,65.0,3.5,0.0,17.0,52.0,56.2751356521739
7.3,7.1,607.0,3.6,0.88,33.0,104.0,69.70448115942028
6.1,7.0,446.0,5.2,0.56,26.0,77.0,87.67367797101451
6.9,6.4,94.0,3.2,1.59,20.0,65.0,55.60491565217392
6.8,6.8,451.0,9.4,0.55,22.0,58.0,117.919895942029
6.0,6.6,169.0,3.9,2.0,22.0,84.0,69.71280492753621
6.5,6.7,187.0,3.3,3.0,32.0,113.0,64.07284347826086
5.5,7.2,636.0,9.7,4.0,1328.0,4975.0,164.1358663768116
4.7,7.3,1088.0,23.8,4.0,28250.0,56000.0,900.8349020289857
5.3,7.2,689.0,11.3,4.0,1350.0,6025.0,179.9901002898551
4.9,7.3,1267.0,23.5,3.0,24750.0,54250.0,819.4121747826086
5.3,7.4,852.0,13.0,4.0,13775.0,26750.0,477.69836028985503
4.9,7.5,977.0,16.5,5.0,12375.0,30500.0,482.36254144927534
4.4,7.4,1256.0,24.8,6.0,25250.0,55250.0,846.6567895652174
4.8,7.2,1021.0,20.3,4.0,22875.0,43700.0,746.1275750724639
5.1,7.3,971.0,14.8,5.0,2125.0,8425.0,231.49714753623184
4.6,7.4,1284.0,24.3,4.0,21500.0,50000.0,757.0261089855073
4.0,7.4,1096.0,26.0,3.0,31750.0,57500.0,1002.9853373913044
4.4,7.3,1002.0,21.5,4.0,21000.0,43750.0,718.9796428985508
6.8,6.9,910.0,13.0,0.0,4.0,10.0,151.15558260869565
6.8,6.5,930.0,15.0,0.0,4.0,10.0,161.91998260869565
5.0,7.3,55.0,33.9,0.0,4.0,10.0,351.5778478260869
6.8,6.7,960.0,18.0,0.0,4.0,10.0,191.95458260869563
4.8,7.6,295.0,0.8,0.0,4.0,9.0,64.79940173913043
7.1,7.5,293.0,1.3,0.0,9.0,19.0,56.53666173913044
7.1,7.5,316.0,1.4,0.0,13.0,22.0,57.51598173913044
6.6,7.5,274.0,1.6,0.0,14.0,24.0,61.70511652173913
4.9,7.4,407.0,16.3,0.0,51.0,120.0,199.1400747826087
4.9,8.3,603.0,1.0,0.0,4.0,5.0,78.3075947826087
5.5,7.4,138.0,0.8,0.0,4.0,6.0,57.92459304347828
5.5,8.1,625.0,1.1,0.0,4.0,6.0,72.83933304347826
5.0,7.3,305.0,1.7,0.0,4.0,12.0,66.59888782608695
5.6,8.1,552.0,1.1,0.0,4.0,6.0,72.34218608695653
7.3,7.3,402.0,2.1,0.0,4.0,32.0,59.10042782608696
7.2,7.3,99.0,2.2,1.0,26.0,57.0,61.001088115942025
7.2,7.4,102.0,2.2,1.0,25.0,56.0,62.715428115942046
7.6,7.2,72.0,1.8,2.56,24.0,57.0,53.92036028985508
7.1,7.5,131.0,2.2,3.2,239.0,413.0,69.98736840579711
5.2,2.9,682.0,7.8,1.5,16.0,30.0,43.76601391304346
7.3,7.1,47.0,1.3,2.0,15.0,48.0,48.93401449275361
7.6,7.2,52.0,1.2,2.0,16.0,36.0,48.36211362318841
8.0,6.9,64.0,1.8,3.38,23.0,49.0,46.85204579710145
7.9,7.3,46.0,1.4,1.0,12.0,29.0,50.224659420289846
7.4,7.2,53.0,1.9,3.0,14.0,32.0,55.585160869565215
7.7,7.2,55.0,1.6,3.0,15.0,63.0,51.51566
7.1,6.5,237.0,3.8,4.56,674.0,1072.0,76.72106173913043
7.8,7.2,50.0,1.6,1.77,20.0,41.0,51.00465304347826
7.3,7.3,71.0,2.0,2.66,21.0,47.0,58.812234492753625
7.3,7.0,91.0,1.8,3.3,20.0,45.0,51.88566782608696
7.4,7.1,49.0,1.7,2.44,19.0,42.0,52.12935420289854
6.5,7.1,99.0,2.7,3.56,1967.0,2722.0,109.08499014492754
7.5,5.7,50.0,1.5,2.21,10.0,23.0,25.34586057971015
5.8,6.9,68.0,3.1,4.9,197.0,463.0,73.0471055072464
6.9,7.2,44.0,1.4,2.66,14.0,33.0,53.52566231884058
7.8,7.3,93.0,1.9,2.99,264.0,444.0,61.02015971014493
6.6,7.0,66.0,2.3,4.0,29.0,63.0,59.95316985507247
7.6,7.1,53.0,1.7,3.0,23.0,53.0,51.32010695652174
7.8,7.0,47.0,1.4,2.0,8.0,35.0,45.52021971014493
7.7,7.4,128.0,1.6,3.32,25.0,56.0,55.25816666666668
7.1,7.0,54.0,1.8,2.58,20.0,43.0,52.76054173913043
7.4,7.0,69.0,1.6,3.3,17.0,87.0,49.57228086956522
7.5,7.2,58.0,1.6,2.25,21.0,46.0,52.52535391304348
7.2,6.9,55.0,1.7,3.04,26.0,56.0,49.84422811594203
7.9,7.1,55.0,1.2,3.55,23.0,50.0,45.51075942028985
6.9,6.9,52.0,2.2,3.48,1576.0,45.0,90.01351565217392
4.5,7.1,196.0,15.5,11.0,48611.0,43333.0,1272.6139292753624
7.2,7.1,107.0,6.7,5.56,303.0,476.0,104.077288115942
7.5,7.0,82.0,2.1,3.02,45.0,122.0,54.11594057971016
7.1,7.5,189.0,1.9,1.0,4.0,10.0,61.82183507246377
7.0,7.6,197.0,1.8,1.0,4.0,10.0,63.1554820289855
7.2,7.9,158.0,1.9,0.95,4.0,10.0,68.27246144927535
6.5,7.8,161.0,1.8,0.99,4.0,10.0,69.02390347826086
6.6,7.7,165.0,1.7,0.0,280.0,325.0,71.98315652173913
6.7,7.8,167.0,4.8,1.0,440.0,520.0,104.36794289855074
6.6,7.7,183.0,3.7,1.55,415.0,575.0,92.8990831884058
7.1,7.8,151.0,8.0,0.08,4.0,10.0,120.9180884057971
7.2,7.4,319.0,0.7,0.18,5.0,10.0,48.94339478260871
6.2,8.4,894.0,9.0,0.38,140.0,350.0,147.79253101449277
2.2,8.0,1835.0,17.9,0.86,10478.0,25478.0,473.1322692753623
2.0,7.7,3165.0,32.3,3.44,11498.0,15173.0,617.2048231884058
2.4,7.6,1500.0,6.2,1.31,3.0,13.0,124.53339536231884
5.9,7.2,52.0,2.1,0.08,4.0,90.0,64.04415188405797
6.1,6.8,408.0,1.3,0.17,1300.0,3808.0,78.6040979710145
5.5,6.9,143.0,1.3,0.09,4100.0,11113.0,146.64667304347827
5.4,7.2,60.0,1.5,0.08,428.0,2309.0,70.99872666666667
5.8,7.2,34.0,5.3,0.17,855.0,3322.0,112.37565884057972
5.9,6.7,125.0,1.5,0.14,1638.0,5793.0,87.44163188405798
6.4,6.7,175.0,1.3,0.1,772.0,3636.0,63.659283768115934
6.2,7.7,39.0,1.3,0.06,1296.0,4517.0,93.72138434782607
6.1,7.8,39.0,1.5,0.06,1032.0,5840.0,92.16553130434782
7.3,6.9,61.0,0.7,0.09,1430.0,4388.0,72.17136782608696
6.8,6.6,71.0,1.5,0.14,2495.0,3949.0,99.89798927536232
7.4,6.5,129.0,2.3,0.49,5868.0,16691.0,179.75463420289856
7.0,6.8,503.0,1.6,0.66,965.0,2404.0,69.29200869565217
6.3,7.5,31.0,1.6,0.06,1466.0,4267.0,96.12413739130434
7.1,6.8,70.0,0.8,0.17,716.0,3567.0,56.3334484057971
7.3,6.8,69.0,1.2,0.12,457.0,2446.0,52.93586782608696
6.7,6.6,118.0,1.0,0.22,1104.0,3496.0,65.13140289855073
7.4,6.8,80.0,1.3,0.06,274.0,1404.0,49.06230086956522
4.5,6.6,250.0,2.4,0.16,1572.0,5889.0,98.99985594202896
6.1,6.9,74.0,1.8,0.19,1074.0,3937.0,79.72858463768117
5.9,7.3,44.0,1.6,0.14,962.0,2794.0,83.12563188405797
2.4,6.5,195.0,4.8,0.35,7980.0,14217.0,272.0691153623189
4.0,6.8,207.0,1.8,0.34,818.0,2280.0,82.11893072463768
5.4,7.6,40.0,1.6,0.07,290.0,1330.0,75.55725333333332
5.3,7.6,41.0,1.4,0.08,952.0,2517.0,89.16059362318842
7.0,6.9,54.0,0.8,0.21,667.0,3059.0,57.35672869565217
5.9,7.7,44.0,2.1,0.08,1200.0,831.0,99.317011884058
7.1,6.5,60.0,1.7,0.13,2926.0,8163.0,108.9377950724638
6.9,7.7,99.0,3.3,0.56,53.0,123.0,79.68866231884058
6.6,7.9,123.0,3.2,0.52,44.0,104.0,83.51654985507247
6.6,7.7,220.0,3.6,0.65,25.0,77.0,83.1950631884058
6.8,7.7,219.0,3.4,0.63,23.0,75.0,80.41544260869566
4.8,7.2,5429.0,8.4,2.08,177.0,408.0,130.3985750724638
6.4,8.0,493.0,4.2,3.91,17.0,68.0,94.91414376811592
6.8,7.6,100.0,3.0,0.54,124.0,295.0,77.38312260869564
6.7,7.5,316.0,4.6,0.6,47.0,132.0,88.6079295652174
6.9,7.7,84.0,3.1,0.42,69.0,168.0,78.2631556521739
6.9,7.9,312.0,2.7,1.58,4.0,107.0,76.92142231884058
6.8,7.5,146.0,3.0,0.6,124.0,241.0,75.65192260869566
6.7,7.3,127.0,2.9,0.59,100.0,209.0,71.23309623188406
5.6,6.9,432.0,4.5,1.72,58.0,173.0,82.99877942028985
6.5,7.3,126.0,3.0,0.59,132.0,284.0,73.80395014492753
7.1,7.5,128.0,3.0,0.6,136.0,297.0,74.48222173913045
6.4,7.3,129.0,3.1,0.6,68.0,191.0,73.73713043478259
6.9,7.7,129.0,2.9,0.55,135.0,268.0,77.99746898550725
7.0,7.9,153.0,2.9,0.55,30.0,86.0,78.63312202898551
6.4,7.6,10165.0,3.7,2.14,5.0,139.0,85.22888376811594
6.9,7.7,307.0,2.8,3.6,4.0,123.0,74.55789565217391
6.3,7.7,322.0,3.5,1.1,4.0,116.0,83.369244057971
6.5,7.5,5835.0,3.4,1.72,4.0,126.0,79.3327168115942
6.3,7.4,9245.0,4.7,2.0,4.0,134.0,90.84906405797102
6.5,8.1,1907.0,4.0,0.55,46.0,115.0,94.9936168115942
7.0,8.0,1896.0,3.5,0.64,190.0,245.0,89.6446020289855
7.0,8.0,206.0,2.9,0.56,31.0,74.0,80.40133536231883
6.8,7.8,239.0,3.3,0.56,33.0,77.0,81.48442927536232
6.4,7.6,152.0,3.2,0.96,62.0,142.0,79.73137043478259
6.7,7.7,146.0,3.0,0.89,30.0,73.0,77.52235623188406
6.7,7.6,137.0,2.9,0.76,24.0,64.0,74.75038289855074
6.6,7.8,228.0,3.5,0.57,30.0,79.0,84.14981652173913
7.0,7.7,409.0,2.4,0.93,4.0,112.0,70.26410869565217
6.8,7.6,263.0,2.9,0.81,4.0,123.0,73.87346260869565
6.9,7.5,338.0,2.3,3.93,4.0,108.0,66.6994956521739
7.0,7.2,79.0,0.8,0.62,279.0,637.0,53.507415362318845
6.6,7.0,67.0,1.1,0.53,275.0,670.0,54.5217431884058
6.6,7.3,59.0,0.7,0.57,281.0,541.0,56.29577652173912
6.2,7.3,66.0,0.8,0.55,303.0,609.0,59.60583768115941
7.1,7.0,67.0,1.0,0.34,170.0,538.0,48.86079507246378
7.0,6.7,5341.0,1.1,0.37,158.0,528.0,45.91524202898551
6.7,7.3,89.0,1.1,0.35,1163.0,2025.0,79.15671623188406
6.2,7.3,136.0,1.0,0.46,296.0,676.0,61.24183768115942
7.1,8.1,212.0,0.9,0.56,524.0,992.0,75.05082840579709
6.3,6.3,134.0,1.2,0.67,224.0,780.0,43.62535072463768
7.3,7.2,76.0,0.6,0.31,468.0,893.0,54.49242115942029
7.0,7.3,11041.0,0.9,0.29,256.0,503.0,57.96639536231884
6.8,7.1,75.0,0.8,0.5,693.0,1169.0,61.98602927536233
7.4,7.2,61.0,0.7,0.11,54.0,255.0,45.58160753623188
1.7,6.6,769.0,3.4,1.11,556.0,1717.0,98.16889739130434
6.1,7.5,14083.0,1.4,0.25,920.0,2686.0,86.01370463768114
6.6,7.2,92.0,0.8,0.77,332.0,660.0,56.62738318840581
6.6,7.2,1348.0,0.8,1.01,392.0,810.0,58.2889431884058
6.0,6.7,95.0,1.2,0.29,253.0,680.0,52.58138492753623
6.6,6.8,78.0,1.0,0.2,275.0,626.0,50.1212031884058
0.6,6.7,268.0,4.1,1.28,400.0,1308.0,107.76404057971016
1.8,6.6,82.0,2.0,0.39,399.0,1410.0,81.5279104347826
7.1,7.2,61.0,1.0,0.34,251.0,608.0,54.13697507246378
6.6,8.0,310.0,1.1,0.54,517.0,783.0,77.30935652173913
7.0,7.1,97.0,0.8,0.35,45.0,77.0,46.45125536231884
7.3,7.0,51.0,0.7,0.18,65.0,258.0,42.83990782608696
0.5,7.1,1717.0,21.2,4.41,3317.0,15833.0,334.8805208695652
7.0,7.4,55.0,0.9,0.32,800.0,1400.0,69.50849536231884
6.1,6.8,67.0,1.1,0.58,80.0,394.0,49.09042463768117
7.0,6.7,61.0,1.3,0.28,168.0,248.0,46.67360202898551
5.2,6.9,81.0,1.5,0.37,71.0,465.0,58.4938472463768
6.1,8.0,510.0,1.1,0.72,784.0,1572.0,85.85275130434782
6.5,6.9,12150.0,1.8,0.52,711.0,1481.0,71.9344168115942
7.9,7.2,50.0,1.1,0.3,319.0,845.0,52.721626086956526
7.5,6.9,34.0,0.9,0.14,110.0,256.0,42.89808057971015
7.0,7.4,72.0,1.0,0.38,496.0,897.0,63.57493536231884
7.3,7.3,99.0,0.9,0.23,1088.0,1788.0,72.77923449275363
7.5,6.9,125.0,1.6,0.45,970.0,1400.0,68.40607391304349
6.8,6.9,116.0,1.7,0.4,825.0,1260.0,69.416135942029
5.8,7.3,107.0,0.9,0.88,232.0,343.0,60.83286550724638
7.1,7.2,85.0,0.8,0.31,67.0,184.0,48.208895072463775
6.8,7.1,58.0,0.7,0.46,2010.0,3460.0,90.702435942029
5.7,7.3,13197.0,1.5,0.35,46.0,144.0,65.29262579710145
6.7,7.1,58.0,1.2,0.39,964.0,1739.0,72.1066495652174
7.0,6.9,3453.0,0.9,0.17,56.0,278.0,44.87041536231884
6.5,7.0,14369.0,1.3,0.27,63.0,175.0,55.09714347826086
6.6,7.3,70.0,1.4,0.39,838.0,1875.0,75.07809652173913
7.0,7.3,60.0,0.8,0.18,631.0,1813.0,63.229048695652175
6.3,7.2,97.0,0.8,0.56,357.0,880.0,58.64968405797103
6.0,7.0,63.0,1.1,1.04,243.0,493.0,56.71700492753624
4.4,7.1,113.0,1.5,1.17,358.0,722.0,72.3082895652174
4.5,7.2,79.0,1.0,1.04,279.0,537.0,67.32890927536232
5.1,6.9,1789.0,2.1,0.68,408.0,1946.0,72.4693075362319
7.5,7.2,36.0,1.1,0.27,282.0,1134.0,53.88549391304348
6.8,7.0,59.0,1.3,0.32,648.0,2267.0,63.89988927536232
6.8,6.9,114.0,1.4,0.23,388.0,1785.0,57.19930927536233
5.9,6.8,1108.0,2.2,0.62,386.0,1520.0,67.03351188405797
4.9,6.7,88.0,2.2,0.28,480.0,2200.0,72.07380811594203
6.8,6.9,1686.0,1.4,0.25,236.0,1223.0,54.064495942029
7.1,6.9,45.0,1.2,0.29,451.0,1636.0,55.33654840579711
6.9,6.6,56.0,1.1,0.3,177.0,542.0,43.91295565217391
6.5,6.3,49.0,1.0,0.22,87.0,323.0,37.6966368115942
4.9,6.6,169.0,2.1,0.76,250.0,1241.0,64.22892811594203
6.9,7.1,63.0,0.9,0.16,152.0,336.0,50.21096898550724
6.6,6.7,69.0,0.8,0.38,185.0,464.0,44.60786318840581
4.5,6.6,6381.0,2.1,0.34,196.0,435.0,66.10327594202897
6.2,7.2,9326.0,1.3,0.22,61.0,141.0,58.84579768115942
6.6,7.1,15158.0,1.1,0.26,126.0,810.0,56.2861431884058
6.3,7.3,74.0,1.2,0.29,725.0,1813.0,72.22996405797102
6.0,7.6,429.0,1.1,1.1,3.0,362.0,61.88726492753622
6.0,7.8,308.0,1.1,1.47,3.0,343.0,65.36891826086958
5.8,7.4,505.0,0.6,0.73,4.0,1517.0,55.2039055072464
6.1,7.5,465.0,0.5,0.34,4.0,1458.0,54.54702463768116
6.4,7.1,183.0,2.3,0.62,209.0,398.0,66.35923710144927
7.1,7.4,135.0,1.9,0.72,419.0,995.0,69.43154173913045
6.7,7.2,103.0,1.0,0.1,11.0,70.0,50.62196289855073
6.8,7.1,106.0,1.0,0.1,13.0,137.0,48.46447594202899
7.8,7.9,213.0,1.5,0.35,7742.0,15083.0,236.11749971014493
7.7,8.1,312.0,2.0,0.75,12675.0,32017.0,357.30688000000004
6.9,7.6,99.0,1.6,1.39,3066.0,5395.0,130.74214898550724
7.3,8.0,230.0,1.6,0.69,2346.0,4348.0,119.57174782608696
6.8,8.1,264.0,2.6,1.16,2428.0,5142.0,134.6109292753623
7.2,8.1,272.0,3.1,1.46,2196.0,4586.0,131.89762144927536
8.0,8.3,312.0,1.4,0.73,1618.0,4319.0,103.56897246376812
7.0,8.0,199.0,1.8,1.11,1503.0,3573.0,104.02370869565218
7.2,8.1,201.0,1.6,0.36,1239.0,2324.0,96.83639478260868
6.8,7.8,505.0,2.1,0.02,4.0,10.0,70.20586927536232
6.5,7.9,11170.0,3.0,0.3,4.0,10.0,83.72884347826087
6.9,7.4,4990.0,3.0,0.37,4.0,10.0,71.77254898550724
6.8,8.1,1516.0,1.5,0.28,4.0,10.0,70.35351594202898
6.8,7.5,890.0,2.1,0.51,274.0,589.0,71.23052260869568
7.3,7.6,160.0,1.9,0.06,32.0,89.0,63.12268782608695
7.0,7.7,111.0,2.2,0.08,53.0,131.0,69.42229536231883
6.7,7.7,139.0,3.1,0.22,123.0,300.0,80.43800289855072
7.2,7.2,288.0,2.1,0.14,33.0,91.0,58.489621449275376
7.0,7.1,95.0,1.9,0.08,47.0,118.0,56.211715362318834
7.0,7.5,84.0,1.7,0.06,32.0,87.0,61.04238869565217
7.4,7.0,3101.0,15.6,0.15,76.0,174.0,175.1459608695652
7.2,7.3,510.0,2.9,0.08,46.0,123.0,67.64384144927536
7.1,7.4,88.0,1.8,0.07,34.0,90.0,59.75733507246376
7.2,6.9,338.0,3.8,0.07,44.0,104.0,68.57932811594203
6.7,7.6,162.0,3.3,0.16,90.0,249.0,79.73038289855072
6.7,7.6,182.0,4.1,0.15,92.0,251.0,86.8599295652174
6.8,8.0,414.0,3.1,0.88,4.0,10.0,82.60387594202899
5.5,7.4,635.0,8.8,5.08,1400.0,5500.0,161.4656263768116
5.5,7.4,1051.0,25.0,6.8,32000.0,63000.0,994.0575997101448
5.3,7.3,636.0,9.9,5.0,2150.0,10000.0,187.9854736231884
5.1,7.4,993.0,21.9,6.63,36250.0,57750.0,1061.2794008695653
5.3,7.5,632.0,13.5,5.08,20000.0,34750.0,623.2625402898551
4.9,7.4,973.0,17.5,4.77,22000.0,40667.0,704.4017547826087
4.3,7.5,1156.0,24.5,7.65,33750.0,65000.0,1036.3716765217391
4.8,7.4,904.0,26.0,8.6,31750.0,55000.0,999.1566684057972
5.3,7.4,1290.0,26.9,8.1,36250.0,66250.0,1106.673286956522
4.9,7.4,990.0,27.8,6.78,19000.0,40500.0,729.4641147826087
5.2,7.4,914.0,20.5,6.18,14750.0,29500.0,566.9739339130435
6.4,7.9,1808.0,21.0,5.9,4.0,10.0,242.09855710144927
6.6,7.8,1302.0,18.0,0.1,4.0,10.0,212.09892985507244
6.4,8.0,1286.0,19.5,0.1,4.0,10.0,229.80758376811596
4.8,7.5,280.0,2.4,0.72,3.0,4.0,77.27882173913044
7.7,7.4,344.0,1.2,0.37,9.0,19.0,51.08061333333334
7.3,7.0,310.0,1.4,0.38,13.0,22.0,47.91403449275362
7.1,7.7,303.0,1.5,0.34,13.0,23.0,61.90771507246377
6.2,7.5,788.0,41.5,4.08,105.0,235.0,419.4409443478261
6.0,8.3,468.0,1.4,0.43,5.0,16.0,76.59827159420291
5.9,7.3,234.0,1.5,0.36,4.0,12.0,60.5224452173913
6.4,8.0,527.0,1.2,0.35,5.0,21.0,67.70085710144929
5.9,7.9,796.0,1.5,0.48,4.0,14.0,71.0756452173913
7.3,7.4,388.0,2.1,0.58,4.0,46.0,60.89984115942031
8.5,7.5,166.0,2.7,0.1,4.0,31.0,62.06937768115943
8.9,7.0,125.0,1.9,0.1,4.0,45.0,44.37748985507246
8.0,7.8,144.0,2.1,0.1,4.0,51.0,64.37117246376809
7.5,7.7,87.0,1.2,0.1,4.0,54.0,57.06192724637681
8.5,7.6,84.0,2.0,0.1,4.0,16.0,57.58763768115942
8.4,7.5,103.0,1.9,0.1,4.0,75.0,55.46468463768117
8.7,7.2,117.0,3.2,0.1,4.0,52.0,60.31904376811595
6.5,7.7,287.0,8.2,0.1,4.0,114.0,123.8939968115942
8.6,7.5,130.0,4.6,0.1,4.0,39.0,78.40093072463766
8.9,7.5,109.0,1.2,0.1,4.0,33.0,46.85492985507246
9.8,8.4,246.0,1.2,0.1,4.0,10.0,58.174227246376816
7.6,7.5,147.0,1.3,0.1,4.0,30.0,54.00196028985507
8.7,7.6,202.0,1.2,0.1,4.0,60.0,49.579503768115934
8.4,7.4,177.0,2.4,0.1,4.0,48.0,58.16502463768116
8.7,7.6,203.0,2.5,0.1,4.0,59.0,61.08710376811594
8.2,7.4,120.0,1.9,0.1,4.0,46.0,54.688218550724656
8.0,7.2,110.0,1.4,0.1,4.0,80.0,47.75767246376812
8.4,7.6,213.0,1.5,0.1,4.0,20.0,53.67198463768116
9.4,7.8,174.0,1.0,0.1,4.0,16.0,47.89765507246377
8.1,8.0,244.0,2.4,0.1,4.0,73.0,70.04452550724636
8.1,8.0,162.0,1.8,0.1,4.0,26.0,64.70494550724636
8.7,7.6,163.0,2.6,0.1,4.0,24.0,61.955803768115935
8.7,7.6,143.0,1.9,0.1,4.0,58.0,55.76248376811594
9.2,7.6,208.0,1.9,0.1,4.0,30.0,53.36518898550724
8.3,7.7,158.0,2.0,0.1,4.0,48.0,60.309131594202896
5.9,7.1,338.0,6.6,0.1,4.0,522.0,102.3022985507246
4.3,7.4,269.0,12.3,0.1,4.0,412.0,165.62470985507247
8.2,7.1,109.0,3.3,0.1,4.0,12.0,61.86311855072464
7.4,7.1,116.0,2.7,0.1,4.0,55.0,60.41161420289854
8.2,7.6,112.0,2.1,0.1,4.0,31.0,59.92555855072464
8.5,7.5,169.0,3.6,0.1,4.0,41.0,70.03903768115941
8.9,7.6,221.0,1.7,0.1,4.0,30.0,53.04090985507245
9.3,7.6,193.0,2.3,0.1,4.0,41.0,56.42402202898549
9.1,7.3,217.0,3.9,0.1,4.0,67.0,66.35239594202898
7.9,7.3,131.0,0.8,0.1,4.0,38.0,44.65893942028986
8.7,7.4,176.0,2.2,0.1,4.0,36.0,54.94850376811596
8.1,7.3,199.0,2.2,0.1,4.0,56.0,56.10848550724638
8.2,7.4,170.0,2.2,0.1,4.0,39.0,57.35327855072465
7.7,7.2,95.0,1.8,2.67,22.0,50.0,53.41062
7.6,7.2,92.0,2.5,2.41,20.0,45.0,60.01372028985509
9.9,7.2,65.0,1.5,2.31,21.0,55.0,40.10414695652174
7.6,7.4,93.0,2.1,2.89,276.0,408.0,65.73508028985508
5.5,2.9,568.0,6.8,1.12,18.0,33.0,33.44898637681159
7.6,7.0,42.0,1.3,3.01,11.0,27.0,45.77106028985508
7.7,7.1,45.0,1.4,2.89,9.0,22.0,47.85341333333333
8.3,7.0,59.0,1.7,2.86,16.0,33.0,46.043411594202894
7.7,6.3,250.0,2.1,3.88,180.0,326.0,44.16113333333333
8.8,7.3,37.0,1.5,1.62,15.0,35.0,46.91350347826086
7.3,7.3,72.0,2.0,1.65,17.0,36.0,58.61120782608696
7.5,7.0,38.0,1.7,2.2,18.0,40.0,49.86106724637681
7.8,7.1,44.0,1.6,2.62,15.0,33.0,49.2480063768116
7.0,7.0,100.0,2.4,3.03,1967.0,2600.0,102.20338869565218
7.5,6.3,52.0,1.7,0.82,7.0,21.0,37.3139872463768
6.4,6.9,61.0,2.6,3.88,227.0,538.0,66.30102376811594
7.5,7.1,39.0,1.4,2.88,12.0,22.0,48.87947391304348
8.0,7.1,41.0,1.4,3.35,10.0,25.0,46.48232579710144
7.9,7.3,93.0,1.7,5.02,295.0,418.0,59.669999420289855
7.5,6.9,69.0,1.9,4.92,20.0,49.0,50.24585391304348
7.9,7.2,46.0,1.7,2.72,20.0,45.0,51.5126327536232
8.0,7.2,42.0,1.4,2.47,5.0,31.0,48.01315246376812
7.7,7.1,101.0,1.5,3.42,16.0,43.0,48.96819999999999
7.2,7.1,49.0,1.6,2.86,17.0,40.0,52.20760811594203
8.2,7.1,49.0,1.2,2.81,15.0,32.0,43.804511884057966
7.8,7.1,58.0,1.5,2.97,19.0,43.0,48.494753043478255
4.9,7.1,182.0,14.2,11.61,10417.0,15500.0,409.03493478260873
2.5,7.1,382.0,37.2,11.81,53083.0,87167.0,1582.9282284057974
8.0,7.0,48.0,1.4,3.8,17.0,41.0,44.955285797101446
8.4,7.1,48.0,1.2,3.08,18.0,45.0,42.94079797101449
6.8,6.6,49.0,1.9,3.07,18.0,38.0,48.15217594202898
2.1,7.0,286.0,45.6,10.61,51250.0,84500.0,1616.225016231884
4.0,7.1,194.0,22.4,10.47,29500.0,45250.0,914.1084173913044
7.7,7.2,107.0,6.6,3.02,285.0,425.0,101.83592666666664
7.6,7.1,51.0,2.0,2.6,37.0,81.0,54.24709362318841
7.7,7.1,46.0,1.6,3.93,8.0,22.0,49.71564
7.7,7.1,49.0,1.9,3.89,11.0,26.0,52.43470666666665
6.5,7.4,297.0,1.0,0.13,26.0,438.0,55.51455681159419
6.3,7.5,287.0,0.9,0.14,5.0,204.0,56.81084405797102
6.5,7.2,375.0,1.1,0.17,33.0,625.0,53.14513014492754
6.9,6.9,349.0,1.1,0.18,38.0,503.0,46.09181565217391
6.6,7.8,165.0,1.6,0.1,268.0,316.0,72.57770985507244
6.4,8.0,155.0,3.9,0.5,512.0,516.0,102.84941710144926
6.5,8.0,168.0,4.2,0.99,488.0,616.0,104.57196347826088
6.7,7.7,218.0,5.0,1.31,4.0,10.0,94.69965623188406
4.2,7.9,4909.0,18.0,7.0,4.0,10.0,226.9289568115942
6.7,8.5,235.0,1.5,3.1,4.0,10.0,77.80510289855073
6.7,8.3,262.0,1.5,0.1,4.0,10.0,74.01104289855073
6.8,7.8,227.0,1.5,0.1,4.0,10.0,64.84225594202898
6.8,8.5,249.0,1.5,0.11,4.0,10.0,77.00018927536233
4.2,8.2,2754.0,42.0,0.1,4.0,10.0,443.35645681159417
7.1,7.3,212.0,1.4,0.84,3.0,6.0,53.88842173913042
5.0,8.3,12771.0,4.1,1.48,7.0,30.0,108.17828115942032
6.7,8.0,304.0,1.5,0.18,1500.0,3550.0,102.6614295652174
5.8,7.7,1315.0,2.5,0.22,1900.0,6800.0,120.41700550724636
7.6,7.7,1291.0,10.0,0.34,23.0,77.0,135.19452028985506
4.3,8.4,605.0,6.5,1.68,5.0,15.0,131.82453652173913
3.7,8.2,600.0,4.3,1.66,6.0,20.0,111.78457159420287
4.6,7.2,729.0,4.0,0.33,900.0,2300.0,107.58115565217392
6.2,8.4,2670.0,1.3,0.24,4.0,10.0,76.92714434782609
6.8,6.5,43.0,1.1,0.42,8.0,178.0,38.85332260869566
6.6,7.0,59.0,1.1,0.27,8.0,113.0,48.468316521739126
6.0,6.2,106.0,1.5,0.28,9.0,166.0,41.05283159420291
5.9,6.6,516.0,1.1,0.18,8.0,169.0,44.9949452173913
7.3,6.1,87.0,0.9,0.33,6.0,169.0,27.68714782608695
7.3,5.9,74.0,1.5,0.22,8.0,163.0,29.554341159420296
6.7,6.3,127.0,2.0,0.44,10.0,149.0,43.88769623188406
6.8,6.2,226.0,1.6,0.18,9.0,151.0,38.10150260869567
7.1,5.9,93.0,1.8,0.28,9.0,131.0,33.197915072463786
7.4,6.2,76.0,1.3,0.41,11.0,133.0,32.59176753623188
7.3,6.2,113.0,1.2,0.33,9.0,137.0,32.14372782608696
7.3,5.9,100.0,1.3,0.27,6.0,173.0,27.753127826086967
6.0,5.9,273.0,1.8,0.31,10.0,171.0,38.5636515942029
6.1,6.5,201.0,2.0,0.43,9.0,149.0,50.239304637681165
6.2,6.3,245.0,1.8,0.31,7.0,135.0,44.465097681159406
7.0,6.5,75.0,0.9,0.22,7.0,166.0,36.08118202898551
7.3,6.0,74.0,1.6,0.11,8.0,181.0,32.16747449275362
7.1,7.9,108.0,3.3,0.42,65.0,137.0,82.45344173913044
7.1,7.7,111.0,4.4,0.32,4.0,10.0,87.33232840579711
7.0,8.0,129.0,3.5,0.49,40.0,105.0,85.8936620289855
7.0,8.0,130.0,3.3,0.46,33.0,93.0,83.96286202898548
5.7,7.4,2323.0,6.3,1.47,400.0,541.0,115.1591391304348
5.9,7.6,462.0,4.9,2.47,23.0,63.0,96.53921855072464
7.0,7.7,107.0,3.8,0.4,131.0,285.0,85.3772820289855
6.2,7.4,299.0,5.1,0.95,209.0,401.0,97.37727101449276
7.2,7.9,77.0,3.2,0.42,164.0,282.0,83.30013478260868
6.8,7.8,350.0,2.6,1.99,2.0,72.0,74.78259594202899
6.9,7.5,133.0,3.2,0.55,252.0,409.0,79.79866898550725
6.9,7.5,143.0,3.4,0.54,149.0,307.0,79.2714356521739
6.1,6.9,609.0,4.2,3.1,65.0,135.0,78.27390463768116
6.8,7.4,129.0,3.2,0.86,51.0,133.0,74.07394927536231
6.7,7.4,130.0,3.2,0.75,45.0,124.0,74.40864956521739
6.6,7.4,130.0,5.0,0.74,67.0,158.0,91.3159231884058
6.7,7.5,120.0,3.6,0.73,85.0,226.0,80.58750289855072
7.1,7.9,139.0,3.2,0.45,74.0,147.0,81.77944173913046
6.0,7.4,13925.0,59.1,3.08,4.0,116.0,574.9848449275362
6.7,7.7,274.0,2.3,2.04,5.0,88.0,70.93064956521741
6.3,7.9,326.0,2.5,2.32,2.0,71.0,78.06941072463769
6.3,7.9,7392.0,2.4,6.41,4.0,71.0,79.23010405797103
6.3,7.7,12051.0,4.4,5.37,4.0,102.0,94.38019739130436
7.0,8.3,162.0,3.8,0.48,44.0,90.0,93.8485286956522
7.0,8.3,212.0,3.6,0.44,47.0,90.0,92.15105536231886
7.1,8.3,227.0,3.2,0.48,67.0,124.0,88.58632173913045
6.8,8.2,314.0,4.3,0.45,28.0,69.0,97.17264260869564
6.8,7.8,151.0,3.4,0.5,601.0,740.0,95.04236927536232
7.0,7.8,123.0,3.4,0.44,42.0,100.0,81.57277536231885
6.9,7.8,139.0,3.3,0.76,85.0,169.0,82.17264898550725
6.8,8.2,313.0,4.0,0.49,49.0,99.0,94.99189594202898
6.7,7.8,215.0,2.5,0.83,2.0,51.0,74.21733623188405
6.7,7.8,204.0,2.5,0.77,2.0,68.0,74.21209623188406
6.9,7.7,205.0,2.2,0.93,2.0,55.0,68.87317565217393
7.1,6.9,72.0,0.5,0.25,278.0,641.0,45.09951507246377
6.6,6.9,70.0,0.9,0.49,223.0,495.0,49.823929855072464
6.9,7.1,52.0,0.8,0.18,46.0,520.0,47.02341565217391
7.2,7.0,830.0,0.8,0.16,94.0,654.0,45.10340811594203
6.3,6.9,95.0,1.3,0.99,750.0,1325.0,66.69745739130435
7.2,7.4,164.0,0.9,0.46,1325.0,2225.0,80.36960811594204
6.9,7.5,231.0,0.8,0.55,1000.0,1725.0,75.39574898550724
6.5,6.9,101.0,1.3,0.47,468.0,1127.0,59.40399014492753
7.1,7.1,64.0,0.6,0.4,283.0,646.0,49.58295507246377
7.1,7.1,4600.0,0.6,0.35,229.0,538.0,49.35824840579711
7.5,7.2,52.0,0.6,0.15,285.0,900.0,49.46471391304348
2.0,6.8,265.0,2.4,2.3,1525.0,5425.0,113.5955231884058
5.6,7.0,12769.0,1.2,0.41,725.0,1650.0,73.15973275362319
7.1,7.0,90.0,0.6,0.64,338.0,625.0,49.089795072463765
6.1,7.0,248.0,0.8,0.66,500.0,1150.0,59.40371130434782
6.0,7.0,94.0,1.1,0.13,183.0,370.0,55.2712715942029
6.5,7.5,76.0,0.8,0.08,275.0,585.0,60.96131014492754
1.5,6.6,192.0,3.6,0.92,881.0,2978.0,108.21367797101448
2.0,6.8,79.0,2.4,0.2,456.0,1275.0,88.78710318840581
7.2,7.1,52.0,0.6,0.15,298.0,687.0,49.412414782608685
7.2,7.3,54.0,0.9,0.25,330.0,610.0,56.24164811594202
0.8,7.1,1239.0,11.9,1.87,4250.0,11000.0,270.28683333333333
6.4,6.5,58.0,1.3,0.34,255.0,960.0,48.17336376811594
6.3,6.8,77.0,1.2,0.16,73.0,208.0,48.77411072463769
5.4,6.6,80.0,1.6,0.27,335.0,775.0,59.10031999999999
5.8,7.8,666.0,1.0,0.24,993.0,1650.0,87.55671217391306
6.6,7.2,12768.0,1.1,0.13,88.0,1412.0,56.77476985507246
7.7,7.2,44.0,1.0,0.28,29.0,148.0,46.23275333333334
7.1,7.0,27.0,0.4,0.11,73.0,218.0,41.30154840579711
7.3,7.2,59.0,0.6,0.19,160.0,465.0,47.57460115942029
7.8,7.1,119.0,0.7,0.87,875.0,1725.0,60.484613043478255
7.3,7.1,54.0,1.3,0.41,415.0,913.0,57.79201449275362
7.0,6.6,104.0,1.5,0.49,500.0,1000.0,54.24306202898551
6.0,7.2,92.0,0.7,0.38,765.0,1390.0,68.31596492753624
6.8,6.6,48.0,0.5,0.44,1225.0,2025.0,62.583449275362334
7.0,7.0,56.0,1.1,0.43,768.0,1725.0,63.71144202898551
6.7,6.9,2531.0,0.5,0.22,308.0,465.0,48.18584289855074
6.2,7.2,15362.0,0.8,0.39,830.0,1303.0,73.01684434782608
7.3,7.2,62.0,0.8,0.95,525.0,985.0,57.609654492753634
7.6,7.2,59.0,0.6,0.65,463.0,1163.0,53.03149362318841
6.4,6.8,83.0,0.5,0.42,175.0,575.0,44.46131043478261
7.0,6.6,50.0,0.6,0.75,295.0,578.0,41.66946869565217
6.7,6.8,76.0,1.2,1.21,310.0,625.0,52.29378289855073
6.7,6.6,64.0,0.9,1.35,428.0,838.0,48.83350956521738
5.6,6.9,943.0,1.5,0.4,655.0,1925.0,69.99001942028987
7.4,7.0,38.0,0.9,0.26,386.0,1196.0,51.435567536231886
6.7,6.9,43.0,1.0,0.3,1043.0,2750.0,68.8194295652174
7.1,7.3,48.0,1.5,0.36,595.0,1775.0,68.15744173913043
6.2,6.8,309.0,1.6,0.39,1129.0,2725.0,76.76352434782608
5.2,6.8,61.0,1.8,0.33,1123.0,2650.0,83.13457391304347
6.8,6.9,995.0,1.1,0.24,349.0,1258.0,53.76078260869566
6.8,6.9,52.0,0.9,0.45,39.0,198.0,44.72168260869566
6.2,6.6,44.0,0.7,0.21,715.0,1630.0,55.85644434782608
4.5,6.5,77.0,1.1,0.34,400.0,2675.0,59.12959594202899
7.0,7.4,69.0,1.0,0.12,230.0,660.0,57.61510869565218
6.5,6.8,58.0,0.5,0.24,303.0,1026.0,46.88306347826087
4.6,6.9,98.0,0.6,0.11,168.0,348.0,55.50684231884059
6.6,7.3,12327.0,0.6,0.71,1326.0,2210.0,81.58652318840579
7.1,7.0,51.0,1.0,0.78,750.0,1700.0,61.97902173913044
6.2,7.5,371.0,1.1,1.62,3.0,528.0,59.269704347826085
6.2,7.7,316.0,1.3,2.41,3.0,312.0,64.53885768115941
7.3,7.1,241.0,2.9,1.17,100.0,185.0,64.95778782608694
7.7,7.4,121.0,1.4,0.64,378.0,1255.0,61.25829333333334
6.5,7.3,64.0,1.0,2.6,236.0,420.0,58.63439014492753
6.9,7.4,57.0,1.0,1.28,46.0,409.0,54.09876231884058
7.5,8.0,211.0,1.9,0.39,3005.0,6858.0,136.3442939130435
7.2,8.0,263.0,3.7,0.63,6625.0,14725.0,235.4915747826087
7.0,7.6,111.0,1.6,0.67,1081.0,2743.0,85.7330420289855
7.5,7.9,205.0,1.5,1.0,1615.0,3542.0,99.68434724637682
7.1,7.7,283.0,2.3,1.73,2882.0,6692.0,134.0089684057971
7.4,8.0,263.0,1.7,0.65,3113.0,6617.0,137.4286275362319
8.1,8.0,300.0,2.3,0.45,2272.0,4569.0,120.32183217391304
7.8,8.0,13103.0,2.1,0.59,277.0,739.0,77.89455971014495
7.4,8.0,207.0,1.5,0.53,1356.0,2872.0,95.97918753623188
7.2,8.0,198.0,1.4,0.57,677.0,1850.0,80.82781478260868
6.5,8.1,729.0,1.0,0.65,4.0,10.0,67.23809014492753
3.0,8.1,1086.0,1.5,0.1,4.0,10.0,88.52054028985506
6.9,8.2,10910.0,1.5,0.02,4.0,10.0,73.64668231884055
6.0,8.0,17990.0,1.5,0.07,4.0,10.0,76.0675315942029
6.3,7.6,830.0,1.8,0.24,738.0,2020.0,83.24285739130437
7.4,7.6,104.0,1.2,0.09,4.0,10.0,55.79998086956521
6.9,7.8,440.0,3.4,1.21,4.0,10.0,81.34818898550724
5.8,7.2,732.0,8.5,3.83,1089.0,4838.0,146.76069884057972
5.4,7.3,809.0,10.0,4.2,4278.0,8975.0,235.14348
3.5,7.4,1064.0,20.0,13.2,8000.0,14500.0,419.051932173913
4.8,7.4,1063.0,16.0,5.03,3138.0,8025.0,267.6216284057971
5.6,7.5,1269.0,34.5,12.15,22000.0,60000.0,858.3794060869566
5.4,7.4,1194.0,22.0,8.3,10000.0,35000.0,475.8181466666667
6.1,6.8,780.0,14.7,0.1,4.0,10.0,167.81792463768116
6.1,6.8,773.0,14.7,0.1,4.0,10.0,167.81638463768115
6.0,7.0,820.0,15.3,0.1,4.0,10.0,177.09101159420288
4.8,7.9,650.0,3.2,0.68,6.0,62.0,91.4605084057971
5.0,7.3,390.0,2.8,0.14,4.0,20.0,76.37185449275361
8.3,7.6,334.0,1.0,0.49,9.0,16.0,49.90595159420289
8.2,7.7,316.0,1.2,0.48,11.0,20.0,53.93346521739131
8.3,7.6,304.0,1.2,0.51,12.0,20.0,51.739118260869546
5.5,7.6,743.0,7.6,1.02,81.0,166.0,123.57171304347824
5.1,7.8,657.0,1.7,0.26,6.0,23.0,74.95028753623187
5.3,7.8,623.0,1.7,0.1,4.0,10.0,73.91608028985506
8.7,7.1,252.0,4.9,0.1,4.0,10.0,73.65190376811594
5.1,7.2,17.0,1.0,0.1,4.0,10.0,58.13253420289856
10.0,7.4,157.0,0.6,0.1,4.0,5.0,34.52017333333334
5.9,7.0,164.0,1.6,0.1,4.0,74.0,56.16945855072464
6.1,7.3,141.0,1.4,0.1,4.0,63.0,58.63740463768115
5.6,7.1,427.0,1.4,0.1,4.0,175.0,57.658399420289854
4.7,7.0,527.0,1.9,0.1,4.0,42.0,64.6709220289855
5.5,8.6,116.0,4.5,0.1,4.0,113.0,111.53862637681158
6.8,6.8,160.0,1.5,0.1,4.0,23.0,47.470375942028994
7.0,7.4,47.0,1.0,0.1,4.0,5.0,52.46938202898552
7.3,7.8,116.0,1.2,0.1,4.0,10.0,59.75680115942029
5.5,7.3,179.0,1.2,0.1,4.0,75.0,59.7645263768116
4.7,7.4,220.0,1.6,0.1,4.0,140.0,68.9133420289855
4.9,7.0,180.0,1.2,0.1,4.0,10.0,57.428968115942034
5.8,7.8,367.0,6.2,0.1,4.0,95.0,111.30702550724637
5.8,7.4,249.0,1.0,0.1,4.0,37.0,58.29390550724639
6.2,6.9,182.0,2.1,0.1,4.0,8.0,57.40563768115941
5.5,7.7,356.0,1.2,0.1,4.0,202.0,66.77540637681159
5.1,6.9,190.0,2.3,0.1,4.0,33.0,64.47525420289854
5.2,7.1,164.0,2.8,0.1,4.0,20.0,71.88358724637679
4.6,7.0,188.0,2.8,0.1,4.0,18.0,73.03894898550725
5.6,6.6,165.0,1.9,0.1,4.0,23.0,53.31331942028984
1.9,6.8,484.0,15.3,0.1,4.0,1075.0,193.5039568115942
2.5,7.1,424.0,16.7,0.1,4.0,682.0,208.11857507246373
5.5,6.9,118.0,2.8,0.1,4.0,10.0,66.95600637681159
6.0,7.0,100.0,4.2,0.1,4.0,10.0,78.6754115942029
4.9,6.9,93.0,3.6,0.1,4.0,25.0,76.92192811594202
4.8,7.0,167.1,2.8,0.1,4.0,10.0,72.07041707246375
5.4,7.2,211.0,1.1,0.1,4.0,78.0,57.63211333333333
6.0,7.5,231.0,1.1,0.1,4.0,10.0,59.94303159420291
5.6,7.1,319.0,4.4,0.1,4.0,15.0,84.15543942028985
5.7,6.9,261.0,2.3,0.1,4.0,53.0,61.60875246376812
9.9,7.1,163.0,1.0,0.1,4.0,35.0,33.34198028985506
6.1,7.6,163.0,4.5,0.1,4.0,25.0,91.28308463768111
5.1,6.9,170.0,2.5,0.1,4.0,10.0,66.23619420289855
3.8,7.0,192.0,3.0,0.1,4.0,23.0,78.66002463768115
7.8,7.2,139.0,1.9,0.56,263.0,359.0,58.98779971014493
6.5,3.1,489.0,6.1,0.52,32.0,47.0,26.14321681159419
7.3,7.0,162.0,2.2,0.69,2085.0,2633.0,101.36258782608698
7.8,7.1,136.0,1.9,0.52,303.0,409.0,58.1417663768116
7.7,7.1,205.0,7.0,0.84,303.0,461.0,103.82966
8.1,7.1,267.0,1.0,0.11,2.0,12.0,41.9762588405797
8.0,7.0,278.0,1.1,0.11,3.0,18.0,41.63238579710145
6.9,7.2,268.0,1.1,0.11,6.0,37.0,50.46462231884057
6.8,7.1,286.0,1.3,0.11,8.0,29.0,51.02650927536232
6.6,7.8,149.0,1.8,0.1,209.0,340.0,73.04596985507246
6.3,8.0,164.0,3.4,0.3,380.0,528.0,95.97005739130434
6.6,7.9,196.0,4.4,0.8,425.0,648.0,102.72540318840582
5.8,7.8,378.0,1.5,2.61,4.0,10.0,69.96077217391304
6.6,7.7,489.0,1.5,2.66,350.0,350.0,72.1273631884058
6.6,7.4,492.0,1.5,3.6,4.0,10.0,59.301396521739136
6.2,7.8,359.0,1.5,3.67,4.0,10.0,68.14813768115941
5.8,7.7,8757.0,1.5,10.45,4.0,4.0,70.92400550724639
5.1,8.1,533.0,3.7,0.45,3900.0,7500.0,185.55812086956524
7.1,8.0,555.0,2.0,0.35,7500.0,15000.0,240.35588840579717
8.1,7.6,938.0,8.6,0.4,22.0,108.0,118.57390550724637
6.2,7.8,7778.0,2.7,0.26,2880.0,6581.0,145.03511101449274
6.8,7.2,1440.0,46.0,0.2,80.0,330.0,450.36804927536224
3.2,7.7,885.0,6.3,0.51,3900.0,9575.0,211.31047304347828
6.6,6.5,58.0,1.8,0.87,0.0,53.0,45.86009652173913
6.6,6.6,145.0,1.5,0.65,4.0,98.0,45.0338831884058
6.3,6.6,55.0,1.8,0.36,8.0,140.0,49.17887739130435
6.4,6.4,188.0,2.0,0.44,15.0,153.0,47.19175710144928
6.9,6.2,61.0,1.7,1.07,7.0,117.0,38.514942318840575
7.2,6.1,62.0,2.6,0.92,8.0,123.0,43.30972144927535
6.9,6.6,154.0,1.9,0.83,17.0,173.0,47.45688231884057
7.0,6.3,742.0,1.6,0.42,8.0,139.0,38.990348695652166
7.6,6.2,62.0,1.1,0.38,12.0,160.0,29.88087362318841
7.1,6.2,69.0,1.4,0.56,7.0,141.0,34.84844840579711
6.8,6.0,93.0,1.9,0.75,9.0,136.0,37.314862608695655
7.1,6.2,89.0,1.4,0.68,6.0,119.0,34.839028405797094
6.3,6.2,110.0,1.5,0.59,8.0,157.0,39.62026405797102
6.2,7.0,77.0,1.8,0.46,11.0,173.0,56.69329768115941
6.2,6.8,67.0,1.7,0.61,8.0,145.0,52.27783768115942
6.9,6.5,62.0,1.4,0.6,10.0,107.0,41.0802756521739
6.7,6.2,62.0,0.9,0.57,8.0,187.0,32.3785695652174
6.8,7.9,119.0,3.5,0.58,286.0,517.0,90.654715942029
7.0,7.7,88.0,3.2,0.13,8.0,17.0,77.2551220289855
6.9,7.3,70.0,3.4,0.19,4.0,10.0,72.47526898550724
7.4,7.2,77.0,3.0,0.23,4.0,10.0,64.79894753623188
7.0,7.4,3113.0,4.0,2.16,95.0,350.0,82.01212869565218
5.5,8.1,363.0,8.4,2.15,16.0,69.0,137.9154197101449
6.9,7.5,86.0,3.6,0.4,316.0,582.0,84.76518898550724
6.4,7.4,621.0,37.8,1.79,413.0,728.0,390.6185171014493
6.9,7.4,73.0,3.5,0.27,482.0,659.0,85.81245565217392
3.4,7.4,17842.0,31.5,3.32,1767.0,1767.0,383.3914057971015
7.4,8.1,254.0,2.2,0.15,3.0,75.0,73.3637408695652
6.7,7.4,125.0,3.7,0.4,514.0,820.0,89.31330289855073
6.6,7.5,129.0,3.9,0.4,129.0,381.0,84.69658985507246
6.1,7.3,515.0,5.1,2.02,82.0,212.0,93.43858463768116
6.6,7.4,122.0,3.6,0.46,172.0,361.0,81.25590985507246
6.5,7.3,131.0,3.8,0.79,108.0,261.0,80.37305681159418
6.7,7.3,130.0,3.4,0.57,133.0,318.0,76.41084956521739
6.6,7.4,95.0,3.7,0.53,147.0,217.0,81.5586431884058
6.8,7.7,143.0,3.6,0.43,38.0,109.0,82.486235942029
6.3,7.5,10825.0,2.9,1.93,5.0,101.0,77.00625072463768
7.1,7.4,185.0,2.2,0.63,4.0,80.0,62.715501739130445
6.7,7.5,1439.0,2.5,1.47,4.0,113.0,69.4064295652174
6.6,7.5,185.0,2.4,0.3,6.0,113.0,68.64271652173912
6.7,7.8,3521.0,2.4,1.02,3.0,90.0,74.11090956521738
7.1,7.7,193.0,3.1,0.53,41.0,92.0,76.7014684057971
7.1,7.9,175.0,3.1,0.47,31.0,86.0,79.94062840579711
7.1,7.8,174.0,3.3,0.44,33.0,83.0,80.0150684057971
7.2,7.5,308.0,4.0,0.15,4.0,10.0,79.8631947826087
6.4,7.7,153.0,3.6,0.77,504.0,592.0,94.85481710144929
7.0,7.7,111.0,3.4,0.42,179.0,359.0,82.91662869565216
6.6,7.6,209.0,3.4,0.68,97.0,243.0,81.3172431884058
7.5,8.2,296.0,3.5,0.14,4.0,10.0,86.14220057971012
6.9,7.5,119.0,2.2,0.42,2.0,71.0,65.3300156521739
6.8,7.7,116.0,2.3,1.33,3.0,74.0,70.28989594202899
7.0,7.7,118.0,2.1,0.5,3.0,64.0,67.46481536231884
5.2,6.6,453.0,1.5,0.38,644.0,4613.0,66.94464057971012
7.2,6.8,35.0,1.1,0.24,513.0,3483.0,54.0031347826087
7.0,7.1,62.0,0.5,0.44,385.0,617.0,51.43059536231884
7.0,7.1,5228.0,0.6,0.34,240.0,455.0,50.201242028985504
7.2,7.0,51.0,0.6,0.26,285.0,522.0,47.36462144927536
6.7,6.9,62.0,1.2,0.46,385.0,2193.0,55.94716289855074
6.5,6.5,118.0,1.1,0.52,610.0,3080.0,54.26665681159421
0.6,7.0,1787.0,14.1,1.49,8542.0,17500.0,385.3496205797102
6.6,6.8,49.0,0.9,0.56,448.0,913.0,53.1554231884058
6.8,7.3,67.0,0.6,0.4,598.0,935.0,61.523955942029
7.3,7.4,104.0,0.6,0.44,245.0,430.0,52.95463449275364
6.5,6.7,39.0,1.2,0.26,562.0,4823.0,57.90071014492754
7.2,6.5,45.0,0.9,0.46,1225.0,1825.0,62.42142811594204
7.4,6.9,65.0,0.9,0.56,575.0,1455.0,53.972187536231885
6.5,6.5,60.0,1.0,1.62,420.0,900.0,48.81036347826088
6.6,6.9,57.0,0.9,0.37,319.0,650.0,51.96364985507247
7.1,7.0,84.0,1.0,0.66,985.0,1485.0,67.11936173913044
7.5,6.8,56.0,1.3,0.6,178.0,540.0,46.32329391304348
5.4,6.7,100.0,0.9,0.42,463.0,810.0,57.49722
7.0,6.9,66.0,0.7,0.45,465.0,900.0,51.56122869565217
7.1,6.9,75.0,0.6,0.73,300.0,583.0,46.511295072463774
6.5,6.7,70.0,0.9,1.25,370.0,800.0,50.23191014492753
6.7,6.6,102.0,0.8,0.12,295.0,900.0,44.89652956521739
7.1,6.8,27.0,0.6,0.22,86.0,198.0,39.89487507246377
6.9,7.1,46.0,0.5,0.33,225.0,373.0,48.30645565217391
6.7,6.8,8291.0,1.0,0.53,108.0,250.0,47.70963623188406
6.2,7.0,12342.0,1.4,0.27,670.0,1600.0,70.70786434782607
7.5,7.3,53.0,0.8,0.31,1253.0,2225.0,74.67312724637682
7.6,7.3,62.0,1.0,0.63,1175.0,2180.0,74.26570695652174
2.2,6.4,625.0,2.3,1.29,1125.0,6505.0,96.17052260869566
7.4,6.7,55.0,0.7,0.51,281.0,1088.0,42.14398086956522
7.0,6.8,103.0,0.7,0.43,225.0,640.0,44.4699820289855
5.3,6.9,109.0,1.3,0.66,305.0,685.0,61.50002695652174
6.3,7.0,1392.0,0.7,0.85,230.0,535.0,51.726490724637685
6.7,7.0,71.0,0.5,0.29,208.0,433.0,47.17125623188407
6.0,6.4,57.0,1.4,0.61,193.0,303.0,47.7614715942029
4.2,6.6,93.0,1.7,0.56,253.0,385.0,63.89513014492753
5.1,6.7,88.0,1.9,0.63,405.0,713.0,66.50966086956521
5.3,6.4,4912.0,1.1,0.11,345.0,788.0,52.95281362318841
6.9,7.0,84.0,0.9,0.08,300.0,803.0,51.84438231884057
2.8,7.4,18256.0,1.6,0.47,1050.0,2300.0,105.65416753623192
5.3,7.2,9753.0,0.9,0.26,1600.0,2650.0,94.2969736231884
6.5,5.8,67.0,0.4,0.54,123.0,520.0,24.583323478260866
6.9,6.1,86.0,0.6,0.49,73.0,183.0,28.45694898550724
7.0,6.6,59.0,0.8,0.42,123.0,418.0,39.569368695652166
5.6,6.4,7904.0,1.0,0.4,165.0,278.0,47.22409942028988
6.8,6.0,55.0,0.5,0.25,590.0,910.0,37.869415942029
6.0,5.9,105.0,1.0,0.63,73.0,195.0,32.87765826086958
6.3,7.0,2759.0,1.4,0.22,963.0,1400.0,74.5443507246377
6.5,7.6,312.0,1.1,2.41,3.0,354.0,59.5975568115942
6.4,7.7,203.0,1.1,3.34,3.0,357.0,61.89300376811593
7.3,7.3,308.0,4.2,2.43,116.0,185.0,80.44348782608697
7.5,8.1,228.0,2.1,0.4,3390.0,5850.0,148.1422672463768
7.7,8.1,243.0,1.6,0.71,1930.0,4450.0,110.21728666666668
7.6,7.9,191.0,1.4,0.13,1188.0,1985.0,88.44062028985509
7.5,7.9,237.0,1.8,0.45,1225.0,2425.0,93.4221139130435
7.4,7.7,865.0,1.9,0.3,1300.0,2675.0,93.1506608695652
6.7,6.9,132.0,1.2,0.32,953.0,1823.0,68.41865623188407
7.1,7.9,211.0,1.4,0.48,1065.0,2098.0,88.19528173913045
6.7,7.9,182.0,1.1,0.24,735.0,1510.0,80.00904956521741
7.4,8.8,434.0,2.0,0.05,4.0,10.0,83.78180753623188
6.4,8.3,565.0,2.0,0.05,4.0,10.0,79.94149710144927
6.9,8.8,238.0,4.0,0.05,4.0,10.0,103.84812231884058
6.3,6.6,425.0,1.5,0.1,4.0,10.0,46.45925072463768
7.4,7.0,75.0,1.6,0.05,78.0,118.0,50.57318753623187
7.2,6.8,70.0,1.8,0.09,78.0,148.0,49.84363478260868
6.6,7.0,119.0,2.5,0.33,233.0,374.0,65.91079652173912
6.9,7.0,236.0,1.9,0.25,83.0,157.0,55.810588985507245
7.0,6.9,73.0,1.7,0.4,87.0,144.0,51.88918202898552
7.2,6.9,75.0,1.5,0.2,83.0,128.0,49.04326144927536
6.9,7.2,385.0,2.3,0.13,108.0,196.0,63.40412898550724
6.4,7.6,860.0,3.3,0.4,253.0,379.0,84.98434376811593
7.6,6.6,166.0,2.0,1.8,90.0,140.0,46.68920695652174
6.9,7.2,308.0,1.9,0.49,60.0,170.0,58.81922898550724
6.8,6.7,247.0,2.1,1.84,280.0,500.0,57.459495942029
6.6,6.9,359.0,2.3,0.59,110.0,280.0,59.7466431884058
6.5,7.6,450.0,18.0,12.0,4.0,10.0,210.2216434782609
6.5,8.4,240.0,2.7,0.62,4.0,10.0,87.38363014492754
5.6,6.7,807.0,10.8,2.0,1825.0,7500.0,176.07013275362323
4.9,6.8,1097.0,26.5,4.8,14000.0,46250.0,598.1125747826087
4.9,6.6,834.0,13.1,2.6,2875.0,9500.0,221.77788144927536
5.2,6.7,1027.0,28.0,5.9,17500.0,57500.0,688.1411805797101
3.3,7.9,897.0,1.3,0.97,5.0,12.0,81.91095942028986
4.9,8.0,510.0,1.2,0.35,4.0,8.0,74.88846144927537
5.0,6.9,1172.0,25.5,3.8,15500.0,48750.0,624.1226544927537
4.7,6.7,906.0,25.3,7.7,23500.0,47500.0,797.216395362319
5.4,6.8,883.0,15.4,5.1,9500.0,21750.0,392.59566
5.1,7.6,1069.0,26.5,6.6,20250.0,49250.0,750.0140408695653
4.2,7.6,1168.0,31.8,7.6,20000.0,46500.0,795.2605368115943
4.8,6.6,905.0,15.0,3.3,6000.0,10500.0,308.45242173913044
4.5,6.6,1269.0,30.3,4.1,21000.0,42750.0,784.0938292753623
4.7,6.7,1216.0,26.8,3.7,13250.0,31500.0,580.0802620289854
5.2,7.3,465.0,0.9,0.59,4.0,9.0,58.65416057971014
7.8,8.2,410.0,1.2,0.1,16.0,32.0,64.63008637681158
6.7,8.12,396.0,1.53,0.15,10.0,29.0,71.32352956521738
8.0,8.1,403.0,0.8,0.1,12.0,25.0,58.299632463768106
4.88,7.94,149.0,2.65,0.1,4.0,165.0,86.70626550724637
5.67,7.02,153.0,1.67,0.1,4.0,22.0,58.22893855072463
6.0,6.9,300.0,2.23,0.1,4.0,91.0,59.562791594202906
6.15,7.45,234.0,2.0,0.1,4.0,222.0,66.36750115942027
2.7,7.35,357.0,8.45,0.1,4.0,636.0,138.44254115942027
2.98,7.52,422.0,5.53,0.1,4.0,531.0,114.1900576811594
5.48,7.42,180.0,2.08,0.1,4.0,136.0,69.74734376811593
5.13,7.46,162.0,2.23,0.1,4.0,211.0,73.46588811594201
7.85,7.13,254.0,6.68,3.35,345.0,488.0,102.01553623188404
6.58,6.5,655.0,5.93,4.0,40.0,60.0,83.8741672463768
7.58,7.03,191.0,2.08,2.65,2350.0,2900.0,105.61001768115943
8.23,7.05,137.0,1.4,3.2,243.0,323.0,49.72740579710145
8.23,7.38,143.0,1.55,3.55,255.0,360.0,57.09693246376811
6.6,7.3,210.0,1.3,0.1,8.5,242.0,55.50077985507246
6.8,7.2,220.0,1.5,0.1,4.0,97.0,54.443855942029
6.8,7.0,317.0,1.5,0.1,8.0,45.0,51.070155942029
6.4,6.7,323.0,1.4,0.1,19.0,205.0,47.18092376811593
6.5,7.7,146.0,1.6,0.1,302.0,390.0,72.0862968115942
6.2,7.7,176.0,3.5,0.2,532.0,592.0,95.49333101449275
6.3,8.0,198.0,4.2,0.3,524.0,686.0,106.27629739130435
7.3,7.4,332.0,0.7,0.3,6.0,12.0,48.50082782608696
6.6,7.8,371.0,1.5,4.1,180.0,1800.0,70.5568431884058
6.2,7.4,368.0,8.0,3.2,265.0,1075.0,124.69513101449276
6.7,7.7,354.0,4.0,2.6,137.0,947.0,89.16405623188408
6.8,8.0,374.0,21.0,1.5,180.0,1800.0,245.3970626086956
7.3,7.4,332.0,0.7,0.3,6.0,12.0,48.50082782608696
5.7,8.0,601.0,7.4,0.5,14600.0,28666.0,454.8349457971015
4.7,8.3,753.0,3.7,0.5,9166.0,21333.0,310.43019536231884
5.8,7.8,16177.0,3.0,0.5,10100.0,25000.0,315.1032588405797
2.5,7.5,1108.0,6.0,0.6,16.0,85.0,120.68518173913044
6.1,8.1,14921.0,3.2,0.3,4300.0,23625.0,191.8577113043478
0.6,7.1,3115.0,36.5,1.7,4450.0,15425.0,494.79584057971016
3.2,7.8,5073.0,5.8,0.2,833.0,1366.0,139.9212597101449
4.2,8.2,901.0,6.7,0.4,9750.0,21500.0,350.6203968115942
2.9,8.3,11405.0,5.6,0.1,49.0,148.0,132.0618672463768
7.2,6.3,14100.0,1.6,0.41,13.0,17.0,41.04950144927536
5.5,7.8,401.0,1.3,0.21,2.0,5.0,69.33099304347826
6.2,6.9,11000.0,1.3,0.48,13.0,17.0,52.94642434782609
8.1,7.7,7400.0,2.6,0.1,79.0,130.0,69.85128550724637
7.8,6.4,609.0,2.3,0.08,49.0,70.0,43.89853971014494
7.8,6.4,90.0,2.0,0.1,13.0,17.0,40.32368637681161
7.2,6.5,8240.0,1.6,0.25,17.0,46.0,43.30958811594203
4.2,7.6,5543.0,0.7,0.18,2.0,8.0,67.93054347826086
6.5,6.4,505.0,1.6,0.13,8.0,13.0,43.0202168115942
7.4,6.9,3844.0,2.0,0.15,5.0,10.0,51.58104086956522
5.4,7.0,7692.0,1.7,0.92,29.0,48.0,61.75268666666666
6.6,7.2,692.0,1.9,0.34,105.0,175.0,61.32616985507247
5.1,7.5,55.0,2.3,0.38,1201.0,1754.0,101.72448753623188
7.2,6.9,5350.0,2.2,0.28,134.0,206.0,57.55316811594203
7.0,6.8,4800.0,3.0,0.32,69.0,126.0,62.29021536231885
5.5,7.7,8092.0,7.6,0.72,410.0,800.0,134.30207304347826
6.9,7.6,136.0,3.8,0.26,143.0,309.0,84.38392231884058
6.9,7.7,120.0,3.9,0.37,207.0,280.0,88.42164898550723
6.7,8.0,111.0,3.6,0.31,45.0,143.0,88.31734289855073
6.9,7.3,229.0,3.8,0.68,108.0,257.0,78.45736231884057
6.8,7.5,171.0,3.8,0.34,88.0,199.0,81.90575594202899
6.9,7.3,183.0,2.2,1.25,2.0,56.0,61.959542318840576
5.4,7.2,925.0,11.7,0.78,279.0,512.0,157.86772
6.2,7.2,13848.0,2.5,4.11,6.0,127.0,69.66976434782607
7.0,7.4,225.0,3.8,0.26,152.0,375.0,80.66383536231884
6.6,8.1,102.0,3.9,0.26,165.0,345.0,95.87902318840578
8.1,6.3,1414.0,1.1,0.31,100.0,690.0,31.56262550724638
6.9,6.8,41.0,0.8,0.22,261.0,1487.0,46.78160898550725
6.9,6.9,78.0,0.5,0.23,393.0,703.0,48.61596231884057
6.7,6.9,5507.0,0.6,0.28,433.0,715.0,52.54982289855073
7.3,7.0,49.0,0.7,0.66,228.0,445.0,46.53538782608696
6.7,6.7,67.0,1.3,0.4,309.0,1025.0,51.41834289855073
6.5,6.6,109.0,1.2,0.37,142.0,679.0,45.9984568115942
0.7,6.6,4235.0,12.5,1.48,40833.0,59417.0,1087.151640289855
6.9,6.5,108.0,1.0,0.42,540.0,1083.0,49.45763565217391
6.4,6.6,48.0,1.0,0.25,154.0,603.0,44.93108376811593
7.2,6.7,109.0,0.8,0.44,1000.0,1400.0,59.95412144927537
6.8,7.1,61.0,1.5,0.5,130.0,485.0,55.58656927536232
6.1,6.7,244.0,0.9,0.33,655.0,1113.0,58.46131130434783
6.8,7.0,62.0,0.6,0.93,240.0,434.0,48.35078260869567
7.1,7.0,59.0,0.8,0.71,540.0,890.0,55.3835284057971
7.4,6.6,64.0,0.7,0.29,288.0,1425.0,40.614747536231874
6.4,7.0,79.0,0.8,0.73,271.0,493.0,52.72548376811594
7.2,6.7,73.0,0.9,0.28,335.0,2150.0,46.28240811594203
6.2,7.0,83.0,0.6,0.93,282.0,505.0,52.18574434782608
6.1,6.7,55.0,1.4,0.55,825.0,1450.0,66.70092463768115
6.6,6.5,79.0,0.8,0.13,195.0,650.0,41.37264985507246
6.9,6.7,198.0,0.3,0.2,40.0,180.0,35.48032231884058
7.3,6.5,44.0,0.5,0.21,233.0,400.0,36.13528782608696
6.2,6.6,15738.0,1.0,0.93,233.0,360.0,51.11184434782608
5.2,7.1,18459.0,1.0,0.13,518.0,918.0,71.5351272463768
7.4,7.0,45.0,1.1,0.11,1043.0,1933.0,67.87294753623188
7.6,6.7,52.0,1.1,0.11,613.0,963.0,51.98791362318841
2.9,6.3,841.0,2.0,1.07,430.0,913.0,71.84504057971014
6.6,6.7,72.0,0.7,0.32,463.0,1655.0,50.1225831884058
6.4,6.7,122.0,0.7,0.34,343.0,1630.0,48.44044376811594
5.4,6.6,102.0,0.9,0.26,240.0,1913.0,51.05852666666666
6.2,7.0,5656.0,0.9,1.05,162.0,289.0,53.381004347826085
6.9,7.1,71.0,0.5,0.26,125.0,246.0,46.066362318840575
6.7,6.5,55.0,0.9,0.6,265.0,500.0,43.3368695652174
5.7,6.7,127.0,1.9,0.35,221.0,473.0,59.48190579710144
6.0,6.9,77.0,1.8,0.61,290.0,500.0,62.1737115942029
5.2,6.1,4968.0,1.1,0.14,235.0,820.0,45.81754057971013
7.4,6.4,78.0,1.2,0.12,280.0,720.0,41.221340869565225
6.0,7.1,13257.0,1.1,0.14,750.0,1465.0,72.67582492753623
6.4,6.1,62.0,0.7,0.28,213.0,425.0,34.86658376811592
6.6,6.3,59.0,1.0,0.16,248.0,385.0,40.78292985507246
7.1,6.4,59.0,0.9,0.13,178.0,275.0,37.65381507246377
6.4,7.1,7035.0,0.8,0.19,110.0,195.0,52.30910376811593
7.3,6.2,51.0,0.9,0.21,195.0,340.0,33.61662782608696
6.8,6.5,80.0,0.8,0.26,53.0,100.0,37.16570927536233
6.4,6.7,3131.0,2.2,0.12,820.0,1055.0,72.7715704347826
5.8,6.5,59.0,1.5,0.13,1800.0,2788.0,87.35420550724638
7.7,6.8,67.0,0.9,0.08,1740.0,2257.0,76.66382666666667
6.7,6.3,177.0,1.2,0.2,1583.0,2807.0,72.13891623188407
6.4,6.4,4165.0,1.2,0.13,168.0,303.0,44.36550376811594
6.2,7.6,498.0,0.4,0.28,613.0,1400.0,68.36357768115941
6.8,7.5,119.0,0.4,0.18,478.0,918.0,60.55720260869565
7.1,7.6,161.0,0.5,0.19,710.0,1675.0,67.03921507246376
5.9,6.7,70.0,1.7,0.5,74.0,428.0,53.494591884057975
5.8,6.5,864.0,1.5,0.37,199.0,876.0,51.75480550724639
4.7,6.6,69.0,1.8,0.26,234.0,1083.0,62.07047536231883
6.5,6.6,1204.0,1.2,0.24,175.0,689.0,46.95664347826087
1.4,6.2,129.0,2.2,0.48,351.0,882.0,77.12187826086956
1.5,6.3,73.0,1.5,0.12,298.0,1225.0,71.03287130434782
7.0,7.5,226.0,1.1,2.3,3.0,83.0,55.36555536231884
7.7,8.1,330.0,1.9,0.9,1675.0,3025.0,106.9638
7.2,8.2,315.0,1.7,1.7,2600.0,4275.0,130.13650144927536
7.6,8.1,301.0,1.5,0.5,2360.0,4175.0,119.2454736231884
7.3,8.0,225.0,1.3,0.5,1295.0,2175.0,93.18911449275362
7.4,8.0,238.0,1.9,0.2,2950.0,5975.0,135.40078753623192
7.2,7.7,835.0,2.0,0.7,1550.0,2750.0,100.57666811594204
7.2,7.8,169.0,1.3,0.4,328.0,690.0,68.47754811594203
7.0,8.1,240.0,1.0,0.4,785.0,1525.0,82.29114202898549
7.4,8.1,153.0,1.7,0.5,505.0,1105.0,80.27458753623186
7.7,7.8,220.0,4.0,11.0,4.0,10.0,83.83266666666667
7.6,7.9,446.0,2.6,1.4,4.0,10.0,72.65707362318841
7.4,6.8,337.0,1.3,0.1,115.0,208.0,45.34619420289855
7.5,6.7,180.0,1.3,0.1,100.0,176.0,42.75602724637682
6.9,6.8,127.0,2.4,0.1,222.0,357.0,59.84010898550724
7.0,7.0,305.0,1.5,0.1,113.0,191.0,52.45796202898551
7.2,6.7,323.0,1.6,0.1,94.0,167.0,46.75176811594203
7.4,6.7,364.0,1.6,0.1,91.0,150.0,45.72857420289855
7.5,7.2,473.0,2.1,0.1,220.0,338.0,61.26972724637682
6.7,7.4,544.0,2.0,0.3,158.0,253.0,66.3538095652174
7.0,7.2,286.0,9.5,0.9,85.0,189.0,126.21000869565216
6.4,7.0,307.0,1.0,0.1,457.0,507.0,58.59084376811593
6.6,7.1,250.0,1.5,0.1,74.0,544.0,55.32196985507246
6.5,7.9,566.0,0.9,3.8,3.0,32.0,63.17217014492754
6.0,7.3,755.0,6.0,2.1,1000.0,4950.0,123.27817826086957
4.9,7.4,892.0,14.0,4.4,8000.0,75000.0,371.5147414492754
6.4,7.1,1085.0,8.5,8.1,4.0,10.0,117.6420304347826
5.6,8.1,905.0,11.5,7.1,4.0,10.0,165.25779275362316
5.0,6.7,813.0,7.5,2.2,1300.0,9000.0,138.49574115942028
5.6,7.3,964.0,14.0,4.2,8000.0,70000.0,365.3051060869565
5.7,7.4,968.0,9.5,3.1,5000.0,25500.0,250.51663246376813
5.3,7.4,779.0,10.0,3.1,7000.0,52500.0,306.9654002898551
4.8,7.4,825.0,19.0,4.6,9500.0,75000.0,449.4129550724638
2.9,7.3,1035.0,13.0,3.9,3050.0,27500.0,250.6802739130435
4.5,7.2,885.0,10.5,3.3,1100.0,12000.0,172.51328260869565
4.8,7.5,896.0,10.0,4.1,7000.0,70000.0,315.0919084057971
3.1,7.6,1130.0,11.5,4.1,9000.0,75000.0,383.6358666666666
3.1,7.6,1000.0,10.0,3.7,6000.0,62500.0,301.23553333333336
7.0,7.8,350.0,2.5,0.1,4.0,10.0,72.7591420289855
7.2,6.2,930.0,8.0,1.5,4.0,10.0,92.9876347826087
5.475,7.82,721.5,6.9,1.26,87.25,249.0,121.4926797826087
4.8,7.3,260.0,0.8,1.1,3.0,7.0,59.68142840579711
7.6,7.5,307.0,1.5,0.1,4.0,153.0,55.834620289855074
8.4,7.4,106.0,1.4,0.1,4.0,36.0,49.29476463768116
9.0,7.8,221.0,1.3,0.1,4.0,77.0,52.50136289855072
8.7,7.4,318.0,1.5,0.1,4.0,132.0,48.80446376811596
1.9,7.3,537.0,9.9,0.1,4.0,525.0,154.2738168115942
7.7,7.3,550.0,10.4,0.1,4.0,603.0,130.81679333333332
7.9,7.6,185.0,1.3,0.1,4.0,115.0,54.32175942028985
8.0,7.6,202.0,2.5,0.1,4.0,85.0,64.46021246376809
7.4,7.6,214.0,1.8,0.1,4.0,148.0,61.16683420289854
8.3,7.7,185.0,2.0,0.1,4.0,75.0,60.3210115942029
9.6,7.1,225.0,4.4,3.0,310.0,460.0,72.06884782608697
8.8,7.2,131.0,0.9,0.1,4.0,205.0,39.515096811594205
7.4,7.8,272.0,0.9,0.1,8.0,295.0,56.80553420289855
7.5,7.8,327.0,1.2,0.1,0.0,56.0,58.76276724637681
8.1,7.8,365.0,1.3,0.1,13.0,33.0,57.05204550724638
7.9,7.5,350.0,1.8,0.1,41.0,90.0,57.86025942028985
6.6,7.7,143.0,1.3,0.0,201.0,322.0,66.69095652173914
6.3,7.6,164.0,2.8,0.1,442.0,577.0,85.07397072463768
5.7,7.8,170.0,3.4,0.2,469.0,608.0,97.35946579710144
6.4,7.025,187.63,3.175,2.675,2225.0,2925.0,118.13797570144928
8.35,7.125,110.75,1.525,3.075,252.5,355.0,51.756149782608695
8.45,6.95,104.25,1.2,2.6,222.5,312.5,44.63444949275363
6.8,7.6,281.0,1.5,2.13,4.0,10.0,61.604082608695656
7.2,7.8,262.0,0.28,0.15,19.0,50.0,52.47193478260869
4.9,7.4,10362.0,9.7,0.64,14.0,29.0,142.13922811594205
5.1,7.8,530.0,2.73,0.6,64125.0,137000.0,1531.2419208695655
6.0,8.2,612.0,2.28,0.4,28650.0,68650.0,730.834411594203
6.1,8.1,8782.0,1.9,0.43,16100.0,38667.0,443.1029846376811
1.1,7.8,1076.0,7.67,0.63,28.0,77.0,147.6709191304348
6.8,8.0,3431.0,2.8,0.3,32120.0,49061.0,801.1034226086957
4.5,7.6,1161.0,7.43,0.53,99.0,259.0,127.3343892753623
6.0,7.3,8838.0,5.58,0.7,14.0,31.0,98.31275159420292
0.0,7.1,3080.0,46.0,4.8,3000.0,9000.0,548.6490956521739
2.8,7.9,663.0,5.93,0.97,150250.0,358000.0,3524.421534202899
5.6,8.0,1265.0,2.13,0.1,503.0,1693.0,91.29057942028986
4.1,7.9,4491.0,16.5,0.1,58.0,116.0,214.50240376811595
6.6,7.8,37.0,2.25,0.01,10.0,13.0,72.52504985507245
6.8,7.1,11.0,1.65,0.07,22.0,33.0,54.37011594202898
6.5,7.5,28.0,4.55,0.05,20.0,44.0,88.38795014492752
7.1,8.0,49.0,1.25,0.02,3.0,7.0,64.5873284057971
7.6,7.3,93.0,0.95,0.03,240.0,350.0,52.69822695652174
7.4,7.0,67.0,2.45,0.13,467.0,809.0,66.85329420289855
7.0,7.3,89.0,1.5,0.02,30.0,42.0,55.74261536231883
5.4,7.3,75.0,1.8,0.06,350.0,2400.0,73.68766
6.7,7.2,95.0,1.4,0.1,18.0,22.0,54.30514289855073
6.8,6.9,58.0,1.9,0.03,25.0,53.0,53.18778260869566
5.6,6.8,67.0,1.9,0.06,82.0,137.0,58.508266086956525
5.2,7.2,29.0,1.65,0.04,37.0,144.0,64.1601072463768
6.2,7.1,146.0,2.1,0.09,920.0,2400.0,81.63846434782607
3.6,7.0,29.0,2.0,0.09,33.0,170.0,71.4064852173913
6.8,7.2,1370.0,2.6,0.08,33.0,110.0,65.07562927536232
8.1,7.1,335.0,3.2,0.21,1300.0,5400.0,91.34771217391304
6.3,7.6,119.0,3.67,0.37,157.0,781.0,86.54121072463768
6.4,7.6,109.0,3.4,0.42,95.0,316.0,82.2008504347826
5.9,7.2,119.0,4.04,0.65,133.0,223.0,84.17425188405798
5.3,7.7,109.0,3.25,0.38,165.0,296.0,89.4392336231884
6.0,7.8,301.0,5.43,0.3,166.0,1050.0,107.32645826086954
6.6,7.2,131.0,4.5,0.83,285.0,737.0,88.3731631884058
6.8,7.2,110.0,3.9,0.49,480.0,1036.0,86.433275942029
6.7,7.6,109.0,4.13,0.28,260.0,624.0,90.91850289855071
5.2,7.0,478.0,16.3,0.35,500.0,1008.0,200.92496057971013
6.9,6.6,291.0,1.96,1.4,4.0,104.0,47.77798231884057
0.7,7.3,12697.0,45.6,1.32,642.0,1259.0,493.1331269565217
6.8,6.6,6232.0,2.13,2.72,6.0,106.0,51.25988927536231
6.2,6.5,1638.0,1.5,0.8,349.0,816.0,53.34955101449274
7.3,6.6,36.0,0.6,0.41,304.0,1056.0,40.490014492753616
6.4,6.7,41.0,1.0,0.75,443.0,1179.0,53.23383043478261
5.1,6.8,52.0,1.6,0.22,555.0,1680.0,69.06505420289855
6.8,6.7,183.0,1.3,0.28,358.0,1748.0,52.191615942029
6.3,6.3,115.0,0.9,0.5,455.0,2865.0,46.51078405797102
7.2,6.7,455.0,1.1,0.28,245.0,753.0,45.84050811594204
6.8,6.9,80.0,0.4,0.52,207.0,508.0,44.090495942028994
6.8,7.0,4515.0,0.4,1.53,184.0,427.0,46.38650260869566
7.7,7.2,47.0,1.0,2.0,253.0,452.0,51.43874666666667
7.1,6.8,57.0,1.5,1.12,230.0,681.0,51.255335072463765
6.6,6.3,148.0,1.2,0.93,190.0,935.0,41.496296521739126
1.8,6.8,2012.0,5.5,1.8,20458.0,31167.0,566.4111104347826
6.7,6.2,40.0,0.6,1.0,425.0,1100.0,39.181702898550725
5.8,6.3,65.0,1.1,2.97,525.0,1200.0,52.126372173913055
5.1,6.3,50.0,1.0,3.1,700.0,1600.0,58.575194202898544
6.6,6.2,42.0,0.6,1.97,475.0,925.0,40.8357831884058
6.6,6.4,43.0,0.7,3.13,400.0,975.0,43.67352985507247
6.7,6.4,50.0,0.5,3.6,500.0,1175.0,43.7289695652174
6.6,6.3,46.0,0.6,1.07,624.0,1010.0,45.7858631884058
5.9,6.4,54.0,0.7,3.53,375.0,985.0,46.53699188405798
7.6,6.7,55.0,0.7,4.17,295.0,1575.0,41.998506956521744
6.5,6.7,72.0,0.8,2.83,30.0,775.0,42.00039681159419
7.3,7.4,71.0,0.7,4.1,490.0,940.0,59.759434492753634
6.3,6.7,79.0,0.7,2.03,190.0,702.0,45.51138405797102
6.9,6.6,33.0,0.4,1.4,0.0,28.0,33.80698231884057
6.8,6.7,46.0,0.4,1.47,30.0,150.0,36.72442260869565
5.9,7.1,6666.0,0.7,4.13,118.0,393.0,54.399291884057966
6.4,7.1,17771.0,1.0,5.2,760.0,1865.0,71.72158376811595
7.3,6.7,62.0,0.9,2.8,293.0,920.0,44.87562115942029
7.6,6.6,61.0,0.5,3.4,85.0,503.0,33.53240028985508
2.4,6.7,221.0,2.1,3.97,220.0,660.0,77.56368202898553
7.1,6.8,89.0,1.2,0.4,620.0,1600.0,57.34923507246376
6.4,6.7,110.0,0.5,0.2,1400.0,3200.0,70.35719710144927
3.5,6.9,105.0,0.7,0.15,265.0,800.0,63.93305217391304
7.4,7.3,155.0,0.8,1.2,570.0,920.0,59.892560869565216
6.8,6.9,77.0,0.9,1.8,215.0,470.0,48.82422260869566
5.5,6.5,75.0,1.9,0.1,1300.0,2100.0,81.1371463768116
5.4,6.5,102.0,4.0,0.1,320.0,680.0,78.24297333333334
4.8,6.8,90.0,1.1,0.1,730.0,1090.0,69.81525507246377
5.8,6.3,87.0,0.7,0.1,633.0,1500.0,50.72942550724638
7.3,6.6,57.0,0.4,0.25,297.0,883.0,38.51398115942029
5.8,7.5,18291.0,0.8,0.25,435.0,1000.0,71.98210550724639
6.2,6.7,2497.0,0.5,0.15,510.0,1100.0,51.70804434782608
7.3,6.1,45.0,0.7,0.2,150.0,1050.0,29.26951449275362
7.6,6.3,39.0,0.5,0.2,1040.0,2588.0,49.53389362318841
7.7,6.6,31.0,0.3,0.15,490.0,1300.0,40.04482
5.4,5.9,595.0,0.8,0.1,570.0,1375.0,45.286933333333344
7.4,6.1,30.0,0.9,0.3,690.0,1050.0,42.50046086956521
6.6,5.9,37.0,0.7,0.1,540.0,1725.0,37.91992985507248
6.5,6.5,1135.0,0.7,0.25,850.0,1850.0,55.9534768115942
7.2,5.9,39.0,0.8,0.55,440.0,1500.0,33.70874811594204
6.3,6.5,925.0,1.1,0.3,830.0,1550.0,59.90771739130436
7.6,6.6,50.0,0.6,0.25,1660.0,3000.0,69.42762028985507
7.3,6.5,64.0,1.4,0.5,1280.0,2850.0,67.81589449275363
7.5,7.0,74.0,0.8,0.1,1400.0,2800.0,72.82198724637682
4.4,7.3,428.0,0.4,0.15,285.0,1090.0,64.4685295652174
6.8,7.0,169.0,0.4,0.25,255.0,560.0,46.888795942028985
1.7,6.2,181.0,3.0,0.45,672.0,2208.0,90.15419739130436
3.0,6.1,80.0,2.0,0.13,268.0,1240.0,64.11350028985508
6.9,7.8,469.0,0.89,0.86,152.0,5874.0,63.65866231884058
7.7,8.1,266.0,1.83,1.01,1950.0,3175.0,112.45260666666668
6.8,7.8,16468.0,1.65,2.0,440.0,775.0,79.75470927536233
7.5,8.2,233.0,2.5,0.89,2600.0,4300.0,135.67374057971014
7.6,8.1,233.0,1.35,1.43,2025.0,3200.0,110.3863936231884
7.0,7.6,593.0,0.25,1.95,4.0,10.0,49.62586869565217
7.6,6.6,118.0,1.15,0.15,70.0,180.0,38.54084695652173
6.8,6.6,179.0,1.88,0.2,118.0,253.0,49.94724927536232
6.8,6.7,172.0,2.14,0.19,263.0,402.0,57.219415942029
6.9,7.1,260.0,1.78,0.13,110.0,200.0,57.08266898550723
7.3,6.6,94.0,1.27,0.17,73.0,150.0,41.10295449275362
7.4,6.7,88.0,1.03,0.15,89.0,173.0,40.58854086956522
7.2,7.2,439.0,2.28,0.14,236.0,415.0,64.67378144927537
6.8,7.6,749.0,2.25,0.36,424.0,699.0,77.58610260869565
6.9,7.3,252.0,4.33,1.0,322.0,858.0,88.05058898550725
7.0,7.3,46.0,1.0,0.1,49.0,707.0,51.88210202898552
7.0,7.3,40.0,1.0,0.1,12.0,81.0,50.925362028985504
7.7,8.1,195.0,1.1,0.7,0.0,10.0,62.14983333333333
8.0,8.2,572.0,0.5,0.1,12.0,26.0,57.417432463768094
4.9,7.8,704.0,3.5,0.1,57.0,375.0,93.043448115942
5.9,7.2,703.0,5.4,2.05,1950.0,21000.0,141.22115855072465
5.3,7.4,1095.0,27.0,3.35,48000.0,217500.0,1399.9462536231886
5.7,7.3,732.0,10.7,2.4,5450.0,45500.0,273.6195791304348
5.0,7.2,983.0,26.1,3.05,32250.0,135000.0,1023.6682744927537
5.0,7.3,748.0,7.4,2.65,12500.0,90000.0,413.4014411594203
5.1,7.2,760.0,13.5,2.55,22000.0,122500.0,682.2732608695653
4.5,7.2,856.0,23.8,3.45,34000.0,232500.0,1065.8549026086955
4.4,7.2,1184.0,18.1,3.75,17250.0,70000.0,610.0595495652174
4.5,7.4,1186.0,22.7,3.07,13000.0,78333.0,561.604015942029
5.2,7.5,1036.0,28.5,3.55,28750.0,155000.0,976.2752272463767
5.5,7.6,973.0,27.8,3.33,130500.0,392500.0,3271.2586530434783
5.6,7.6,951.0,25.8,3.23,22500.0,712500.0,936.6577927536232
6.4,7.9,378.0,4.1,0.94,4.0,10.0,91.64286376811592
5.4,7.8,438.0,1.7,0.41,3.0,6.0,73.40520666666666
7.9,6.7,120.0,1.2,0.1,4.0,135.0,37.80265942028985
6.2,7.3,135.0,1.8,0.1,4.0,113.0,61.70679768115941
8.2,7.6,176.0,1.9,0.1,4.0,135.0,58.19211855072464
6.6,7.4,112.0,1.2,0.1,4.0,91.0,56.19734985507247
7.9,7.8,196.0,0.8,0.1,4.0,73.0,53.36093942028986
9.0,8.0,269.0,1.8,0.1,4.0,155.0,60.42708289855073
6.8,8.0,698.0,1.5,0.1,4.0,10.0,68.41787594202899
9.6,7.6,633.0,1.5,0.1,4.0,30.0,47.99354115942028
3.2,6.8,389.0,26.0,0.1,4.0,633.0,281.8480863768115
5.5,7.5,375.0,24.0,0.1,4.0,383.0,265.1730063768116
5.0,3.2,630.0,7.0,2.5,27.0,33.0,43.19624115942029
7.0,7.8,122.0,0.65,0.1,4.0,3.0,56.33124202898551
7.2,7.8,130.0,0.93,0.1,4.0,3.0,57.84938811594203
6.6,8.0,151.0,0.98,0.1,4.0,6.0,64.65578985507246
6.7,7.9,188.0,1.03,0.1,4.0,8.0,62.88988289855073
6.1,7.7,120.0,1.36,0.1,264.0,350.0,71.03184463768116
5.4,7.3,141.0,2.67,0.08,285.0,510.0,79.55330666666667
5.8,7.8,161.0,2.93,0.1,518.0,588.0,93.7835255072464
6.8,7.6,253.0,1.5,2.8,4.0,10.0,61.671175942029
7.0,7.7,448.0,0.4,0.2,17.0,42.0,52.76077536231884
4.9,7.7,904.0,3.6,0.1,13950.0,32750.0,406.394448115942
6.4,8.0,477.0,2.4,0.1,12325.0,22825.0,355.5738037681159
6.7,7.9,14111.0,2.9,0.1,10725.0,21000.0,324.05852289855073
5.7,7.6,868.0,4.2,0.4,5.0,57.0,90.76887246376812
6.2,8.0,899.0,3.1,0.1,10275.0,16500.0,316.1287176811594
4.8,7.6,14426.0,10.4,0.1,32.0,148.0,153.54773507246375
4.2,7.8,589.0,4.0,0.1,23575.0,50250.0,631.5320568115942
6.8,7.5,2870.0,2.5,0.1,582.0,1114.0,82.08439594202899
6.5,6.9,1690.0,1.5,0.1,555.0,1331.0,63.451096811594205
6.5,7.1,3110.0,1.6,0.1,1243.0,2056.0,83.4849968115942
7.2,7.2,70.0,1.6,0.1,1554.0,2887.0,88.24050811594205
7.2,6.8,60.0,2.1,0.1,5778.0,10403.0,180.72422811594203
7.4,7.1,80.0,1.4,0.1,475.0,1010.0,59.51529420289855
7.2,6.9,80.0,1.3,0.1,1009.0,1938.0,68.12582811594204
7.4,7.0,66.0,2.0,0.1,700.0,1451.0,68.15693420289855
6.3,6.6,66.0,1.6,0.1,1427.0,3293.0,79.43603072463767
6.4,7.3,103.0,4.0,0.24,126.0,753.0,83.0642904347826
6.7,7.4,103.0,3.9,0.22,64.0,644.0,81.07546289855071
6.6,7.5,97.0,3.7,0.25,16.0,169.0,80.35880985507248
5.7,7.2,531.0,5.3,0.75,116.0,456.0,96.06707913043476
6.4,7.1,113.0,3.9,0.47,60.0,400.0,77.19817710144926
6.6,7.2,88.0,3.9,0.45,228.0,1146.0,81.84123652173913
6.2,7.3,117.0,4.0,0.5,169.0,638.0,84.98297101449273
5.5,6.6,1314.0,1.7,0.4,290.0,668.0,58.77208637681159
7.5,6.8,32.0,0.8,0.3,200.0,738.0,42.38897391304348
6.7,6.8,42.0,1.0,0.4,230.0,804.0,48.69872289855073
6.9,6.7,73.0,0.5,0.2,688.0,1242.0,51.77766231884058
6.8,6.9,7920.0,0.5,0.2,391.0,813.0,50.79900927536234
7.4,7.2,49.0,1.1,0.3,327.0,641.0,55.258760869565215
7.2,6.8,58.0,1.5,0.3,173.0,556.0,49.3976147826087
6.8,6.6,115.0,2.0,0.5,148.0,635.0,51.77524927536232
0.8,6.8,2156.0,7.4,1.0,14825.0,20733.0,461.20021333333335
7.1,6.1,34.0,0.6,0.5,1300.0,1975.0,54.995368405797095
5.9,6.2,52.0,0.5,0.6,1100.0,1775.0,57.17010521739132
5.1,6.2,55.0,1.1,0.4,1275.0,2000.0,70.22579420289856
6.7,6.2,43.0,0.7,0.4,1325.0,2100.0,60.111962898550736
5.8,6.2,34.0,0.6,0.3,975.0,1625.0,55.70413217391307
6.4,6.2,39.0,0.7,0.4,1375.0,1900.0,62.61534376811594
6.6,6.3,41.0,0.6,0.3,1033.0,1442.0,54.834516521739125
5.4,6.2,47.0,0.7,0.5,1250.0,1825.0,64.65990666666667
6.7,6.7,80.0,1.3,0.5,1655.0,3050.0,81.62423623188407
6.4,7.0,112.0,1.4,0.7,3850.0,5725.0,138.28760376811596
6.3,7.1,83.0,1.0,0.4,643.0,1080.0,65.02811072463768
6.2,6.5,95.0,0.8,1.2,1075.0,2550.0,63.28350434782608
6.9,6.4,41.0,0.5,0.2,83.0,285.0,32.98158231884058
6.8,6.5,51.0,0.5,0.2,98.0,435.0,35.56536927536233
6.6,6.9,11654.0,0.7,0.3,338.0,963.0,53.22569652173913
7.0,7.2,11962.0,0.3,0.3,68.0,550.0,46.978448695652176
7.5,6.9,52.0,0.5,0.2,138.0,685.0,40.08098057971015
7.4,6.8,68.0,0.3,0.2,160.0,725.0,37.554187536231886
2.8,6.6,1239.0,2.3,0.6,263.0,645.0,76.47624086956525
6.2,7.6,380.0,0.5,0.5,1318.0,24583.0,89.92763101449275
7.9,7.9,382.0,2.1,0.21,993.0,2700.0,89.09232608695653
7.2,7.7,244.0,1.2,0.51,980.0,1793.0,80.5367347826087
6.7,7.6,231.0,1.5,0.56,1460.0,3133.0,94.76717623188408
7.0,8.1,637.0,3.5,1.2,4.0,10.0,87.00254869565217
7.5,6.5,65.0,1.0,0.15,108.0,319.0,36.81685391304348
6.8,6.5,88.0,0.9,0.11,111.0,233.0,39.34732927536232
6.8,6.5,128.0,1.8,0.15,295.0,507.0,51.45398260869565
7.8,7.2,250.0,1.9,0.15,128.0,249.0,55.95969304347827
7.2,6.4,71.0,1.2,0.12,67.0,165.0,37.3525747826087
7.4,6.5,71.0,1.5,0.12,98.0,189.0,41.472380869565214
7.6,7.1,428.0,2.5,0.15,226.0,443.0,62.74470695652174
6.8,7.2,856.0,2.1,0.32,213.0,348.0,64.59314927536234
7.3,7.3,152.0,2.0,1.28,333.0,998.0,65.78359449275362
6.9,7.2,58.0,1.0,0.1,14.0,55.0,49.712888985507234
7.0,7.2,56.0,1.0,0.1,4.0,16.5,49.00189202898551
7.9,7.9,385.0,2.5,0.25,11.0,24.0,70.34723942028985
3.9,7.9,2422.0,74.8,0.78,4.0,10.0,729.9386243478261
4.9,7.6,972.0,19.6,1.8,328.0,718.0,238.3980347826087
7.4,7.5,413.0,2.1,1.23,1663.0,10775.0,101.25560086956524
6.1,7.8,632.0,8.1,2.9,37250.0,162500.0,985.9126979710144
6.7,7.6,425.0,7.4,2.88,22250.0,78750.0,623.3850495652175
6.3,7.7,619.0,7.3,3.28,28250.0,125000.0,769.0216107246378
6.4,7.7,439.0,4.2,2.2,60275.0,440750.0,1518.159143768116
6.5,7.7,686.0,9.8,2.6,19750.0,105000.0,597.8798301449276
6.4,7.8,754.0,13.8,2.53,56500.0,227500.0,1474.637223768116
6.3,7.7,615.0,8.2,3.7,34500.0,622500.0,1024.6084507246378
6.2,7.6,457.0,3.7,2.23,8633.0,49000.0,285.4933576811594
6.0,7.8,690.0,9.6,3.0,16250.0,117500.0,525.6954782608695
5.9,7.8,692.0,11.1,3.5,94000.0,222500.0,2280.8846718840578
5.9,7.7,699.0,10.4,3.33,60500.0,967500.0,1696.4852252173914
6.5,8.2,1315.0,2.2,0.05,4.0,10.0,79.6598101449275
6.8,7.2,55.0,50.0,0.27,4.0,10.0,483.7290026086956
6.8,7.4,55.0,50.0,0.4,4.0,10.0,487.2152159420289
1.0,7.3,55.0,49.7,0.6,4.0,10.0,510.7485260869566
5.6,7.4,168.0,2.2,0.38,5.0,16.0,69.90875275362319
6.7,7.9,135.0,0.4,0.1,4.0,3.0,57.30036289855074
6.5,7.9,195.0,0.6,0.1,4.0,3.0,60.04613681159422
7.3,7.8,219.0,0.5,0.1,4.0,10.0,53.583061159420296
7.7,7.9,227.0,0.4,0.1,4.0,15.0,52.512373333333336
6.2,7.0,132.0,1.6,0.1,4.0,102.0,54.725317681159424
6.4,7.4,137.0,2.1,0.1,4.0,58.0,65.12456376811593
6.4,7.6,200.0,1.0,0.1,4.0,36.0,58.86838376811593
7.0,7.6,210.0,2.4,0.1,100.0,137.0,70.52068202898549
3.6,7.2,249.0,4.9,0.1,4.0,383.0,100.00473855072464
3.7,7.5,224.0,4.0,0.1,4.0,394.0,96.76177159420288
7.1,7.3,156.0,2.0,0.1,4.0,89.0,59.14675507246377
7.1,7.2,127.0,2.0,0.1,4.0,60.0,57.39799507246377
5.8,7.6,258.0,1.7,0.1,4.0,118.0,67.98210550724636
8.4,7.9,383.0,0.8,0.1,4.0,180.0,52.75618463768117
8.1,7.2,221.0,5.4,1.95,213.0,373.0,87.59463217391306
6.1,3.1,738.0,5.5,2.73,32.0,45.0,23.052331304347824
8.0,7.0,164.0,1.7,1.6,1600.0,2067.0,82.82589246376811
5.4,7.2,153.0,1.7,1.78,213.0,278.0,67.77713333333334
7.0,7.0,161.0,1.7,2.43,250.0,375.0,57.51960869565218
5.2,7.4,120.0,1.4,0.05,203.0,280.0,69.13874057971015
4.7,7.4,139.0,1.5,0.11,308.0,440.0,74.79581536231885
5.4,7.4,128.0,3.0,0.06,353.0,565.0,85.72032
6.9,7.2,233.0,1.5,0.1,4.0,119.0,53.97046898550724
6.8,7.61,168.2,1.5,10.3,4.0,10.0,62.646119942029
7.102,7.945,307.5,1.525,0.11,26.0,50.0,66.64167666666668
5.35,7.935,735.0,4.7,0.835,27650.0,15000.0,716.9545368115942
7.05,7.995,535.0,4.7,1.195,13400.0,33500.0,398.9580185507247
6.5,8.14,16410.0,5.3,1.397,9200.0,2400.0,313.28498214492754
6.8,7.885,896.5,15.0,0.42,3.0,10.0,185.98003260869564
5.6,8.173,3660.0,4.6,0.46,4500.0,6867.0,206.19653942028987
6.085,7.695,933.0,3.2,0.153,450.0,1550.0,91.8641423478261
6.055,7.605,6715.0,4.3,0.222,45.0,140.0,92.20215243478262
7.93,8.32,2160.0,1.46,0.277,4.0,5.0,68.52260533333333
4.9,7.943,504.7,3.1,0.603,1810.0,2367.0,131.17581678260868
6.625,7.725,149.3,2.175,0.123,2.0,60.0,70.30947878260868
5.175,6.95,464.0,1.5,0.7,75.0,255.0,59.644658985507256
6.4,7.45,142.8,2.025,0.155,1787.0,4073.0,105.62355310144928
6.2,7.9,218.0,1.575,0.615,4.0,85.0,70.19950434782608
7.4,6.733,344.3,1.7,0.9,33.0,160.0,45.99018686956521
7.6,6.775,213.3,1.3,0.173,133.0,3275.0,45.00332762318842
7.35,7.1,214.8,1.425,0.15,41.0,285.0,50.26136034782608
7.675,6.875,103.3,1.025,3.367,18.0,96.0,41.02834307246376
7.125,7.55,418.3,1.725,0.45,18.0,106.0,61.34129599999999
7.0,6.725,497.3,1.575,0.135,1956.0,5425.0,90.27577469565216
6.543,7.229,130.4,4.014,0.307,8.0,187.0,78.54873742028984
6.7,7.307,121.5,3.857,0.264,9.0,162.0,77.7676875652174
7.1,7.507,102.5,4.633,0.21,10.0,152.0,86.19430773913044
6.333,7.277,542.0,5.4,7.187,15.0,207.0,93.66303736231886
6.471,7.379,204.3,3.729,0.309,10.0,174.0,79.03411669565217
6.371,7.061,214.0,4.5,0.346,18.0,292.0,81.02855498550724
6.7,7.44,153.3,4.4,0.65,23.0,305.0,85.27326223188408
6.2,6.457,881.1,1.757,0.326,253.0,541.0,52.47759301449274
7.286,6.586,82.9,1.071,0.233,222.0,470.0,42.533464666666674
6.525,6.5,124.1,1.313,0.227,334.0,844.0,49.4096484057971
6.917,6.95,185.4,0.467,0.112,165.0,433.0,44.02258820289856
6.8,7.043,8489.9,0.414,0.153,238.0,473.0,49.18435660869566
7.075,7.25,107.3,0.988,0.369,238.0,384.0,54.69579947826087
7.013,6.712,151.4,1.4,0.397,262.0,485.0,49.86680072463767
6.787,6.65,119.3,1.637,0.4,294.0,574.0,52.69570724637682
4.1,6.775,511.4,6.788,1.373,2150.0,3100.0,155.15512910144926
6.9,6.8,224.0,0.733,0.438,2000.0,2500.0,84.9073796521739
6.867,6.833,292.7,0.633,0.575,1900.0,2400.0,82.55191101449277
6.467,6.6,240.0,1.033,0.66,2100.0,2733.0,88.46313817391302
6.667,6.933,268.0,0.933,0.893,2333.0,3300.0,97.70231892753624
6.967,6.933,268.0,0.833,0.4,1600.0,2233.0,78.88591672463768
6.733,6.867,324.0,0.933,0.455,1973.0,2233.0,88.01273353623188
6.714,6.957,143.4,0.671,0.449,1457.0,2171.0,75.88968805797101
6.733,6.733,242.7,0.9,0.743,1867.0,2833.0,83.19737953623188
7.233,6.867,75.7,1.1,0.853,1600.0,2300.0,78.84591142028985
6.233,6.9,104.7,0.867,1.267,1300.0,2233.0,75.57404898550726
6.867,7.067,336.7,0.533,0.285,60.0,455.0,44.6150243478261
6.433,6.667,339.3,0.6,0.292,440.0,967.0,48.864003072463774
7.033,6.533,141.3,0.533,0.135,193.0,740.0,37.488792
6.633,7.067,237.0,0.633,0.45,337.0,800.0,52.81967382608696
6.833,7.0,18389.0,0.7,0.345,173.0,583.0,51.59728391304348
7.033,7.033,241.0,0.267,0.232,345.0,1260.0,47.32029933333333
7.0,7.133,302.0,0.7,0.168,323.0,933.0,52.49625669565218
3.5,6.567,1285.3,2.133,0.347,220.0,443.0,70.04525284057969
6.243,7.253,405.6,0.857,1.269,3333.0,21469.0,130.79313695652175
6.9,8.2,211.0,2.8,2.12,1400.0,2200.0,114.36350231884056
7.8,8.5,197.0,0.6,3.01,1700.0,3500.0,102.7775463768116
7.3,8.6,528.0,0.9,4.8,4.0,10.0,71.59370782608696
7.95,6.565,188.5,1.5,0.08,24.0,66.0,38.31381927536232
5.8,6.6,107.0,1.0,0.265,25.0,58.0,44.86142550724638
6.975,6.725,144.3,1.5,0.22,34.0,98.0,46.01563976811593
5.35,7.19,216.3,1.325,0.263,11.0,31.0,59.85410414492755
7.525,6.61,93.3,1.5,0.283,10.0,26.0,40.82268950724638
7.15,6.56,141.0,1.1,0.25,22.0,73.0,38.50039159420289
4.325,7.045,547.0,2.075,0.25,25.0,109.0,69.30493811594202
6.925,7.633,552.0,2.0,0.217,325.0,570.0,73.06936924637682
6.825,7.125,299.3,3.667,1.525,316.0,771.0,79.42059420289854
6.7,7.267,92.7,1.333,0.1,6.0,41.0,54.61365289855074
6.75,7.3,169.3,1.667,0.1,29.0,47.0,58.42902942028986
5.87,7.84,895.5,4.35,0.1,4.0,10.0,95.38603463768116
6.033,7.367,323.3,3.267,0.667,2390.0,6867.0,130.97911489855073
5.1,7.85,785.0,12.0,1.65,3050.0,36500.0,242.4713608695652
4.867,7.367,568.0,12.0,1.367,3500.0,27667.0,243.13047214492755
4.833,7.533,760.0,13.333,1.933,2300.0,30000.0,232.0729003768116
5.1,7.367,388.0,6.933,1.4,2723.0,43067.0,183.33676353623187
6.8,7.3,433.5,5.4,1.35,635.0,9250.0,106.84505260869568
4.2,7.367,758.0,14.667,1.7,34033.0,83667.0,957.1251141449276
5.533,7.3,453.3,9.333,1.567,35760.0,88333.0,941.4441816811596
5.2,7.3,391.3,6.267,1.4,23723.0,54067.0,642.3178505797101
4.2,7.733,825.3,21.0,1.4,10500.0,76667.0,497.9012961449274
4.033,7.667,855.0,21.333,1.767,17433.0,148667.0,669.6126266956522
4.133,7.633,811.3,20.333,1.667,38700.0,110333.0,1121.2359724057972
6.65,7.875,914.5,43.0,0.824,9650.0,16900.0,651.3466937101448
7.2,9.01,340.5,4.6,2.955,12.0,23.0,111.8814847826087
6.1,7.1,55.0,3.1,0.3,4.0,14.0,70.2059713043478
0.6,7.3,646.0,87.0,6.8,4.0,10.0,843.6603605797101
7.2,7.0,183.0,5.2,2.6,140.0,180.0,85.08896144927535
4.6,3.0,350.0,6.2,2.2,33.0,49.0,34.608708985507256
8.8,7.0,172.0,1.6,5.0,1800.0,2800.0,83.04675014492753
10.0,7.1,150.0,1.0,4.0,240.0,350.0,38.569333333333326
9.0,7.3,158.0,1.8,7.2,220.0,280.0,53.828029565217385
7.767,7.543,55.0,0.5,0.1,4.0,10.0,46.83878507246377
7.167,8.143,55.0,0.6,0.1,4.0,10.0,61.02650681159421
8.533,7.857,170.0,0.4,0.1,4.0,10.0,47.744798985507245
8.867,7.793,216.0,0.5,0.1,4.0,10.0,45.92224855072464
5.6,7.65,375.2,1.758,1.995,2636.0,18417.0,132.75164608695653
6.8,7.76,233.3,10.825,5.657,4.0,10.0,147.3017072753623
6.8,7.2,55.0,1.0,1.01,1200.0,37000.0,84.63130927536234
7.2,7.84,342.8,1.764,0.528,78.0,230.0,67.70530678260869
5.0,7.22,18370.3,19.663,0.452,9625.0,13525.0,443.8393084927536
6.2,8.11,480.0,11.333,0.39,14050.0,18810.0,474.79206034782607
7.2,8.07,580.0,4.0,0.37,150.0,280.0,93.12828811594204
6.2,7.98,11125.0,5.0,0.39,7147.0,50350.0,273.1999443478261
3.9,7.92,1039.0,14.847,1.412,6.0,36.0,199.3966270144928
7.2,7.42,246.9,4.632,0.791,10011.0,118311.0,331.3064194492754
6.9,6.44,302.9,2.304,0.231,12.0,116.0,48.09971765217392
7.8,6.69,255.9,2.754,0.348,13.0,140.0,52.12316704347828
6.7,7.35,346.1,1.893,0.973,13.0,148.0,61.34108889855072
8.3,6.68,348.9,2.503,1.686,13.0,155.0,47.49232826086956
8.1,6.18,187.4,2.375,0.196,12.0,155.0,38.42090950724637
7.7,6.55,121.8,2.242,1.136,13.0,164.0,45.70356266666666
8.6,6.56,181.4,2.423,0.276,24.0,155.0,43.309797391304336
7.7,6.45,302.5,2.144,0.163,10.0,142.0,42.96229933333333
7.4,6.07,142.8,1.681,0.276,12.0,140.0,33.731264869565216
7.0,8.16,4545.0,4.165,0.343,9593.0,27550.0,312.6724900289855
5.9,7.36,761.0,6.1,0.083,1200.0,4600.0,129.80985988405797
5.7,7.62,665.0,2.12,0.86,1050.0,6000.0,97.11150579710144
6.1,8.0,602.5,5.64,1.035,38143.0,38428.0,959.837841304348
6.3,8.05,634.3,13.0,10.89,4.0,75.0,174.66930339130437
7.1,7.2,280.5,1.6,0.48,74.0,95.0,55.48721173913044
7.4,7.27,253.3,1.333,0.17,4.0,37.0,51.29602953623186
7.3,7.3,236.7,4.0,0.08,4.0,58.0,75.89732849275362
5.9,6.6,1359.5,1.755,0.326,170.0,387.0,54.62269788405796
7.4,6.68,39.3,1.164,0.204,125.0,298.0,42.245798869565206
7.1,6.75,41.9,1.325,0.18,147.0,378.0,46.831179739130434
6.8,6.92,70.8,0.458,0.117,151.0,353.0,43.63332660869566
6.8,6.98,7179.1,0.475,0.206,211.0,466.0,47.749827275362335
6.8,7.03,36.8,1.117,0.146,118.0,624.0,50.70240527536232
7.2,6.76,59.8,1.692,0.449,127.0,357.0,49.35910544927535
6.2,6.63,106.8,1.275,0.444,128.0,360.0,48.25444434782609
6.6,6.77,250.7,1.383,1.54,2433.0,3383.0,101.47355985507248
6.9,6.95,51.3,0.625,0.518,1525.0,3100.0,76.16061631884058
6.0,6.75,641.0,0.975,0.792,1900.0,3600.0,88.67379026086957
5.4,6.85,73.3,1.075,0.457,4955.0,8375.0,162.58599133333334
6.7,6.93,65.0,0.675,0.77,2100.0,4200.0,90.19825623188407
6.9,6.85,56.3,0.575,0.383,1933.0,3400.0,83.05115631884057
6.5,6.98,59.3,0.575,0.345,1333.0,2600.0,73.79280947826088
6.8,7.06,63.3,0.567,0.404,1769.0,2825.0,83.35996327536233
5.8,6.73,73.0,0.7,0.315,1925.0,3500.0,87.20785217391305
6.8,6.8,69.8,0.7,0.61,1100.0,1775.0,65.03173194202898
7.1,6.83,80.0,0.7,0.835,850.0,1475.0,58.54511507246377
6.3,7.15,65.5,1.05,0.223,98.0,595.0,54.164308724637685
6.3,6.95,77.5,0.65,0.208,253.0,775.0,50.61760872463768
6.9,6.65,34.0,0.5,0.095,130.0,215.0,38.331862318840585
6.4,6.75,49.3,0.675,0.193,197.0,350.0,45.546877768115934
6.8,7.35,18568.3,1.15,0.14,215.0,660.0,62.77761527536232
7.1,6.98,58.3,0.55,0.152,123.0,510.0,43.46286640579711
7.0,7.23,67.5,0.425,0.09,140.0,453.0,47.53585869565218
2.4,6.43,1041.3,2.025,1.05,133.0,373.0,70.08795469565219
6.7,7.56,128.4,4.942,0.447,11.0,250.0,91.8492735652174
6.8,7.68,123.2,4.475,0.4,12.0,236.0,89.33023994202898
6.5,7.33,135.8,4.4,0.33,13.0,208.0,84.04465947826087
5.1,7.45,5168.8,9.875,1.81,7.0,210.0,142.46469020289854
6.5,7.34,128.5,5.125,0.819,11.0,230.0,90.64845747826088
6.6,7.47,143.8,4.958,0.667,16.0,358.0,91.07129385507244
6.6,7.75,136.8,4.5,0.505,15.0,203.0,91.80242585507246
7.9,7.85,76.5,3.0,0.1,4.0,55.0,73.67308942028984
7.4,7.0,82.3,2.027,0.1,4.0,44.0,52.70838420289856
7.0,7.9,77.5,3.525,0.1,4.0,45.0,83.5161920289855
6.9,7.73,85.3,3.233,0.1,4.0,63.0,78.46697098550723
7.3,7.77,128.3,4.043,0.1,4.0,66.0,84.41726315942027
8.0,7.8,132.0,3.4,0.1,4.0,54.0,75.8767924637681
5.5,6.58,121.3,11.57,0.1,4.0,315.0,139.1006723768116
7.0,7.43,136.7,8.693,0.1,4.0,252.0,121.16269202898548
6.6,7.15,199.0,7.475,2.1,208.0,288.0,112.19319652173915
6.4,3.05,605.0,5.067,4.8,18.0,45.0,16.7958144347826
7.1,7.03,147.3,2.1,1.0,1675.0,2300.0,92.85676107246378
8.1,7.03,148.3,1.967,0.1,230.0,307.0,54.39743550724639
8.3,7.1,152.0,2.133,0.1,270.0,413.0,57.02802759420288
7.4,6.6,55.0,1.5,0.1,4.0,10.0,41.085894202898544
6.8,6.3,55.0,1.5,0.1,4.0,10.0,38.76441594202899
6.1,7.15,55.0,1.5,0.1,4.0,10.0,56.88802463768116
7.5,7.2,55.0,1.5,0.1,4.0,10.0,51.02080724637681
7.5,7.8,286.5,1.775,0.51,7448.0,17625.0,232.35456391304348
6.0,7.55,214.5,3.125,0.895,2600.0,10950.0,138.5980215942029
6.3,7.43,201.3,2.175,0.76,2825.0,4500.0,130.19799672463768
6.1,8.33,868.5,1.5,1.975,4.0,10.0,77.75679463768117
8.1,7.86,342.3,2.747,0.24,4.0,10.0,70.70884217391304
7.3,7.3,157.0,2.067,0.55,153.0,348.0,62.17696515942029
4.9,7.33,494.7,14.533,2.2,1233.0,18000.0,212.59901811594204
6.3,7.58,379.8,6.7,1.575,1640.0,4963.0,146.89903339130436
6.1,7.58,490.0,14.25,2.425,4875.0,27500.0,291.2626246376812
6.8,7.43,337.5,4.25,1.225,1175.0,3043.0,109.455725942029
6.7,7.38,333.5,3.85,1.575,548.0,11050.0,93.47023956521738
5.9,7.48,428.0,8.35,2.2,4050.0,22025.0,218.7867585507246
6.5,7.4,361.8,4.3,1.9,1158.0,15875.0,113.34727281159422
6.9,7.4,322.0,3.75,0.975,200.0,3500.0,82.5501356521739
5.1,7.48,496.5,14.7,2.3,4325.0,23500.0,285.27365753623195
5.0,7.4,515.3,14.76,2.08,8860.0,37320.0,388.14104715942034
5.1,7.43,503.3,16.25,2.3,12938.0,44000.0,492.9850535362319
4.4,8.23,390.0,1.39,0.08,14.0,150.0,83.16489623188409
4.2,8.52,380.0,1.26,0.16,28.0,1100.0,88.5356568115942
4.0,7.65,729.0,36.0,2.89,1190.0,2950.0,408.3755707246376
8.0,8.31,617.0,4.4,0.655,14.0,30.0,93.96549246376811
5.0,7.92,160.0,1.443,0.153,17.0,149.0,75.38939182608696
7.5,7.53,87.3,1.407,0.567,32.0,133.0,56.63039591304347
6.6,7.27,162.3,3.555,0.292,46.0,156.0,75.76156785507244
6.8,7.12,172.3,1.723,0.198,62.0,283.0,56.35199260869566
6.7,7.6,277.8,1.229,0.183,12.0,33.0,59.65456156521739
7.1,6.94,95.8,0.943,0.151,10.0,26.0,43.65166307246377
7.4,7.0,88.5,0.977,0.186,27.0,105.0,43.94627086956521
6.6,7.81,603.2,2.675,0.263,40.0,191.0,77.31513518840579
6.6,7.49,571.5,2.091,0.256,151.0,273.0,69.05376785507246
5.4,7.16,75.8,2.092,0.1,404.0,513.0,74.6248533333333
5.4,7.37,104.8,1.802,0.215,456.0,557.0,76.88120666666666
5.3,7.37,102.2,2.552,0.202,526.0,583.0,85.55202028985508
